[?2026h[?25l[1Ggathering model components ⠋ [K[?25h[?2026l[?2026h[?25l[1Ggathering model components ⠹ [K[?25h[?2026l[?2026h[?25l[1Ggathering model components ⠹ [K[?25h[?2026l[?2026h[?25l[1Ggathering model components ⠸ [K[?25h[?2026l[?2026h[?25l[1Ggathering model components ⠴ [K[?25h[?2026l[?2026h[?25l[1Ggathering model components ⠴ [K[?25h[?2026l[?2026h[?25l[1Ggathering model components ⠦ [K[?25h[?2026l[?2026h[?25l[1Ggathering model components ⠇ [K[?25h[?2026l[?2026h[?25l[1Ggathering model components ⠇ [K[?25h[?2026l[?2026h[?25l[1Ggathering model components ⠏ [K[?25h[?2026l[?2026h[?25l[1Ggathering model components ⠙ [K[?25h[?2026l[?2026h[?25l[1Ggathering model components ⠙ [K[?25h[?2026l[?2026h[?25l[1Ggathering model components ⠹ [K[?25h[?2026l[?2026h[?25l[1Ggathering model components ⠼ [K[?25h[?2026l[?2026h[?25l[1Ggathering model components ⠼ [K[?25h[?2026l[?2026h[?25l[1Ggathering model components ⠴ [K[?25h[?2026l[?2026h[?25l[1Ggathering model components ⠧ [K[?25h[?2026l[?2026h[?25l[1Ggathering model components ⠧ [K[?25h[?2026l[?2026h[?25l[1Ggathering model components ⠇ [K[?25h[?2026l[?2026h[?25l[1Ggathering model components ⠋ [K[?25h[?2026l[?2026h[?25l[1Ggathering model components ⠋ [K[?25h[?2026l[?2026h[?25l[1Ggathering model components ⠙ [K[?25h[?2026l[?2026h[?25l[1Ggathering model components ⠸ [K[?25h[?2026l[?2026h[?25l[1Ggathering model components ⠸ [K[?25h[?2026l[?2026h[?25l[1Ggathering model components ⠼ [K[?25h[?2026l[?2026h[?25l[1Ggathering model components ⠦ [K[?25h[?2026l[?2026h[?25l[1Ggathering model components ⠦ [K[?25h[?2026l[?2026h[?25l[1Ggathering model components ⠧ [K[?25h[?2026l[?2026h[?25l[1Ggathering model components ⠏ [K[?25h[?2026l[?2026h[?25l[1Ggathering model components ⠏ [K[?25h[?2026l[?2026h[?25l[1Ggathering model components ⠋ [K[?25h[?2026l[?2026h[?25l[1Ggathering model components ⠙ [K[?25h[?2026l[?2026h[?25l[1Ggathering model components ⠸ [K[?25h[?2026l[?2026h[?25l[1Ggathering model components ⠸ [K[?25h[?2026l[?2026h[?25l[1Ggathering model components ⠼ [K[?25h[?2026l[?2026h[?25l[1Ggathering model components ⠦ [K[?25h[?2026l[?2026h[?25l[1Ggathering model components ⠦ [K[?25h[?2026l[?2026h[?25l[1Ggathering model components ⠧ [K[?25h[?2026l[?2026h[?25l[1Ggathering model components ⠏ [K[?25h[?2026l[?2026h[?25l[1Ggathering model components ⠏ [K[?25h[?2026l[?2026h[?25l[1Ggathering model components ⠋ [K[?25h[?2026l[?2026h[?25l[1Ggathering model components ⠙ [K[?25h[?2026l[?2026h[?25l[1Ggathering model components ⠸ [K[?25h[?2026l[?2026h[?25l[1Ggathering model components ⠸ [K[?25h[?2026l[?2026h[?25l[1Ggathering model components ⠼ [K[?25h[?2026l[?2026h[?25l[1Ggathering model components ⠦ [K[?25h[?2026l[?2026h[?25l[1Ggathering model components ⠦ [K[?25h[?2026l[?2026h[?25l[1Ggathering model components ⠧ [K[?25h[?2026l[?2026h[?25l[1Ggathering model components ⠏ [K[?25h[?2026l[?2026h[?25l[1Ggathering model components ⠏ [K[?25h[?2026l[?2026h[?25l[1Ggathering model components ⠋ [K[?25h[?2026l[?2026h[?25l[1Ggathering model components ⠙ [K[?25h[?2026l[?2026h[?25l[1Ggathering model components ⠸ [K[?25h[?2026l[?2026h[?25l[1Ggathering model components ⠸ [K[?25h[?2026l[?2026h[?25l[1Ggathering model components ⠼ [K[?25h[?2026l[?2026h[?25l[1Ggathering model components ⠦ [K[?25h[?2026l[?2026h[?25l[1Ggathering model components ⠦ [K[?25h[?2026l[?2026h[?25l[1Ggathering model components ⠧ [K[?25h[?2026l[?2026h[?25l[1Ggathering model components ⠏ [K[?25h[?2026l[?2026h[?25l[1Ggathering model components ⠏ [K[?25h[?2026l[?2026h[?25l[1Ggathering model components ⠋ [K[?25h[?2026l[?2026h[?25l[1Ggathering model components ⠹ [K[?25h[?2026l[?2026h[?25l[1Ggathering model components ⠹ [K[?25h[?2026l[?2026h[?25l[1Ggathering model components ⠸ [K[?25h[?2026l[?2026h[?25l[1Ggathering model components ⠴ [K[?25h[?2026l[?2026h[?25l[1Ggathering model components ⠴ [K[?25h[?2026l[?2026h[?25l[1Ggathering model components ⠦ [K[?25h[?2026l[?2026h[?25l[1Ggathering model components ⠧ [K[?25h[?2026l[?2026h[?25l[1Ggathering model components ⠏ [K[?25h[?2026l[?2026h[?25l[1Ggathering model components ⠏ [K[?25h[?2026l[?2026h[?25l[1Ggathering model components ⠋ [K[?25h[?2026l[?2026h[?25l[1Ggathering model components ⠹ [K[?25h[?2026l[?2026h[?25l[1Ggathering model components ⠹ [K[?25h[?2026l[?2026h[?25l[1Ggathering model components ⠸ [K[?25h[?2026l[?2026h[?25l[1Ggathering model components ⠴ [K[?25h[?2026l[?2026h[?25l[1Ggathering model components ⠴ [K[?25h[?2026l[?2026h[?25l[1Ggathering model components ⠦ [K[?25h[?2026l[?2026h[?25l[1Ggathering model components ⠧ [K[?25h[?2026l[?2026h[?25l[1Ggathering model components ⠏ [K[?25h[?2026l[?2026h[?25l[1Ggathering model components ⠏ [K[?25h[?2026l[?2026h[?25l[1Ggathering model components ⠋ [K[?25h[?2026l[?2026h[?25l[1Ggathering model components ⠹ [K[?25h[?2026l[?2026h[?25l[1Ggathering model components ⠹ [K[?25h[?2026l[?2026h[?25l[1Ggathering model components ⠸ [K[?25h[?2026l[?2026h[?25l[1Ggathering model components ⠴ [K[?25h[?2026l[?2026h[?25l[1Ggathering model components ⠴ [K[?25h[?2026l[?2026h[?25l[1Ggathering model components ⠧ [K[?25h[?2026l[?2026h[?25l[1Ggathering model components ⠧ [K[?25h[?2026l[?2026h[?25l[1Ggathering model components ⠇ [K[?25h[?2026l[?2026h[?25l[1Ggathering model components ⠋ [K[?25h[?2026l[?2026h[?25l[1Ggathering model components ⠋ [K[?25h[?2026l[?2026h[?25l[1Ggathering model components ⠙ [K[?25h[?2026l[?2026h[?25l[1Ggathering model components ⠸ [K[?25h[?2026l[?2026h[?25l[1Ggathering model components ⠸ [K[?25h[?2026l[?2026h[?25l[1Ggathering model components ⠼ [K[?25h[?2026l[?2026h[?25l[1Ggathering model components ⠴ [K[?25h[?2026l[?2026h[?25l[1Ggathering model components ⠧ [K[?25h[?2026l[?2026h[?25l[1Ggathering model components ⠧ [K[?25h[?2026l[?2026h[?25l[1Ggathering model components ⠇ [K[?25h[?2026l[?2026h[?25l[1Ggathering model components ⠋ [K[?25h[?2026l[?2026h[?25l[1Ggathering model components ⠋ [K[?25h[?2026l[?2026h[?25l[1Ggathering model components ⠙ [K[?25h[?2026l[?2026h[?25l[1Ggathering model components ⠸ [K[?25h[?2026l[?2026h[?25l[1Ggathering model components ⠸ [K[?25h[?2026l[?2026h[?25l[1Ggathering model components ⠼ [K[?25h[?2026l[?2026h[?25l[1Ggathering model components ⠴ [K[?25h[?2026l[?2026h[?25l[1Ggathering model components ⠧ [K[?25h[?2026l[?2026h[?25l[1Ggathering model components ⠧ [K[?25h[?2026l[?2026h[?25l[1Ggathering model components ⠇ [K[?25h[?2026l[?2026h[?25l[1Ggathering model components ⠋ [K[?25h[?2026l[?2026h[?25l[1Ggathering model components ⠋ [K[?25h[?2026l[?2026h[?25l[1Ggathering model components ⠙ [K[?25h[?2026l[?2026h[?25l[1Ggathering model components ⠸ [K[?25h[?2026l[?2026h[?25l[1Ggathering model components ⠸ [K[?25h[?2026l[?2026h[?25l[1Ggathering model components ⠼ [K[?25h[?2026l[?2026h[?25l[1Ggathering model components ⠦ [K[?25h[?2026l[?2026h[?25l[1Ggathering model components ⠦ [K[?25h[?2026l[?2026h[?25l[1Ggathering model components ⠧ [K[?25h[?2026l[?2026h[?25l[1Ggathering model components ⠇ [K[?25h[?2026l[?2026h[?25l[1Ggathering model components ⠋ [K[?25h[?2026l[?2026h[?25l[1Ggathering model components ⠋ [K[?25h[?2026l[?2026h[?25l[1Ggathering model components ⠙ [K[?25h[?2026l[?2026h[?25l[1Ggathering model components ⠸ [K[?25h[?2026l[?2026h[?25l[1Ggathering model components ⠸ [K[?25h[?2026l[?2026h[?25l[1Ggathering model components ⠼ [K[?25h[?2026l[?2026h[?25l[1Ggathering model components ⠦ [K[?25h[?2026l[?2026h[?25l[1Ggathering model components ⠦ [K[?25h[?2026l[?2026h[?25l[1Ggathering model components ⠧ [K[?25h[?2026l[?2026h[?25l[1Ggathering model components ⠏ [K[?25h[?2026l[?2026h[?25l[1Ggathering model components ⠏ [K[?25h[?2026l[?2026h[?25l[1Ggathering model components ⠋ [K[?25h[?2026l[?2026h[?25l[1Ggathering model components ⠹ [K[?25h[?2026l[?2026h[?25l[1Ggathering model components ⠸ [K[?25h[?2026l[?2026h[?25l[1Ggathering model components ⠸ [K[?25h[?2026l[?2026h[?25l[1Ggathering model components ⠼ [K[?25h[?2026l[?2026h[?25l[1Ggathering model components ⠦ [K[?25h[?2026l[?2026h[?25l[1Ggathering model components ⠦ [K[?25h[?2026l[?2026h[?25l[1Ggathering model components ⠧ [K[?25h[?2026l[?2026h[?25l[1Ggathering model components ⠇ [K[?25h[?2026l[?2026h[?25l[1Ggathering model components ⠏ [K[?25h[?2026l[?2026h[?25l[1Ggathering model components ⠋ [K[?25h[?2026l[?2026h[?25l[1Ggathering model components ⠹ [K[?25h[?2026l[?2026h[?25l[1Ggathering model components ⠹ [K[?25h[?2026l[?2026h[?25l[1Ggathering model components ⠸ [K[?25h[?2026l[?2026h[?25l[1Ggathering model components ⠼ [K[?25h[?2026l[?2026h[?25l[1Ggathering model components ⠦ [K[?25h[?2026l[?2026h[?25l[1Ggathering model components ⠦ [K[?25h[?2026l[?2026h[?25l[1Ggathering model components ⠧ [K[?25h[?2026l[?2026h[?25l[1Ggathering model components ⠏ [K[?25h[?2026l[?2026h[?25l[1Ggathering model components ⠏ [K[?25h[?2026l[?2026h[?25l[1Ggathering model components ⠋ [K[?25h[?2026l[?2026h[?25l[1Ggathering model components ⠹ [K[?25h[?2026l[?2026h[?25l[1Ggathering model components ⠹ [K[?25h[?2026l[?2026h[?25l[1Ggathering model components ⠸ [K[?25h[?2026l[?2026h[?25l[1Ggathering model components ⠴ [K[?25h[?2026l[?2026h[?25l[1Ggathering model components ⠴ [K[?25h[?2026l[?2026h[?25l[1Ggathering model components ⠦ [K[?25h[?2026l[?2026h[?25l[1Ggathering model components ⠇ [K[?25h[?2026l[?2026h[?25l[1Ggathering model components ⠏ [K[?25h[?2026l[?2026h[?25l[1Ggathering model components ⠏ [K[?25h[?2026l[?2026h[?25l[1Ggathering model components ⠋ [K[?25h[?2026l[?2026h[?25l[1Ggathering model components ⠹ [K[?25h[?2026l[?2026h[?25l[1Ggathering model components ⠹ [K[?25h[?2026l[?2026h[?25l[1Ggathering model components [K
copying file sha256:fadc3e5f8d42bf7e894a785b05082e47daee4df26680389817e2093056f088ad 0% ⠋ [K[?25h[?2026l[?2026h[?25l[A[1Ggathering model components [K
copying file sha256:fadc3e5f8d42bf7e894a785b05082e47daee4df26680389817e2093056f088ad 0% ⠙ [K[?25h[?2026l[?2026h[?25l[A[1Ggathering model components [K
copying file sha256:fadc3e5f8d42bf7e894a785b05082e47daee4df26680389817e2093056f088ad 0% ⠹ [K[?25h[?2026l[?2026h[?25l[A[1Ggathering model components [K
copying file sha256:fadc3e5f8d42bf7e894a785b05082e47daee4df26680389817e2093056f088ad 1% ⠸ [K[?25h[?2026l[?2026h[?25l[A[1Ggathering model components [K
copying file sha256:fadc3e5f8d42bf7e894a785b05082e47daee4df26680389817e2093056f088ad 1% ⠼ [K[?25h[?2026l[?2026h[?25l[A[1Ggathering model components [K
copying file sha256:fadc3e5f8d42bf7e894a785b05082e47daee4df26680389817e2093056f088ad 1% ⠴ [K[?25h[?2026l[?2026h[?25l[A[1Ggathering model components [K
copying file sha256:fadc3e5f8d42bf7e894a785b05082e47daee4df26680389817e2093056f088ad 2% ⠦ [K[?25h[?2026l[?2026h[?25l[A[1Ggathering model components [K
copying file sha256:fadc3e5f8d42bf7e894a785b05082e47daee4df26680389817e2093056f088ad 2% ⠧ [K[?25h[?2026l[?2026h[?25l[A[1Ggathering model components [K
copying file sha256:fadc3e5f8d42bf7e894a785b05082e47daee4df26680389817e2093056f088ad 3% ⠇ [K[?25h[?2026l[?2026h[?25l[A[1Ggathering model components [K
copying file sha256:fadc3e5f8d42bf7e894a785b05082e47daee4df26680389817e2093056f088ad 3% ⠏ [K[?25h[?2026l[?2026h[?25l[A[1Ggathering model components [K
copying file sha256:fadc3e5f8d42bf7e894a785b05082e47daee4df26680389817e2093056f088ad 3% ⠋ [K[?25h[?2026l[?2026h[?25l[A[1Ggathering model components [K
copying file sha256:fadc3e5f8d42bf7e894a785b05082e47daee4df26680389817e2093056f088ad 4% ⠙ [K[?25h[?2026l[?2026h[?25l[A[1Ggathering model components [K
copying file sha256:fadc3e5f8d42bf7e894a785b05082e47daee4df26680389817e2093056f088ad 4% ⠹ [K[?25h[?2026l[?2026h[?25l[A[1Ggathering model components [K
copying file sha256:fadc3e5f8d42bf7e894a785b05082e47daee4df26680389817e2093056f088ad 4% ⠸ [K[?25h[?2026l[?2026h[?25l[A[1Ggathering model components [K
copying file sha256:fadc3e5f8d42bf7e894a785b05082e47daee4df26680389817e2093056f088ad 5% ⠼ [K[?25h[?2026l[?2026h[?25l[A[1Ggathering model components [K
copying file sha256:fadc3e5f8d42bf7e894a785b05082e47daee4df26680389817e2093056f088ad 5% ⠴ [K[?25h[?2026l[?2026h[?25l[A[1Ggathering model components [K
copying file sha256:fadc3e5f8d42bf7e894a785b05082e47daee4df26680389817e2093056f088ad 6% ⠦ [K[?25h[?2026l[?2026h[?25l[A[1Ggathering model components [K
copying file sha256:fadc3e5f8d42bf7e894a785b05082e47daee4df26680389817e2093056f088ad 6% ⠧ [K[?25h[?2026l[?2026h[?25l[A[1Ggathering model components [K
copying file sha256:fadc3e5f8d42bf7e894a785b05082e47daee4df26680389817e2093056f088ad 6% ⠇ [K[?25h[?2026l[?2026h[?25l[A[1Ggathering model components [K
copying file sha256:fadc3e5f8d42bf7e894a785b05082e47daee4df26680389817e2093056f088ad 7% ⠏ [K[?25h[?2026l[?2026h[?25l[A[1Ggathering model components [K
copying file sha256:fadc3e5f8d42bf7e894a785b05082e47daee4df26680389817e2093056f088ad 7% ⠋ [K[?25h[?2026l[?2026h[?25l[A[1Ggathering model components [K
copying file sha256:fadc3e5f8d42bf7e894a785b05082e47daee4df26680389817e2093056f088ad 8% ⠙ [K[?25h[?2026l[?2026h[?25l[A[1Ggathering model components [K
copying file sha256:fadc3e5f8d42bf7e894a785b05082e47daee4df26680389817e2093056f088ad 8% ⠹ [K[?25h[?2026l[?2026h[?25l[A[1Ggathering model components [K
copying file sha256:fadc3e5f8d42bf7e894a785b05082e47daee4df26680389817e2093056f088ad 9% ⠸ [K[?25h[?2026l[?2026h[?25l[A[1Ggathering model components [K
copying file sha256:fadc3e5f8d42bf7e894a785b05082e47daee4df26680389817e2093056f088ad 9% ⠼ [K[?25h[?2026l[?2026h[?25l[A[1Ggathering model components [K
copying file sha256:fadc3e5f8d42bf7e894a785b05082e47daee4df26680389817e2093056f088ad 9% ⠴ [K[?25h[?2026l[?2026h[?25l[A[1Ggathering model components [K
copying file sha256:fadc3e5f8d42bf7e894a785b05082e47daee4df26680389817e2093056f088ad 10% ⠦ [K[?25h[?2026l[?2026h[?25l[A[1Ggathering model components [K
copying file sha256:fadc3e5f8d42bf7e894a785b05082e47daee4df26680389817e2093056f088ad 10% ⠧ [K[?25h[?2026l[?2026h[?25l[A[1Ggathering model components [K
copying file sha256:fadc3e5f8d42bf7e894a785b05082e47daee4df26680389817e2093056f088ad 10% ⠇ [K[?25h[?2026l[?2026h[?25l[A[1Ggathering model components [K
copying file sha256:fadc3e5f8d42bf7e894a785b05082e47daee4df26680389817e2093056f088ad 11% ⠏ [K[?25h[?2026l[?2026h[?25l[A[1Ggathering model components [K
copying file sha256:fadc3e5f8d42bf7e894a785b05082e47daee4df26680389817e2093056f088ad 11% ⠋ [K[?25h[?2026l[?2026h[?25l[A[1Ggathering model components [K
copying file sha256:fadc3e5f8d42bf7e894a785b05082e47daee4df26680389817e2093056f088ad 12% ⠙ [K[?25h[?2026l[?2026h[?25l[A[1Ggathering model components [K
copying file sha256:fadc3e5f8d42bf7e894a785b05082e47daee4df26680389817e2093056f088ad 12% ⠹ [K[?25h[?2026l[?2026h[?25l[A[1Ggathering model components [K
copying file sha256:fadc3e5f8d42bf7e894a785b05082e47daee4df26680389817e2093056f088ad 12% ⠸ [K[?25h[?2026l[?2026h[?25l[A[1Ggathering model components [K
copying file sha256:fadc3e5f8d42bf7e894a785b05082e47daee4df26680389817e2093056f088ad 13% ⠼ [K[?25h[?2026l[?2026h[?25l[A[1Ggathering model components [K
copying file sha256:fadc3e5f8d42bf7e894a785b05082e47daee4df26680389817e2093056f088ad 13% ⠴ [K[?25h[?2026l[?2026h[?25l[A[1Ggathering model components [K
copying file sha256:fadc3e5f8d42bf7e894a785b05082e47daee4df26680389817e2093056f088ad 13% ⠦ [K[?25h[?2026l[?2026h[?25l[A[1Ggathering model components [K
copying file sha256:fadc3e5f8d42bf7e894a785b05082e47daee4df26680389817e2093056f088ad 14% ⠧ [K[?25h[?2026l[?2026h[?25l[A[1Ggathering model components [K
copying file sha256:fadc3e5f8d42bf7e894a785b05082e47daee4df26680389817e2093056f088ad 14% ⠇ [K[?25h[?2026l[?2026h[?25l[A[1Ggathering model components [K
copying file sha256:fadc3e5f8d42bf7e894a785b05082e47daee4df26680389817e2093056f088ad 14% ⠏ [K[?25h[?2026l[?2026h[?25l[A[1Ggathering model components [K
copying file sha256:fadc3e5f8d42bf7e894a785b05082e47daee4df26680389817e2093056f088ad 15% ⠋ [K[?25h[?2026l[?2026h[?25l[A[1Ggathering model components [K
copying file sha256:fadc3e5f8d42bf7e894a785b05082e47daee4df26680389817e2093056f088ad 15% ⠙ [K[?25h[?2026l[?2026h[?25l[A[1Ggathering model components [K
copying file sha256:fadc3e5f8d42bf7e894a785b05082e47daee4df26680389817e2093056f088ad 16% ⠹ [K[?25h[?2026l[?2026h[?25l[A[1Ggathering model components [K
copying file sha256:fadc3e5f8d42bf7e894a785b05082e47daee4df26680389817e2093056f088ad 16% ⠸ [K[?25h[?2026l[?2026h[?25l[A[1Ggathering model components [K
copying file sha256:fadc3e5f8d42bf7e894a785b05082e47daee4df26680389817e2093056f088ad 16% ⠼ [K[?25h[?2026l[?2026h[?25l[A[1Ggathering model components [K
copying file sha256:fadc3e5f8d42bf7e894a785b05082e47daee4df26680389817e2093056f088ad 17% ⠴ [K[?25h[?2026l[?2026h[?25l[A[1Ggathering model components [K
copying file sha256:fadc3e5f8d42bf7e894a785b05082e47daee4df26680389817e2093056f088ad 17% ⠦ [K[?25h[?2026l[?2026h[?25l[A[1Ggathering model components [K
copying file sha256:fadc3e5f8d42bf7e894a785b05082e47daee4df26680389817e2093056f088ad 18% ⠧ [K[?25h[?2026l[?2026h[?25l[A[1Ggathering model components [K
copying file sha256:fadc3e5f8d42bf7e894a785b05082e47daee4df26680389817e2093056f088ad 18% ⠇ [K[?25h[?2026l[?2026h[?25l[A[1Ggathering model components [K
copying file sha256:fadc3e5f8d42bf7e894a785b05082e47daee4df26680389817e2093056f088ad 18% ⠏ [K[?25h[?2026l[?2026h[?25l[A[1Ggathering model components [K
copying file sha256:fadc3e5f8d42bf7e894a785b05082e47daee4df26680389817e2093056f088ad 19% ⠋ [K[?25h[?2026l[?2026h[?25l[A[1Ggathering model components [K
copying file sha256:fadc3e5f8d42bf7e894a785b05082e47daee4df26680389817e2093056f088ad 19% ⠙ [K[?25h[?2026l[?2026h[?25l[A[1Ggathering model components [K
copying file sha256:fadc3e5f8d42bf7e894a785b05082e47daee4df26680389817e2093056f088ad 20% ⠹ [K[?25h[?2026l[?2026h[?25l[A[1Ggathering model components [K
copying file sha256:fadc3e5f8d42bf7e894a785b05082e47daee4df26680389817e2093056f088ad 20% ⠸ [K[?25h[?2026l[?2026h[?25l[A[1Ggathering model components [K
copying file sha256:fadc3e5f8d42bf7e894a785b05082e47daee4df26680389817e2093056f088ad 20% ⠼ [K[?25h[?2026l[?2026h[?25l[A[1Ggathering model components [K
copying file sha256:fadc3e5f8d42bf7e894a785b05082e47daee4df26680389817e2093056f088ad 21% ⠴ [K[?25h[?2026l[?2026h[?25l[A[1Ggathering model components [K
copying file sha256:fadc3e5f8d42bf7e894a785b05082e47daee4df26680389817e2093056f088ad 21% ⠦ [K[?25h[?2026l[?2026h[?25l[A[1Ggathering model components [K
copying file sha256:fadc3e5f8d42bf7e894a785b05082e47daee4df26680389817e2093056f088ad 21% ⠧ [K[?25h[?2026l[?2026h[?25l[A[1Ggathering model components [K
copying file sha256:fadc3e5f8d42bf7e894a785b05082e47daee4df26680389817e2093056f088ad 22% ⠇ [K[?25h[?2026l[?2026h[?25l[A[1Ggathering model components [K
copying file sha256:fadc3e5f8d42bf7e894a785b05082e47daee4df26680389817e2093056f088ad 22% ⠏ [K[?25h[?2026l[?2026h[?25l[A[1Ggathering model components [K
copying file sha256:fadc3e5f8d42bf7e894a785b05082e47daee4df26680389817e2093056f088ad 23% ⠋ [K[?25h[?2026l[?2026h[?25l[A[1Ggathering model components [K
copying file sha256:fadc3e5f8d42bf7e894a785b05082e47daee4df26680389817e2093056f088ad 23% ⠙ [K[?25h[?2026l[?2026h[?25l[A[1Ggathering model components [K
copying file sha256:fadc3e5f8d42bf7e894a785b05082e47daee4df26680389817e2093056f088ad 23% ⠹ [K[?25h[?2026l[?2026h[?25l[A[1Ggathering model components [K
copying file sha256:fadc3e5f8d42bf7e894a785b05082e47daee4df26680389817e2093056f088ad 24% ⠸ [K[?25h[?2026l[?2026h[?25l[A[1Ggathering model components [K
copying file sha256:fadc3e5f8d42bf7e894a785b05082e47daee4df26680389817e2093056f088ad 24% ⠼ [K[?25h[?2026l[?2026h[?25l[A[1Ggathering model components [K
copying file sha256:fadc3e5f8d42bf7e894a785b05082e47daee4df26680389817e2093056f088ad 25% ⠴ [K[?25h[?2026l[?2026h[?25l[A[1Ggathering model components [K
copying file sha256:fadc3e5f8d42bf7e894a785b05082e47daee4df26680389817e2093056f088ad 25% ⠦ [K[?25h[?2026l[?2026h[?25l[A[1Ggathering model components [K
copying file sha256:fadc3e5f8d42bf7e894a785b05082e47daee4df26680389817e2093056f088ad 25% ⠧ [K[?25h[?2026l[?2026h[?25l[A[1Ggathering model components [K
copying file sha256:fadc3e5f8d42bf7e894a785b05082e47daee4df26680389817e2093056f088ad 26% ⠇ [K[?25h[?2026l[?2026h[?25l[A[1Ggathering model components [K
copying file sha256:fadc3e5f8d42bf7e894a785b05082e47daee4df26680389817e2093056f088ad 26% ⠏ [K[?25h[?2026l[?2026h[?25l[A[1Ggathering model components [K
copying file sha256:fadc3e5f8d42bf7e894a785b05082e47daee4df26680389817e2093056f088ad 26% ⠋ [K[?25h[?2026l[?2026h[?25l[A[1Ggathering model components [K
copying file sha256:fadc3e5f8d42bf7e894a785b05082e47daee4df26680389817e2093056f088ad 27% ⠙ [K[?25h[?2026l[?2026h[?25l[A[1Ggathering model components [K
copying file sha256:fadc3e5f8d42bf7e894a785b05082e47daee4df26680389817e2093056f088ad 27% ⠹ [K[?25h[?2026l[?2026h[?25l[A[1Ggathering model components [K
copying file sha256:fadc3e5f8d42bf7e894a785b05082e47daee4df26680389817e2093056f088ad 27% ⠸ [K[?25h[?2026l[?2026h[?25l[A[1Ggathering model components [K
copying file sha256:fadc3e5f8d42bf7e894a785b05082e47daee4df26680389817e2093056f088ad 28% ⠼ [K[?25h[?2026l[?2026h[?25l[A[1Ggathering model components [K
copying file sha256:fadc3e5f8d42bf7e894a785b05082e47daee4df26680389817e2093056f088ad 28% ⠴ [K[?25h[?2026l[?2026h[?25l[A[1Ggathering model components [K
copying file sha256:fadc3e5f8d42bf7e894a785b05082e47daee4df26680389817e2093056f088ad 28% ⠦ [K[?25h[?2026l[?2026h[?25l[A[1Ggathering model components [K
copying file sha256:fadc3e5f8d42bf7e894a785b05082e47daee4df26680389817e2093056f088ad 28% ⠧ [K[?25h[?2026l[?2026h[?25l[A[1Ggathering model components [K
copying file sha256:fadc3e5f8d42bf7e894a785b05082e47daee4df26680389817e2093056f088ad 29% ⠇ [K[?25h[?2026l[?2026h[?25l[A[1Ggathering model components [K
copying file sha256:fadc3e5f8d42bf7e894a785b05082e47daee4df26680389817e2093056f088ad 29% ⠏ [K[?25h[?2026l[?2026h[?25l[A[1Ggathering model components [K
copying file sha256:fadc3e5f8d42bf7e894a785b05082e47daee4df26680389817e2093056f088ad 29% ⠋ [K[?25h[?2026l[?2026h[?25l[A[1Ggathering model components [K
copying file sha256:fadc3e5f8d42bf7e894a785b05082e47daee4df26680389817e2093056f088ad 29% ⠙ [K[?25h[?2026l[?2026h[?25l[A[1Ggathering model components [K
copying file sha256:fadc3e5f8d42bf7e894a785b05082e47daee4df26680389817e2093056f088ad 30% ⠹ [K[?25h[?2026l[?2026h[?25l[A[1Ggathering model components [K
copying file sha256:fadc3e5f8d42bf7e894a785b05082e47daee4df26680389817e2093056f088ad 30% ⠸ [K[?25h[?2026l[?2026h[?25l[A[1Ggathering model components [K
copying file sha256:fadc3e5f8d42bf7e894a785b05082e47daee4df26680389817e2093056f088ad 30% ⠼ [K[?25h[?2026l[?2026h[?25l[A[1Ggathering model components [K
copying file sha256:fadc3e5f8d42bf7e894a785b05082e47daee4df26680389817e2093056f088ad 31% ⠴ [K[?25h[?2026l[?2026h[?25l[A[1Ggathering model components [K
copying file sha256:fadc3e5f8d42bf7e894a785b05082e47daee4df26680389817e2093056f088ad 31% ⠦ [K[?25h[?2026l[?2026h[?25l[A[1Ggathering model components [K
copying file sha256:fadc3e5f8d42bf7e894a785b05082e47daee4df26680389817e2093056f088ad 31% ⠧ [K[?25h[?2026l[?2026h[?25l[A[1Ggathering model components [K
copying file sha256:fadc3e5f8d42bf7e894a785b05082e47daee4df26680389817e2093056f088ad 31% ⠇ [K[?25h[?2026l[?2026h[?25l[A[1Ggathering model components [K
copying file sha256:fadc3e5f8d42bf7e894a785b05082e47daee4df26680389817e2093056f088ad 32% ⠏ [K[?25h[?2026l[?2026h[?25l[A[1Ggathering model components [K
copying file sha256:fadc3e5f8d42bf7e894a785b05082e47daee4df26680389817e2093056f088ad 32% ⠋ [K[?25h[?2026l[?2026h[?25l[A[1Ggathering model components [K
copying file sha256:fadc3e5f8d42bf7e894a785b05082e47daee4df26680389817e2093056f088ad 32% ⠙ [K[?25h[?2026l[?2026h[?25l[A[1Ggathering model components [K
copying file sha256:fadc3e5f8d42bf7e894a785b05082e47daee4df26680389817e2093056f088ad 33% ⠹ [K[?25h[?2026l[?2026h[?25l[A[1Ggathering model components [K
copying file sha256:fadc3e5f8d42bf7e894a785b05082e47daee4df26680389817e2093056f088ad 33% ⠸ [K[?25h[?2026l[?2026h[?25l[A[1Ggathering model components [K
copying file sha256:fadc3e5f8d42bf7e894a785b05082e47daee4df26680389817e2093056f088ad 33% ⠼ [K[?25h[?2026l[?2026h[?25l[A[1Ggathering model components [K
copying file sha256:fadc3e5f8d42bf7e894a785b05082e47daee4df26680389817e2093056f088ad 33% ⠴ [K[?25h[?2026l[?2026h[?25l[A[1Ggathering model components [K
copying file sha256:fadc3e5f8d42bf7e894a785b05082e47daee4df26680389817e2093056f088ad 34% ⠦ [K[?25h[?2026l[?2026h[?25l[A[1Ggathering model components [K
copying file sha256:fadc3e5f8d42bf7e894a785b05082e47daee4df26680389817e2093056f088ad 34% ⠧ [K[?25h[?2026l[?2026h[?25l[A[1Ggathering model components [K
copying file sha256:fadc3e5f8d42bf7e894a785b05082e47daee4df26680389817e2093056f088ad 34% ⠇ [K[?25h[?2026l[?2026h[?25l[A[1Ggathering model components [K
copying file sha256:fadc3e5f8d42bf7e894a785b05082e47daee4df26680389817e2093056f088ad 34% ⠏ [K[?25h[?2026l[?2026h[?25l[A[1Ggathering model components [K
copying file sha256:fadc3e5f8d42bf7e894a785b05082e47daee4df26680389817e2093056f088ad 35% ⠋ [K[?25h[?2026l[?2026h[?25l[A[1Ggathering model components [K
copying file sha256:fadc3e5f8d42bf7e894a785b05082e47daee4df26680389817e2093056f088ad 35% ⠙ [K[?25h[?2026l[?2026h[?25l[A[1Ggathering model components [K
copying file sha256:fadc3e5f8d42bf7e894a785b05082e47daee4df26680389817e2093056f088ad 35% ⠹ [K[?25h[?2026l[?2026h[?25l[A[1Ggathering model components [K
copying file sha256:fadc3e5f8d42bf7e894a785b05082e47daee4df26680389817e2093056f088ad 35% ⠸ [K[?25h[?2026l[?2026h[?25l[A[1Ggathering model components [K
copying file sha256:fadc3e5f8d42bf7e894a785b05082e47daee4df26680389817e2093056f088ad 36% ⠼ [K[?25h[?2026l[?2026h[?25l[A[1Ggathering model components [K
copying file sha256:fadc3e5f8d42bf7e894a785b05082e47daee4df26680389817e2093056f088ad 36% ⠴ [K[?25h[?2026l[?2026h[?25l[A[1Ggathering model components [K
copying file sha256:fadc3e5f8d42bf7e894a785b05082e47daee4df26680389817e2093056f088ad 36% ⠦ [K[?25h[?2026l[?2026h[?25l[A[1Ggathering model components [K
copying file sha256:fadc3e5f8d42bf7e894a785b05082e47daee4df26680389817e2093056f088ad 36% ⠧ [K[?25h[?2026l[?2026h[?25l[A[1Ggathering model components [K
copying file sha256:fadc3e5f8d42bf7e894a785b05082e47daee4df26680389817e2093056f088ad 36% ⠇ [K[?25h[?2026l[?2026h[?25l[A[1Ggathering model components [K
copying file sha256:fadc3e5f8d42bf7e894a785b05082e47daee4df26680389817e2093056f088ad 36% ⠏ [K[?25h[?2026l[?2026h[?25l[A[1Ggathering model components [K
copying file sha256:fadc3e5f8d42bf7e894a785b05082e47daee4df26680389817e2093056f088ad 37% ⠋ [K[?25h[?2026l[?2026h[?25l[A[1Ggathering model components [K
copying file sha256:fadc3e5f8d42bf7e894a785b05082e47daee4df26680389817e2093056f088ad 37% ⠙ [K[?25h[?2026l[?2026h[?25l[A[1Ggathering model components [K
copying file sha256:fadc3e5f8d42bf7e894a785b05082e47daee4df26680389817e2093056f088ad 37% ⠹ [K[?25h[?2026l[?2026h[?25l[A[1Ggathering model components [K
copying file sha256:fadc3e5f8d42bf7e894a785b05082e47daee4df26680389817e2093056f088ad 37% ⠸ [K[?25h[?2026l[?2026h[?25l[A[1Ggathering model components [K
copying file sha256:fadc3e5f8d42bf7e894a785b05082e47daee4df26680389817e2093056f088ad 37% ⠼ [K[?25h[?2026l[?2026h[?25l[A[1Ggathering model components [K
copying file sha256:fadc3e5f8d42bf7e894a785b05082e47daee4df26680389817e2093056f088ad 38% ⠴ [K[?25h[?2026l[?2026h[?25l[A[1Ggathering model components [K
copying file sha256:fadc3e5f8d42bf7e894a785b05082e47daee4df26680389817e2093056f088ad 38% ⠦ [K[?25h[?2026l[?2026h[?25l[A[1Ggathering model components [K
copying file sha256:fadc3e5f8d42bf7e894a785b05082e47daee4df26680389817e2093056f088ad 38% ⠧ [K[?25h[?2026l[?2026h[?25l[A[1Ggathering model components [K
copying file sha256:fadc3e5f8d42bf7e894a785b05082e47daee4df26680389817e2093056f088ad 39% ⠇ [K[?25h[?2026l[?2026h[?25l[A[1Ggathering model components [K
copying file sha256:fadc3e5f8d42bf7e894a785b05082e47daee4df26680389817e2093056f088ad 39% ⠏ [K[?25h[?2026l[?2026h[?25l[A[1Ggathering model components [K
copying file sha256:fadc3e5f8d42bf7e894a785b05082e47daee4df26680389817e2093056f088ad 39% ⠋ [K[?25h[?2026l[?2026h[?25l[A[1Ggathering model components [K
copying file sha256:fadc3e5f8d42bf7e894a785b05082e47daee4df26680389817e2093056f088ad 40% ⠙ [K[?25h[?2026l[?2026h[?25l[A[1Ggathering model components [K
copying file sha256:fadc3e5f8d42bf7e894a785b05082e47daee4df26680389817e2093056f088ad 40% ⠹ [K[?25h[?2026l[?2026h[?25l[A[1Ggathering model components [K
copying file sha256:fadc3e5f8d42bf7e894a785b05082e47daee4df26680389817e2093056f088ad 40% ⠸ [K[?25h[?2026l[?2026h[?25l[A[1Ggathering model components [K
copying file sha256:fadc3e5f8d42bf7e894a785b05082e47daee4df26680389817e2093056f088ad 41% ⠼ [K[?25h[?2026l[?2026h[?25l[A[1Ggathering model components [K
copying file sha256:fadc3e5f8d42bf7e894a785b05082e47daee4df26680389817e2093056f088ad 41% ⠴ [K[?25h[?2026l[?2026h[?25l[A[1Ggathering model components [K
copying file sha256:fadc3e5f8d42bf7e894a785b05082e47daee4df26680389817e2093056f088ad 41% ⠦ [K[?25h[?2026l[?2026h[?25l[A[1Ggathering model components [K
copying file sha256:fadc3e5f8d42bf7e894a785b05082e47daee4df26680389817e2093056f088ad 42% ⠧ [K[?25h[?2026l[?2026h[?25l[A[1Ggathering model components [K
copying file sha256:fadc3e5f8d42bf7e894a785b05082e47daee4df26680389817e2093056f088ad 42% ⠇ [K[?25h[?2026l[?2026h[?25l[A[1Ggathering model components [K
copying file sha256:fadc3e5f8d42bf7e894a785b05082e47daee4df26680389817e2093056f088ad 42% ⠏ [K[?25h[?2026l[?2026h[?25l[A[1Ggathering model components [K
copying file sha256:fadc3e5f8d42bf7e894a785b05082e47daee4df26680389817e2093056f088ad 42% ⠋ [K[?25h[?2026l[?2026h[?25l[A[1Ggathering model components [K
copying file sha256:fadc3e5f8d42bf7e894a785b05082e47daee4df26680389817e2093056f088ad 43% ⠙ [K[?25h[?2026l[?2026h[?25l[A[1Ggathering model components [K
copying file sha256:fadc3e5f8d42bf7e894a785b05082e47daee4df26680389817e2093056f088ad 43% ⠹ [K[?25h[?2026l[?2026h[?25l[A[1Ggathering model components [K
copying file sha256:fadc3e5f8d42bf7e894a785b05082e47daee4df26680389817e2093056f088ad 43% ⠸ [K[?25h[?2026l[?2026h[?25l[A[1Ggathering model components [K
copying file sha256:fadc3e5f8d42bf7e894a785b05082e47daee4df26680389817e2093056f088ad 44% ⠼ [K[?25h[?2026l[?2026h[?25l[A[1Ggathering model components [K
copying file sha256:fadc3e5f8d42bf7e894a785b05082e47daee4df26680389817e2093056f088ad 44% ⠴ [K[?25h[?2026l[?2026h[?25l[A[1Ggathering model components [K
copying file sha256:fadc3e5f8d42bf7e894a785b05082e47daee4df26680389817e2093056f088ad 44% ⠦ [K[?25h[?2026l[?2026h[?25l[A[1Ggathering model components [K
copying file sha256:fadc3e5f8d42bf7e894a785b05082e47daee4df26680389817e2093056f088ad 45% ⠧ [K[?25h[?2026l[?2026h[?25l[A[1Ggathering model components [K
copying file sha256:fadc3e5f8d42bf7e894a785b05082e47daee4df26680389817e2093056f088ad 45% ⠇ [K[?25h[?2026l[?2026h[?25l[A[1Ggathering model components [K
copying file sha256:fadc3e5f8d42bf7e894a785b05082e47daee4df26680389817e2093056f088ad 45% ⠏ [K[?25h[?2026l[?2026h[?25l[A[1Ggathering model components [K
copying file sha256:fadc3e5f8d42bf7e894a785b05082e47daee4df26680389817e2093056f088ad 46% ⠋ [K[?25h[?2026l[?2026h[?25l[A[1Ggathering model components [K
copying file sha256:fadc3e5f8d42bf7e894a785b05082e47daee4df26680389817e2093056f088ad 46% ⠙ [K[?25h[?2026l[?2026h[?25l[A[1Ggathering model components [K
copying file sha256:fadc3e5f8d42bf7e894a785b05082e47daee4df26680389817e2093056f088ad 46% ⠹ [K[?25h[?2026l[?2026h[?25l[A[1Ggathering model components [K
copying file sha256:fadc3e5f8d42bf7e894a785b05082e47daee4df26680389817e2093056f088ad 47% ⠸ [K[?25h[?2026l[?2026h[?25l[A[1Ggathering model components [K
copying file sha256:fadc3e5f8d42bf7e894a785b05082e47daee4df26680389817e2093056f088ad 47% ⠼ [K[?25h[?2026l[?2026h[?25l[A[1Ggathering model components [K
copying file sha256:fadc3e5f8d42bf7e894a785b05082e47daee4df26680389817e2093056f088ad 47% ⠴ [K[?25h[?2026l[?2026h[?25l[A[1Ggathering model components [K
copying file sha256:fadc3e5f8d42bf7e894a785b05082e47daee4df26680389817e2093056f088ad 48% ⠦ [K[?25h[?2026l[?2026h[?25l[A[1Ggathering model components [K
copying file sha256:fadc3e5f8d42bf7e894a785b05082e47daee4df26680389817e2093056f088ad 48% ⠧ [K[?25h[?2026l[?2026h[?25l[A[1Ggathering model components [K
copying file sha256:fadc3e5f8d42bf7e894a785b05082e47daee4df26680389817e2093056f088ad 48% ⠇ [K[?25h[?2026l[?2026h[?25l[A[1Ggathering model components [K
copying file sha256:fadc3e5f8d42bf7e894a785b05082e47daee4df26680389817e2093056f088ad 49% ⠏ [K[?25h[?2026l[?2026h[?25l[A[1Ggathering model components [K
copying file sha256:fadc3e5f8d42bf7e894a785b05082e47daee4df26680389817e2093056f088ad 49% ⠋ [K[?25h[?2026l[?2026h[?25l[A[1Ggathering model components [K
copying file sha256:fadc3e5f8d42bf7e894a785b05082e47daee4df26680389817e2093056f088ad 49% ⠙ [K[?25h[?2026l[?2026h[?25l[A[1Ggathering model components [K
copying file sha256:fadc3e5f8d42bf7e894a785b05082e47daee4df26680389817e2093056f088ad 50% ⠹ [K[?25h[?2026l[?2026h[?25l[A[1Ggathering model components [K
copying file sha256:fadc3e5f8d42bf7e894a785b05082e47daee4df26680389817e2093056f088ad 50% ⠸ [K[?25h[?2026l[?2026h[?25l[A[1Ggathering model components [K
copying file sha256:fadc3e5f8d42bf7e894a785b05082e47daee4df26680389817e2093056f088ad 50% ⠼ [K[?25h[?2026l[?2026h[?25l[A[1Ggathering model components [K
copying file sha256:fadc3e5f8d42bf7e894a785b05082e47daee4df26680389817e2093056f088ad 51% ⠴ [K[?25h[?2026l[?2026h[?25l[A[1Ggathering model components [K
copying file sha256:fadc3e5f8d42bf7e894a785b05082e47daee4df26680389817e2093056f088ad 51% ⠦ [K[?25h[?2026l[?2026h[?25l[A[1Ggathering model components [K
copying file sha256:fadc3e5f8d42bf7e894a785b05082e47daee4df26680389817e2093056f088ad 51% ⠧ [K[?25h[?2026l[?2026h[?25l[A[1Ggathering model components [K
copying file sha256:fadc3e5f8d42bf7e894a785b05082e47daee4df26680389817e2093056f088ad 52% ⠇ [K[?25h[?2026l[?2026h[?25l[A[1Ggathering model components [K
copying file sha256:fadc3e5f8d42bf7e894a785b05082e47daee4df26680389817e2093056f088ad 52% ⠏ [K[?25h[?2026l[?2026h[?25l[A[1Ggathering model components [K
copying file sha256:fadc3e5f8d42bf7e894a785b05082e47daee4df26680389817e2093056f088ad 52% ⠋ [K[?25h[?2026l[?2026h[?25l[A[1Ggathering model components [K
copying file sha256:fadc3e5f8d42bf7e894a785b05082e47daee4df26680389817e2093056f088ad 53% ⠙ [K[?25h[?2026l[?2026h[?25l[A[1Ggathering model components [K
copying file sha256:fadc3e5f8d42bf7e894a785b05082e47daee4df26680389817e2093056f088ad 53% ⠹ [K[?25h[?2026l[?2026h[?25l[A[1Ggathering model components [K
copying file sha256:fadc3e5f8d42bf7e894a785b05082e47daee4df26680389817e2093056f088ad 54% ⠸ [K[?25h[?2026l[?2026h[?25l[A[1Ggathering model components [K
copying file sha256:fadc3e5f8d42bf7e894a785b05082e47daee4df26680389817e2093056f088ad 54% ⠼ [K[?25h[?2026l[?2026h[?25l[A[1Ggathering model components [K
copying file sha256:fadc3e5f8d42bf7e894a785b05082e47daee4df26680389817e2093056f088ad 54% ⠴ [K[?25h[?2026l[?2026h[?25l[A[1Ggathering model components [K
copying file sha256:fadc3e5f8d42bf7e894a785b05082e47daee4df26680389817e2093056f088ad 55% ⠦ [K[?25h[?2026l[?2026h[?25l[A[1Ggathering model components [K
copying file sha256:fadc3e5f8d42bf7e894a785b05082e47daee4df26680389817e2093056f088ad 55% ⠧ [K[?25h[?2026l[?2026h[?25l[A[1Ggathering model components [K
copying file sha256:fadc3e5f8d42bf7e894a785b05082e47daee4df26680389817e2093056f088ad 56% ⠇ [K[?25h[?2026l[?2026h[?25l[A[1Ggathering model components [K
copying file sha256:fadc3e5f8d42bf7e894a785b05082e47daee4df26680389817e2093056f088ad 56% ⠏ [K[?25h[?2026l[?2026h[?25l[A[1Ggathering model components [K
copying file sha256:fadc3e5f8d42bf7e894a785b05082e47daee4df26680389817e2093056f088ad 57% ⠋ [K[?25h[?2026l[?2026h[?25l[A[1Ggathering model components [K
copying file sha256:fadc3e5f8d42bf7e894a785b05082e47daee4df26680389817e2093056f088ad 57% ⠙ [K[?25h[?2026l[?2026h[?25l[A[1Ggathering model components [K
copying file sha256:fadc3e5f8d42bf7e894a785b05082e47daee4df26680389817e2093056f088ad 57% ⠹ [K[?25h[?2026l[?2026h[?25l[A[1Ggathering model components [K
copying file sha256:fadc3e5f8d42bf7e894a785b05082e47daee4df26680389817e2093056f088ad 58% ⠸ [K[?25h[?2026l[?2026h[?25l[A[1Ggathering model components [K
copying file sha256:fadc3e5f8d42bf7e894a785b05082e47daee4df26680389817e2093056f088ad 58% ⠼ [K[?25h[?2026l[?2026h[?25l[A[1Ggathering model components [K
copying file sha256:fadc3e5f8d42bf7e894a785b05082e47daee4df26680389817e2093056f088ad 58% ⠴ [K[?25h[?2026l[?2026h[?25l[A[1Ggathering model components [K
copying file sha256:fadc3e5f8d42bf7e894a785b05082e47daee4df26680389817e2093056f088ad 59% ⠦ [K[?25h[?2026l[?2026h[?25l[A[1Ggathering model components [K
copying file sha256:fadc3e5f8d42bf7e894a785b05082e47daee4df26680389817e2093056f088ad 59% ⠧ [K[?25h[?2026l[?2026h[?25l[A[1Ggathering model components [K
copying file sha256:fadc3e5f8d42bf7e894a785b05082e47daee4df26680389817e2093056f088ad 60% ⠇ [K[?25h[?2026l[?2026h[?25l[A[1Ggathering model components [K
copying file sha256:fadc3e5f8d42bf7e894a785b05082e47daee4df26680389817e2093056f088ad 60% ⠏ [K[?25h[?2026l[?2026h[?25l[A[1Ggathering model components [K
copying file sha256:fadc3e5f8d42bf7e894a785b05082e47daee4df26680389817e2093056f088ad 60% ⠋ [K[?25h[?2026l[?2026h[?25l[A[1Ggathering model components [K
copying file sha256:fadc3e5f8d42bf7e894a785b05082e47daee4df26680389817e2093056f088ad 61% ⠙ [K[?25h[?2026l[?2026h[?25l[A[1Ggathering model components [K
copying file sha256:fadc3e5f8d42bf7e894a785b05082e47daee4df26680389817e2093056f088ad 61% ⠹ [K[?25h[?2026l[?2026h[?25l[A[1Ggathering model components [K
copying file sha256:fadc3e5f8d42bf7e894a785b05082e47daee4df26680389817e2093056f088ad 61% ⠸ [K[?25h[?2026l[?2026h[?25l[A[1Ggathering model components [K
copying file sha256:fadc3e5f8d42bf7e894a785b05082e47daee4df26680389817e2093056f088ad 62% ⠼ [K[?25h[?2026l[?2026h[?25l[A[1Ggathering model components [K
copying file sha256:fadc3e5f8d42bf7e894a785b05082e47daee4df26680389817e2093056f088ad 62% ⠴ [K[?25h[?2026l[?2026h[?25l[A[1Ggathering model components [K
copying file sha256:fadc3e5f8d42bf7e894a785b05082e47daee4df26680389817e2093056f088ad 63% ⠦ [K[?25h[?2026l[?2026h[?25l[A[1Ggathering model components [K
copying file sha256:fadc3e5f8d42bf7e894a785b05082e47daee4df26680389817e2093056f088ad 63% ⠧ [K[?25h[?2026l[?2026h[?25l[A[1Ggathering model components [K
copying file sha256:fadc3e5f8d42bf7e894a785b05082e47daee4df26680389817e2093056f088ad 63% ⠇ [K[?25h[?2026l[?2026h[?25l[A[1Ggathering model components [K
copying file sha256:fadc3e5f8d42bf7e894a785b05082e47daee4df26680389817e2093056f088ad 64% ⠏ [K[?25h[?2026l[?2026h[?25l[A[1Ggathering model components [K
copying file sha256:fadc3e5f8d42bf7e894a785b05082e47daee4df26680389817e2093056f088ad 64% ⠋ [K[?25h[?2026l[?2026h[?25l[A[1Ggathering model components [K
copying file sha256:fadc3e5f8d42bf7e894a785b05082e47daee4df26680389817e2093056f088ad 65% ⠙ [K[?25h[?2026l[?2026h[?25l[A[1Ggathering model components [K
copying file sha256:fadc3e5f8d42bf7e894a785b05082e47daee4df26680389817e2093056f088ad 65% ⠹ [K[?25h[?2026l[?2026h[?25l[A[1Ggathering model components [K
copying file sha256:fadc3e5f8d42bf7e894a785b05082e47daee4df26680389817e2093056f088ad 65% ⠸ [K[?25h[?2026l[?2026h[?25l[A[1Ggathering model components [K
copying file sha256:fadc3e5f8d42bf7e894a785b05082e47daee4df26680389817e2093056f088ad 66% ⠼ [K[?25h[?2026l[?2026h[?25l[A[1Ggathering model components [K
copying file sha256:fadc3e5f8d42bf7e894a785b05082e47daee4df26680389817e2093056f088ad 66% ⠴ [K[?25h[?2026l[?2026h[?25l[A[1Ggathering model components [K
copying file sha256:fadc3e5f8d42bf7e894a785b05082e47daee4df26680389817e2093056f088ad 66% ⠦ [K[?25h[?2026l[?2026h[?25l[A[1Ggathering model components [K
copying file sha256:fadc3e5f8d42bf7e894a785b05082e47daee4df26680389817e2093056f088ad 67% ⠧ [K[?25h[?2026l[?2026h[?25l[A[1Ggathering model components [K
copying file sha256:fadc3e5f8d42bf7e894a785b05082e47daee4df26680389817e2093056f088ad 67% ⠇ [K[?25h[?2026l[?2026h[?25l[A[1Ggathering model components [K
copying file sha256:fadc3e5f8d42bf7e894a785b05082e47daee4df26680389817e2093056f088ad 68% ⠏ [K[?25h[?2026l[?2026h[?25l[A[1Ggathering model components [K
copying file sha256:fadc3e5f8d42bf7e894a785b05082e47daee4df26680389817e2093056f088ad 68% ⠋ [K[?25h[?2026l[?2026h[?25l[A[1Ggathering model components [K
copying file sha256:fadc3e5f8d42bf7e894a785b05082e47daee4df26680389817e2093056f088ad 68% ⠙ [K[?25h[?2026l[?2026h[?25l[A[1Ggathering model components [K
copying file sha256:fadc3e5f8d42bf7e894a785b05082e47daee4df26680389817e2093056f088ad 69% ⠹ [K[?25h[?2026l[?2026h[?25l[A[1Ggathering model components [K
copying file sha256:fadc3e5f8d42bf7e894a785b05082e47daee4df26680389817e2093056f088ad 69% ⠸ [K[?25h[?2026l[?2026h[?25l[A[1Ggathering model components [K
copying file sha256:fadc3e5f8d42bf7e894a785b05082e47daee4df26680389817e2093056f088ad 69% ⠼ [K[?25h[?2026l[?2026h[?25l[A[1Ggathering model components [K
copying file sha256:fadc3e5f8d42bf7e894a785b05082e47daee4df26680389817e2093056f088ad 70% ⠴ [K[?25h[?2026l[?2026h[?25l[A[1Ggathering model components [K
copying file sha256:fadc3e5f8d42bf7e894a785b05082e47daee4df26680389817e2093056f088ad 70% ⠦ [K[?25h[?2026l[?2026h[?25l[A[1Ggathering model components [K
copying file sha256:fadc3e5f8d42bf7e894a785b05082e47daee4df26680389817e2093056f088ad 71% ⠧ [K[?25h[?2026l[?2026h[?25l[A[1Ggathering model components [K
copying file sha256:fadc3e5f8d42bf7e894a785b05082e47daee4df26680389817e2093056f088ad 71% ⠇ [K[?25h[?2026l[?2026h[?25l[A[1Ggathering model components [K
copying file sha256:fadc3e5f8d42bf7e894a785b05082e47daee4df26680389817e2093056f088ad 71% ⠏ [K[?25h[?2026l[?2026h[?25l[A[1Ggathering model components [K
copying file sha256:fadc3e5f8d42bf7e894a785b05082e47daee4df26680389817e2093056f088ad 72% ⠋ [K[?25h[?2026l[?2026h[?25l[A[1Ggathering model components [K
copying file sha256:fadc3e5f8d42bf7e894a785b05082e47daee4df26680389817e2093056f088ad 72% ⠙ [K[?25h[?2026l[?2026h[?25l[A[1Ggathering model components [K
copying file sha256:fadc3e5f8d42bf7e894a785b05082e47daee4df26680389817e2093056f088ad 73% ⠹ [K[?25h[?2026l[?2026h[?25l[A[1Ggathering model components [K
copying file sha256:fadc3e5f8d42bf7e894a785b05082e47daee4df26680389817e2093056f088ad 73% ⠸ [K[?25h[?2026l[?2026h[?25l[A[1Ggathering model components [K
copying file sha256:fadc3e5f8d42bf7e894a785b05082e47daee4df26680389817e2093056f088ad 73% ⠼ [K[?25h[?2026l[?2026h[?25l[A[1Ggathering model components [K
copying file sha256:fadc3e5f8d42bf7e894a785b05082e47daee4df26680389817e2093056f088ad 74% ⠴ [K[?25h[?2026l[?2026h[?25l[A[1Ggathering model components [K
copying file sha256:fadc3e5f8d42bf7e894a785b05082e47daee4df26680389817e2093056f088ad 74% ⠦ [K[?25h[?2026l[?2026h[?25l[A[1Ggathering model components [K
copying file sha256:fadc3e5f8d42bf7e894a785b05082e47daee4df26680389817e2093056f088ad 74% ⠧ [K[?25h[?2026l[?2026h[?25l[A[1Ggathering model components [K
copying file sha256:fadc3e5f8d42bf7e894a785b05082e47daee4df26680389817e2093056f088ad 75% ⠇ [K[?25h[?2026l[?2026h[?25l[A[1Ggathering model components [K
copying file sha256:fadc3e5f8d42bf7e894a785b05082e47daee4df26680389817e2093056f088ad 75% ⠏ [K[?25h[?2026l[?2026h[?25l[A[1Ggathering model components [K
copying file sha256:fadc3e5f8d42bf7e894a785b05082e47daee4df26680389817e2093056f088ad 75% ⠋ [K[?25h[?2026l[?2026h[?25l[A[1Ggathering model components [K
copying file sha256:fadc3e5f8d42bf7e894a785b05082e47daee4df26680389817e2093056f088ad 76% ⠙ [K[?25h[?2026l[?2026h[?25l[A[1Ggathering model components [K
copying file sha256:fadc3e5f8d42bf7e894a785b05082e47daee4df26680389817e2093056f088ad 76% ⠹ [K[?25h[?2026l[?2026h[?25l[A[1Ggathering model components [K
copying file sha256:fadc3e5f8d42bf7e894a785b05082e47daee4df26680389817e2093056f088ad 76% ⠸ [K[?25h[?2026l[?2026h[?25l[A[1Ggathering model components [K
copying file sha256:fadc3e5f8d42bf7e894a785b05082e47daee4df26680389817e2093056f088ad 77% ⠼ [K[?25h[?2026l[?2026h[?25l[A[1Ggathering model components [K
copying file sha256:fadc3e5f8d42bf7e894a785b05082e47daee4df26680389817e2093056f088ad 77% ⠴ [K[?25h[?2026l[?2026h[?25l[A[1Ggathering model components [K
copying file sha256:fadc3e5f8d42bf7e894a785b05082e47daee4df26680389817e2093056f088ad 77% ⠦ [K[?25h[?2026l[?2026h[?25l[A[1Ggathering model components [K
copying file sha256:fadc3e5f8d42bf7e894a785b05082e47daee4df26680389817e2093056f088ad 78% ⠧ [K[?25h[?2026l[?2026h[?25l[A[1Ggathering model components [K
copying file sha256:fadc3e5f8d42bf7e894a785b05082e47daee4df26680389817e2093056f088ad 78% ⠇ [K[?25h[?2026l[?2026h[?25l[A[1Ggathering model components [K
copying file sha256:fadc3e5f8d42bf7e894a785b05082e47daee4df26680389817e2093056f088ad 78% ⠏ [K[?25h[?2026l[?2026h[?25l[A[1Ggathering model components [K
copying file sha256:fadc3e5f8d42bf7e894a785b05082e47daee4df26680389817e2093056f088ad 79% ⠋ [K[?25h[?2026l[?2026h[?25l[A[1Ggathering model components [K
copying file sha256:fadc3e5f8d42bf7e894a785b05082e47daee4df26680389817e2093056f088ad 79% ⠙ [K[?25h[?2026l[?2026h[?25l[A[1Ggathering model components [K
copying file sha256:fadc3e5f8d42bf7e894a785b05082e47daee4df26680389817e2093056f088ad 79% ⠹ [K[?25h[?2026l[?2026h[?25l[A[1Ggathering model components [K
copying file sha256:fadc3e5f8d42bf7e894a785b05082e47daee4df26680389817e2093056f088ad 80% ⠸ [K[?25h[?2026l[?2026h[?25l[A[1Ggathering model components [K
copying file sha256:fadc3e5f8d42bf7e894a785b05082e47daee4df26680389817e2093056f088ad 80% ⠼ [K[?25h[?2026l[?2026h[?25l[A[1Ggathering model components [K
copying file sha256:fadc3e5f8d42bf7e894a785b05082e47daee4df26680389817e2093056f088ad 80% ⠴ [K[?25h[?2026l[?2026h[?25l[A[1Ggathering model components [K
copying file sha256:fadc3e5f8d42bf7e894a785b05082e47daee4df26680389817e2093056f088ad 81% ⠦ [K[?25h[?2026l[?2026h[?25l[A[1Ggathering model components [K
copying file sha256:fadc3e5f8d42bf7e894a785b05082e47daee4df26680389817e2093056f088ad 81% ⠧ [K[?25h[?2026l[?2026h[?25l[A[1Ggathering model components [K
copying file sha256:fadc3e5f8d42bf7e894a785b05082e47daee4df26680389817e2093056f088ad 81% ⠇ [K[?25h[?2026l[?2026h[?25l[A[1Ggathering model components [K
copying file sha256:fadc3e5f8d42bf7e894a785b05082e47daee4df26680389817e2093056f088ad 82% ⠏ [K[?25h[?2026l[?2026h[?25l[A[1Ggathering model components [K
copying file sha256:fadc3e5f8d42bf7e894a785b05082e47daee4df26680389817e2093056f088ad 82% ⠋ [K[?25h[?2026l[?2026h[?25l[A[1Ggathering model components [K
copying file sha256:fadc3e5f8d42bf7e894a785b05082e47daee4df26680389817e2093056f088ad 82% ⠙ [K[?25h[?2026l[?2026h[?25l[A[1Ggathering model components [K
copying file sha256:fadc3e5f8d42bf7e894a785b05082e47daee4df26680389817e2093056f088ad 83% ⠹ [K[?25h[?2026l[?2026h[?25l[A[1Ggathering model components [K
copying file sha256:fadc3e5f8d42bf7e894a785b05082e47daee4df26680389817e2093056f088ad 83% ⠸ [K[?25h[?2026l[?2026h[?25l[A[1Ggathering model components [K
copying file sha256:fadc3e5f8d42bf7e894a785b05082e47daee4df26680389817e2093056f088ad 83% ⠼ [K[?25h[?2026l[?2026h[?25l[A[1Ggathering model components [K
copying file sha256:fadc3e5f8d42bf7e894a785b05082e47daee4df26680389817e2093056f088ad 84% ⠴ [K[?25h[?2026l[?2026h[?25l[A[1Ggathering model components [K
copying file sha256:fadc3e5f8d42bf7e894a785b05082e47daee4df26680389817e2093056f088ad 84% ⠦ [K[?25h[?2026l[?2026h[?25l[A[1Ggathering model components [K
copying file sha256:fadc3e5f8d42bf7e894a785b05082e47daee4df26680389817e2093056f088ad 84% ⠧ [K[?25h[?2026l[?2026h[?25l[A[1Ggathering model components [K
copying file sha256:fadc3e5f8d42bf7e894a785b05082e47daee4df26680389817e2093056f088ad 85% ⠇ [K[?25h[?2026l[?2026h[?25l[A[1Ggathering model components [K
copying file sha256:fadc3e5f8d42bf7e894a785b05082e47daee4df26680389817e2093056f088ad 85% ⠏ [K[?25h[?2026l[?2026h[?25l[A[1Ggathering model components [K
copying file sha256:fadc3e5f8d42bf7e894a785b05082e47daee4df26680389817e2093056f088ad 85% ⠋ [K[?25h[?2026l[?2026h[?25l[A[1Ggathering model components [K
copying file sha256:fadc3e5f8d42bf7e894a785b05082e47daee4df26680389817e2093056f088ad 86% ⠙ [K[?25h[?2026l[?2026h[?25l[A[1Ggathering model components [K
copying file sha256:fadc3e5f8d42bf7e894a785b05082e47daee4df26680389817e2093056f088ad 86% ⠹ [K[?25h[?2026l[?2026h[?25l[A[1Ggathering model components [K
copying file sha256:fadc3e5f8d42bf7e894a785b05082e47daee4df26680389817e2093056f088ad 86% ⠸ [K[?25h[?2026l[?2026h[?25l[A[1Ggathering model components [K
copying file sha256:fadc3e5f8d42bf7e894a785b05082e47daee4df26680389817e2093056f088ad 87% ⠼ [K[?25h[?2026l[?2026h[?25l[A[1Ggathering model components [K
copying file sha256:fadc3e5f8d42bf7e894a785b05082e47daee4df26680389817e2093056f088ad 87% ⠴ [K[?25h[?2026l[?2026h[?25l[A[1Ggathering model components [K
copying file sha256:fadc3e5f8d42bf7e894a785b05082e47daee4df26680389817e2093056f088ad 87% ⠦ [K[?25h[?2026l[?2026h[?25l[A[1Ggathering model components [K
copying file sha256:fadc3e5f8d42bf7e894a785b05082e47daee4df26680389817e2093056f088ad 88% ⠧ [K[?25h[?2026l[?2026h[?25l[A[1Ggathering model components [K
copying file sha256:fadc3e5f8d42bf7e894a785b05082e47daee4df26680389817e2093056f088ad 88% ⠇ [K[?25h[?2026l[?2026h[?25l[A[1Ggathering model components [K
copying file sha256:fadc3e5f8d42bf7e894a785b05082e47daee4df26680389817e2093056f088ad 88% ⠏ [K[?25h[?2026l[?2026h[?25l[A[1Ggathering model components [K
copying file sha256:fadc3e5f8d42bf7e894a785b05082e47daee4df26680389817e2093056f088ad 89% ⠋ [K[?25h[?2026l[?2026h[?25l[A[1Ggathering model components [K
copying file sha256:fadc3e5f8d42bf7e894a785b05082e47daee4df26680389817e2093056f088ad 89% ⠙ [K[?25h[?2026l[?2026h[?25l[A[1Ggathering model components [K
copying file sha256:fadc3e5f8d42bf7e894a785b05082e47daee4df26680389817e2093056f088ad 89% ⠹ [K[?25h[?2026l[?2026h[?25l[A[1Ggathering model components [K
copying file sha256:fadc3e5f8d42bf7e894a785b05082e47daee4df26680389817e2093056f088ad 90% ⠸ [K[?25h[?2026l[?2026h[?25l[A[1Ggathering model components [K
copying file sha256:fadc3e5f8d42bf7e894a785b05082e47daee4df26680389817e2093056f088ad 90% ⠼ [K[?25h[?2026l[?2026h[?25l[A[1Ggathering model components [K
copying file sha256:fadc3e5f8d42bf7e894a785b05082e47daee4df26680389817e2093056f088ad 90% ⠴ [K[?25h[?2026l[?2026h[?25l[A[1Ggathering model components [K
copying file sha256:fadc3e5f8d42bf7e894a785b05082e47daee4df26680389817e2093056f088ad 91% ⠦ [K[?25h[?2026l[?2026h[?25l[A[1Ggathering model components [K
copying file sha256:fadc3e5f8d42bf7e894a785b05082e47daee4df26680389817e2093056f088ad 91% ⠧ [K[?25h[?2026l[?2026h[?25l[A[1Ggathering model components [K
copying file sha256:fadc3e5f8d42bf7e894a785b05082e47daee4df26680389817e2093056f088ad 91% ⠇ [K[?25h[?2026l[?2026h[?25l[A[1Ggathering model components [K
copying file sha256:fadc3e5f8d42bf7e894a785b05082e47daee4df26680389817e2093056f088ad 92% ⠏ [K[?25h[?2026l[?2026h[?25l[A[1Ggathering model components [K
copying file sha256:fadc3e5f8d42bf7e894a785b05082e47daee4df26680389817e2093056f088ad 92% ⠋ [K[?25h[?2026l[?2026h[?25l[A[1Ggathering model components [K
copying file sha256:fadc3e5f8d42bf7e894a785b05082e47daee4df26680389817e2093056f088ad 92% ⠙ [K[?25h[?2026l[?2026h[?25l[A[1Ggathering model components [K
copying file sha256:fadc3e5f8d42bf7e894a785b05082e47daee4df26680389817e2093056f088ad 93% ⠹ [K[?25h[?2026l[?2026h[?25l[A[1Ggathering model components [K
copying file sha256:fadc3e5f8d42bf7e894a785b05082e47daee4df26680389817e2093056f088ad 93% ⠸ [K[?25h[?2026l[?2026h[?25l[A[1Ggathering model components [K
copying file sha256:fadc3e5f8d42bf7e894a785b05082e47daee4df26680389817e2093056f088ad 93% ⠼ [K[?25h[?2026l[?2026h[?25l[A[1Ggathering model components [K
copying file sha256:fadc3e5f8d42bf7e894a785b05082e47daee4df26680389817e2093056f088ad 94% ⠴ [K[?25h[?2026l[?2026h[?25l[A[1Ggathering model components [K
copying file sha256:fadc3e5f8d42bf7e894a785b05082e47daee4df26680389817e2093056f088ad 94% ⠦ [K[?25h[?2026l[?2026h[?25l[A[1Ggathering model components [K
copying file sha256:fadc3e5f8d42bf7e894a785b05082e47daee4df26680389817e2093056f088ad 94% ⠧ [K[?25h[?2026l[?2026h[?25l[A[1Ggathering model components [K
copying file sha256:fadc3e5f8d42bf7e894a785b05082e47daee4df26680389817e2093056f088ad 95% ⠇ [K[?25h[?2026l[?2026h[?25l[A[1Ggathering model components [K
copying file sha256:fadc3e5f8d42bf7e894a785b05082e47daee4df26680389817e2093056f088ad 95% ⠏ [K[?25h[?2026l[?2026h[?25l[A[1Ggathering model components [K
copying file sha256:fadc3e5f8d42bf7e894a785b05082e47daee4df26680389817e2093056f088ad 95% ⠋ [K[?25h[?2026l[?2026h[?25l[A[1Ggathering model components [K
copying file sha256:fadc3e5f8d42bf7e894a785b05082e47daee4df26680389817e2093056f088ad 96% ⠙ [K[?25h[?2026l[?2026h[?25l[A[1Ggathering model components [K
copying file sha256:fadc3e5f8d42bf7e894a785b05082e47daee4df26680389817e2093056f088ad 96% ⠹ [K[?25h[?2026l[?2026h[?25l[A[1Ggathering model components [K
copying file sha256:fadc3e5f8d42bf7e894a785b05082e47daee4df26680389817e2093056f088ad 96% ⠸ [K[?25h[?2026l[?2026h[?25l[A[1Ggathering model components [K
copying file sha256:fadc3e5f8d42bf7e894a785b05082e47daee4df26680389817e2093056f088ad 96% ⠼ [K[?25h[?2026l[?2026h[?25l[A[1Ggathering model components [K
copying file sha256:fadc3e5f8d42bf7e894a785b05082e47daee4df26680389817e2093056f088ad 97% ⠴ [K[?25h[?2026l[?2026h[?25l[A[1Ggathering model components [K
copying file sha256:fadc3e5f8d42bf7e894a785b05082e47daee4df26680389817e2093056f088ad 97% ⠦ [K[?25h[?2026l[?2026h[?25l[A[1Ggathering model components [K
copying file sha256:fadc3e5f8d42bf7e894a785b05082e47daee4df26680389817e2093056f088ad 98% ⠧ [K[?25h[?2026l[?2026h[?25l[A[1Ggathering model components [K
copying file sha256:fadc3e5f8d42bf7e894a785b05082e47daee4df26680389817e2093056f088ad 98% ⠇ [K[?25h[?2026l[?2026h[?25l[A[1Ggathering model components [K
copying file sha256:fadc3e5f8d42bf7e894a785b05082e47daee4df26680389817e2093056f088ad 98% ⠏ [K[?25h[?2026l[?2026h[?25l[A[1Ggathering model components [K
copying file sha256:fadc3e5f8d42bf7e894a785b05082e47daee4df26680389817e2093056f088ad 99% ⠋ [K[?25h[?2026l[?2026h[?25l[A[1Ggathering model components [K
copying file sha256:fadc3e5f8d42bf7e894a785b05082e47daee4df26680389817e2093056f088ad 99% ⠙ [K[?25h[?2026l[?2026h[?25l[A[1Ggathering model components [K
copying file sha256:fadc3e5f8d42bf7e894a785b05082e47daee4df26680389817e2093056f088ad 100% ⠹ [K[?25h[?2026l[?2026h[?25l[A[1Ggathering model components [K
copying file sha256:fadc3e5f8d42bf7e894a785b05082e47daee4df26680389817e2093056f088ad 100% ⠸ [K[?25h[?2026l[?2026h[?25l[A[1Ggathering model components [K
copying file sha256:fadc3e5f8d42bf7e894a785b05082e47daee4df26680389817e2093056f088ad 100% ⠼ [K[?25h[?2026l[?2026h[?25l[A[1Ggathering model components [K
copying file sha256:fadc3e5f8d42bf7e894a785b05082e47daee4df26680389817e2093056f088ad 100% ⠴ [K[?25h[?2026l[?2026h[?25l[A[1Ggathering model components [K
copying file sha256:fadc3e5f8d42bf7e894a785b05082e47daee4df26680389817e2093056f088ad 100% ⠦ [K[?25h[?2026l[?2026h[?25l[A[1Ggathering model components [K
copying file sha256:fadc3e5f8d42bf7e894a785b05082e47daee4df26680389817e2093056f088ad 100% ⠧ [K[?25h[?2026l[?2026h[?25l[A[1Ggathering model components [K
copying file sha256:fadc3e5f8d42bf7e894a785b05082e47daee4df26680389817e2093056f088ad 100% ⠇ [K[?25h[?2026l[?2026h[?25l[A[1Ggathering model components [K
copying file sha256:fadc3e5f8d42bf7e894a785b05082e47daee4df26680389817e2093056f088ad 100% ⠏ [K[?25h[?2026l[?2026h[?25l[A[1Ggathering model components [K
copying file sha256:fadc3e5f8d42bf7e894a785b05082e47daee4df26680389817e2093056f088ad 100% ⠋ [K[?25h[?2026l[?2026h[?25l[A[1Ggathering model components [K
copying file sha256:fadc3e5f8d42bf7e894a785b05082e47daee4df26680389817e2093056f088ad 100% ⠙ [K[?25h[?2026l[?2026h[?25l[A[1Ggathering model components [K
copying file sha256:fadc3e5f8d42bf7e894a785b05082e47daee4df26680389817e2093056f088ad 100% ⠹ [K[?25h[?2026l[?2026h[?25l[A[1Ggathering model components [K
copying file sha256:fadc3e5f8d42bf7e894a785b05082e47daee4df26680389817e2093056f088ad 100% ⠸ [K[?25h[?2026l[?2026h[?25l[A[1Ggathering model components [K
copying file sha256:fadc3e5f8d42bf7e894a785b05082e47daee4df26680389817e2093056f088ad 100% ⠼ [K[?25h[?2026l[?2026h[?25l[A[1Ggathering model components [K
copying file sha256:fadc3e5f8d42bf7e894a785b05082e47daee4df26680389817e2093056f088ad 100% ⠴ [K[?25h[?2026l[?2026h[?25l[A[1Ggathering model components [K
copying file sha256:fadc3e5f8d42bf7e894a785b05082e47daee4df26680389817e2093056f088ad 100% ⠦ [K[?25h[?2026l[?2026h[?25l[A[1Ggathering model components [K
copying file sha256:fadc3e5f8d42bf7e894a785b05082e47daee4df26680389817e2093056f088ad 100% ⠧ [K[?25h[?2026l[?2026h[?25l[A[1Ggathering model components [K
copying file sha256:fadc3e5f8d42bf7e894a785b05082e47daee4df26680389817e2093056f088ad 100% ⠇ [K[?25h[?2026l[?2026h[?25l[A[1Ggathering model components [K
copying file sha256:fadc3e5f8d42bf7e894a785b05082e47daee4df26680389817e2093056f088ad 100% ⠏ [K[?25h[?2026l[?2026h[?25l[A[1Ggathering model components [K
copying file sha256:fadc3e5f8d42bf7e894a785b05082e47daee4df26680389817e2093056f088ad 100% ⠋ [K[?25h[?2026l[?2026h[?25l[A[1Ggathering model components [K
copying file sha256:fadc3e5f8d42bf7e894a785b05082e47daee4df26680389817e2093056f088ad 100% ⠙ [K[?25h[?2026l[?2026h[?25l[A[1Ggathering model components [K
copying file sha256:fadc3e5f8d42bf7e894a785b05082e47daee4df26680389817e2093056f088ad 100% ⠹ [K[?25h[?2026l[?2026h[?25l[A[1Ggathering model components [K
copying file sha256:fadc3e5f8d42bf7e894a785b05082e47daee4df26680389817e2093056f088ad 100% ⠸ [K[?25h[?2026l[?2026h[?25l[A[1Ggathering model components [K
copying file sha256:fadc3e5f8d42bf7e894a785b05082e47daee4df26680389817e2093056f088ad 100% ⠼ [K[?25h[?2026l[?2026h[?25l[A[1Ggathering model components [K
copying file sha256:fadc3e5f8d42bf7e894a785b05082e47daee4df26680389817e2093056f088ad 100% ⠴ [K[?25h[?2026l[?2026h[?25l[A[1Ggathering model components [K
copying file sha256:fadc3e5f8d42bf7e894a785b05082e47daee4df26680389817e2093056f088ad 100% ⠦ [K[?25h[?2026l[?2026h[?25l[A[1Ggathering model components [K
copying file sha256:fadc3e5f8d42bf7e894a785b05082e47daee4df26680389817e2093056f088ad 100% ⠧ [K[?25h[?2026l[?2026h[?25l[A[1Ggathering model components [K
copying file sha256:fadc3e5f8d42bf7e894a785b05082e47daee4df26680389817e2093056f088ad 100% ⠇ [K[?25h[?2026l[?2026h[?25l[A[1Ggathering model components [K
copying file sha256:fadc3e5f8d42bf7e894a785b05082e47daee4df26680389817e2093056f088ad 100% ⠏ [K[?25h[?2026l[?2026h[?25l[A[1Ggathering model components [K
copying file sha256:fadc3e5f8d42bf7e894a785b05082e47daee4df26680389817e2093056f088ad 100% ⠋ [K[?25h[?2026l[?2026h[?25l[A[1Ggathering model components [K
copying file sha256:fadc3e5f8d42bf7e894a785b05082e47daee4df26680389817e2093056f088ad 100% ⠙ [K[?25h[?2026l[?2026h[?25l[A[1Ggathering model components [K
copying file sha256:fadc3e5f8d42bf7e894a785b05082e47daee4df26680389817e2093056f088ad 100% ⠹ [K[?25h[?2026l[?2026h[?25l[A[1Ggathering model components [K
copying file sha256:fadc3e5f8d42bf7e894a785b05082e47daee4df26680389817e2093056f088ad 100% ⠸ [K[?25h[?2026l[?2026h[?25l[A[1Ggathering model components [K
copying file sha256:fadc3e5f8d42bf7e894a785b05082e47daee4df26680389817e2093056f088ad 100% ⠼ [K[?25h[?2026l[?2026h[?25l[A[1Ggathering model components [K
copying file sha256:fadc3e5f8d42bf7e894a785b05082e47daee4df26680389817e2093056f088ad 100% ⠴ [K[?25h[?2026l[?2026h[?25l[A[1Ggathering model components [K
copying file sha256:fadc3e5f8d42bf7e894a785b05082e47daee4df26680389817e2093056f088ad 100% ⠦ [K[?25h[?2026l[?2026h[?25l[A[1Ggathering model components [K
copying file sha256:fadc3e5f8d42bf7e894a785b05082e47daee4df26680389817e2093056f088ad 100% ⠧ [K[?25h[?2026l[?2026h[?25l[A[1Ggathering model components [K
copying file sha256:fadc3e5f8d42bf7e894a785b05082e47daee4df26680389817e2093056f088ad 100% ⠇ [K[?25h[?2026l[?2026h[?25l[A[1Ggathering model components [K
copying file sha256:fadc3e5f8d42bf7e894a785b05082e47daee4df26680389817e2093056f088ad 100% ⠏ [K[?25h[?2026l[?2026h[?25l[A[1Ggathering model components [K
copying file sha256:fadc3e5f8d42bf7e894a785b05082e47daee4df26680389817e2093056f088ad 100% ⠋ [K[?25h[?2026l[?2026h[?25l[A[1Ggathering model components [K
copying file sha256:fadc3e5f8d42bf7e894a785b05082e47daee4df26680389817e2093056f088ad 100% ⠙ [K[?25h[?2026l[?2026h[?25l[A[1Ggathering model components [K
copying file sha256:fadc3e5f8d42bf7e894a785b05082e47daee4df26680389817e2093056f088ad 100% ⠹ [K[?25h[?2026l[?2026h[?25l[A[1Ggathering model components [K
copying file sha256:fadc3e5f8d42bf7e894a785b05082e47daee4df26680389817e2093056f088ad 100% ⠸ [K[?25h[?2026l[?2026h[?25l[A[1Ggathering model components [K
copying file sha256:fadc3e5f8d42bf7e894a785b05082e47daee4df26680389817e2093056f088ad 100% ⠼ [K[?25h[?2026l[?2026h[?25l[A[1Ggathering model components [K
copying file sha256:fadc3e5f8d42bf7e894a785b05082e47daee4df26680389817e2093056f088ad 100% ⠴ [K[?25h[?2026l[?2026h[?25l[A[1Ggathering model components [K
copying file sha256:fadc3e5f8d42bf7e894a785b05082e47daee4df26680389817e2093056f088ad 100% ⠦ [K[?25h[?2026l[?2026h[?25l[A[1Ggathering model components [K
copying file sha256:fadc3e5f8d42bf7e894a785b05082e47daee4df26680389817e2093056f088ad 100% ⠧ [K[?25h[?2026l[?2026h[?25l[A[1Ggathering model components [K
copying file sha256:fadc3e5f8d42bf7e894a785b05082e47daee4df26680389817e2093056f088ad 100% ⠇ [K[?25h[?2026l[?2026h[?25l[A[1Ggathering model components [K
copying file sha256:fadc3e5f8d42bf7e894a785b05082e47daee4df26680389817e2093056f088ad 100% ⠏ [K[?25h[?2026l[?2026h[?25l[A[1Ggathering model components [K
copying file sha256:fadc3e5f8d42bf7e894a785b05082e47daee4df26680389817e2093056f088ad 100% ⠋ [K[?25h[?2026l[?2026h[?25l[A[1Ggathering model components [K
copying file sha256:fadc3e5f8d42bf7e894a785b05082e47daee4df26680389817e2093056f088ad 100% ⠙ [K[?25h[?2026l[?2026h[?25l[A[1Ggathering model components [K
copying file sha256:fadc3e5f8d42bf7e894a785b05082e47daee4df26680389817e2093056f088ad 100% ⠹ [K[?25h[?2026l[?2026h[?25l[A[1Ggathering model components [K
copying file sha256:fadc3e5f8d42bf7e894a785b05082e47daee4df26680389817e2093056f088ad 100% ⠸ [K[?25h[?2026l[?2026h[?25l[A[1Ggathering model components [K
copying file sha256:fadc3e5f8d42bf7e894a785b05082e47daee4df26680389817e2093056f088ad 100% ⠼ [K[?25h[?2026l[?2026h[?25l[A[1Ggathering model components [K
copying file sha256:fadc3e5f8d42bf7e894a785b05082e47daee4df26680389817e2093056f088ad 100% ⠴ [K[?25h[?2026l[?2026h[?25l[A[1Ggathering model components [K
copying file sha256:fadc3e5f8d42bf7e894a785b05082e47daee4df26680389817e2093056f088ad 100% ⠦ [K[?25h[?2026l[?2026h[?25l[A[1Ggathering model components [K
copying file sha256:fadc3e5f8d42bf7e894a785b05082e47daee4df26680389817e2093056f088ad 100% ⠧ [K[?25h[?2026l[?2026h[?25l[A[1Ggathering model components [K
copying file sha256:fadc3e5f8d42bf7e894a785b05082e47daee4df26680389817e2093056f088ad 100% ⠇ [K[?25h[?2026l[?2026h[?25l[A[1Ggathering model components [K
copying file sha256:fadc3e5f8d42bf7e894a785b05082e47daee4df26680389817e2093056f088ad 100% ⠏ [K[?25h[?2026l[?2026h[?25l[A[1Ggathering model components [K
copying file sha256:fadc3e5f8d42bf7e894a785b05082e47daee4df26680389817e2093056f088ad 100% ⠋ [K[?25h[?2026l[?2026h[?25l[A[1Ggathering model components [K
copying file sha256:fadc3e5f8d42bf7e894a785b05082e47daee4df26680389817e2093056f088ad 100% ⠙ [K[?25h[?2026l[?2026h[?25l[A[1Ggathering model components [K
copying file sha256:fadc3e5f8d42bf7e894a785b05082e47daee4df26680389817e2093056f088ad 100% ⠹ [K[?25h[?2026l[?2026h[?25l[A[1Ggathering model components [K
copying file sha256:fadc3e5f8d42bf7e894a785b05082e47daee4df26680389817e2093056f088ad 100% ⠸ [K[?25h[?2026l[?2026h[?25l[A[1Ggathering model components [K
copying file sha256:fadc3e5f8d42bf7e894a785b05082e47daee4df26680389817e2093056f088ad 100% ⠼ [K[?25h[?2026l[?2026h[?25l[A[1Ggathering model components [K
copying file sha256:fadc3e5f8d42bf7e894a785b05082e47daee4df26680389817e2093056f088ad 100% ⠴ [K[?25h[?2026l[?2026h[?25l[A[1Ggathering model components [K
copying file sha256:fadc3e5f8d42bf7e894a785b05082e47daee4df26680389817e2093056f088ad 100% ⠦ [K[?25h[?2026l[?2026h[?25l[A[1Ggathering model components [K
copying file sha256:fadc3e5f8d42bf7e894a785b05082e47daee4df26680389817e2093056f088ad 100% ⠧ [K[?25h[?2026l[?2026h[?25l[A[1Ggathering model components [K
copying file sha256:fadc3e5f8d42bf7e894a785b05082e47daee4df26680389817e2093056f088ad 100% ⠇ [K[?25h[?2026l[?2026h[?25l[A[1Ggathering model components [K
copying file sha256:fadc3e5f8d42bf7e894a785b05082e47daee4df26680389817e2093056f088ad 100% ⠏ [K[?25h[?2026l[?2026h[?25l[A[1Ggathering model components [K
copying file sha256:fadc3e5f8d42bf7e894a785b05082e47daee4df26680389817e2093056f088ad 100% ⠋ [K[?25h[?2026l[?2026h[?25l[A[1Ggathering model components [K
copying file sha256:fadc3e5f8d42bf7e894a785b05082e47daee4df26680389817e2093056f088ad 100% ⠙ [K[?25h[?2026l[?2026h[?25l[A[1Ggathering model components [K
copying file sha256:fadc3e5f8d42bf7e894a785b05082e47daee4df26680389817e2093056f088ad 100% ⠹ [K[?25h[?2026l[?2026h[?25l[A[1Ggathering model components [K
copying file sha256:fadc3e5f8d42bf7e894a785b05082e47daee4df26680389817e2093056f088ad 100% ⠸ [K[?25h[?2026l[?2026h[?25l[A[1Ggathering model components [K
copying file sha256:fadc3e5f8d42bf7e894a785b05082e47daee4df26680389817e2093056f088ad 100% ⠼ [K[?25h[?2026l[?2026h[?25l[A[1Ggathering model components [K
copying file sha256:fadc3e5f8d42bf7e894a785b05082e47daee4df26680389817e2093056f088ad 100% ⠴ [K[?25h[?2026l[?2026h[?25l[A[1Ggathering model components [K
copying file sha256:fadc3e5f8d42bf7e894a785b05082e47daee4df26680389817e2093056f088ad 100% ⠦ [K[?25h[?2026l[?2026h[?25l[A[1Ggathering model components [K
copying file sha256:fadc3e5f8d42bf7e894a785b05082e47daee4df26680389817e2093056f088ad 100% ⠧ [K[?25h[?2026l[?2026h[?25l[A[1Ggathering model components [K
copying file sha256:fadc3e5f8d42bf7e894a785b05082e47daee4df26680389817e2093056f088ad 100% ⠇ [K[?25h[?2026l[?2026h[?25l[A[1Ggathering model components [K
copying file sha256:fadc3e5f8d42bf7e894a785b05082e47daee4df26680389817e2093056f088ad 100% ⠏ [K[?25h[?2026l[?2026h[?25l[A[1Ggathering model components [K
copying file sha256:fadc3e5f8d42bf7e894a785b05082e47daee4df26680389817e2093056f088ad 100% ⠋ [K[?25h[?2026l[?2026h[?25l[A[1Ggathering model components [K
copying file sha256:fadc3e5f8d42bf7e894a785b05082e47daee4df26680389817e2093056f088ad 100% ⠙ [K[?25h[?2026l[?2026h[?25l[A[1Ggathering model components [K
copying file sha256:fadc3e5f8d42bf7e894a785b05082e47daee4df26680389817e2093056f088ad 100% ⠹ [K[?25h[?2026l[?2026h[?25l[A[1Ggathering model components [K
copying file sha256:fadc3e5f8d42bf7e894a785b05082e47daee4df26680389817e2093056f088ad 100% ⠸ [K[?25h[?2026l[?2026h[?25l[A[1Ggathering model components [K
copying file sha256:fadc3e5f8d42bf7e894a785b05082e47daee4df26680389817e2093056f088ad 100% ⠼ [K[?25h[?2026l[?2026h[?25l[A[1Ggathering model components [K
copying file sha256:fadc3e5f8d42bf7e894a785b05082e47daee4df26680389817e2093056f088ad 100% ⠴ [K[?25h[?2026l[?2026h[?25l[A[1Ggathering model components [K
copying file sha256:fadc3e5f8d42bf7e894a785b05082e47daee4df26680389817e2093056f088ad 100% ⠦ [K[?25h[?2026l[?2026h[?25l[A[1Ggathering model components [K
copying file sha256:fadc3e5f8d42bf7e894a785b05082e47daee4df26680389817e2093056f088ad 100% ⠧ [K[?25h[?2026l[?2026h[?25l[A[1Ggathering model components [K
copying file sha256:fadc3e5f8d42bf7e894a785b05082e47daee4df26680389817e2093056f088ad 100% ⠇ [K[?25h[?2026l[?2026h[?25l[A[1Ggathering model components [K
copying file sha256:fadc3e5f8d42bf7e894a785b05082e47daee4df26680389817e2093056f088ad 100% ⠏ [K[?25h[?2026l[?2026h[?25l[A[1Ggathering model components [K
copying file sha256:fadc3e5f8d42bf7e894a785b05082e47daee4df26680389817e2093056f088ad 100% ⠋ [K[?25h[?2026l[?2026h[?25l[A[1Ggathering model components [K
copying file sha256:fadc3e5f8d42bf7e894a785b05082e47daee4df26680389817e2093056f088ad 100% ⠙ [K[?25h[?2026l[?2026h[?25l[A[1Ggathering model components [K
copying file sha256:fadc3e5f8d42bf7e894a785b05082e47daee4df26680389817e2093056f088ad 100% ⠹ [K[?25h[?2026l[?2026h[?25l[A[1Ggathering model components [K
copying file sha256:fadc3e5f8d42bf7e894a785b05082e47daee4df26680389817e2093056f088ad 100% ⠸ [K[?25h[?2026l[?2026h[?25l[A[1Ggathering model components [K
copying file sha256:fadc3e5f8d42bf7e894a785b05082e47daee4df26680389817e2093056f088ad 100% ⠼ [K[?25h[?2026l[?2026h[?25l[A[1Ggathering model components [K
copying file sha256:fadc3e5f8d42bf7e894a785b05082e47daee4df26680389817e2093056f088ad 100% ⠴ [K[?25h[?2026l[?2026h[?25l[A[1Ggathering model components [K
copying file sha256:fadc3e5f8d42bf7e894a785b05082e47daee4df26680389817e2093056f088ad 100% ⠦ [K[?25h[?2026l[?2026h[?25l[A[1Ggathering model components [K
copying file sha256:fadc3e5f8d42bf7e894a785b05082e47daee4df26680389817e2093056f088ad 100% ⠧ [K[?25h[?2026l[?2026h[?25l[A[1Ggathering model components [K
copying file sha256:fadc3e5f8d42bf7e894a785b05082e47daee4df26680389817e2093056f088ad 100% ⠇ [K[?25h[?2026l[?2026h[?25l[A[1Ggathering model components [K
copying file sha256:fadc3e5f8d42bf7e894a785b05082e47daee4df26680389817e2093056f088ad 100% ⠏ [K[?25h[?2026l[?2026h[?25l[A[1Ggathering model components [K
copying file sha256:fadc3e5f8d42bf7e894a785b05082e47daee4df26680389817e2093056f088ad 100% ⠋ [K[?25h[?2026l[?2026h[?25l[A[1Ggathering model components [K
copying file sha256:fadc3e5f8d42bf7e894a785b05082e47daee4df26680389817e2093056f088ad 100% ⠙ [K[?25h[?2026l[?2026h[?25l[A[1Ggathering model components [K
copying file sha256:fadc3e5f8d42bf7e894a785b05082e47daee4df26680389817e2093056f088ad 100% ⠹ [K[?25h[?2026l[?2026h[?25l[A[1Ggathering model components [K
copying file sha256:fadc3e5f8d42bf7e894a785b05082e47daee4df26680389817e2093056f088ad 100% ⠸ [K[?25h[?2026l[?2026h[?25l[A[1Ggathering model components [K
copying file sha256:fadc3e5f8d42bf7e894a785b05082e47daee4df26680389817e2093056f088ad 100% ⠼ [K[?25h[?2026l[?2026h[?25l[A[1Ggathering model components [K
copying file sha256:fadc3e5f8d42bf7e894a785b05082e47daee4df26680389817e2093056f088ad 100% ⠴ [K[?25h[?2026l[?2026h[?25l[A[1Ggathering model components [K
copying file sha256:fadc3e5f8d42bf7e894a785b05082e47daee4df26680389817e2093056f088ad 100% ⠦ [K[?25h[?2026l[?2026h[?25l[A[1Ggathering model components [K
copying file sha256:fadc3e5f8d42bf7e894a785b05082e47daee4df26680389817e2093056f088ad 100% ⠧ [K[?25h[?2026l[?2026h[?25l[A[1Ggathering model components [K
copying file sha256:fadc3e5f8d42bf7e894a785b05082e47daee4df26680389817e2093056f088ad 100% ⠇ [K[?25h[?2026l[?2026h[?25l[A[1Ggathering model components [K
copying file sha256:fadc3e5f8d42bf7e894a785b05082e47daee4df26680389817e2093056f088ad 100% ⠏ [K[?25h[?2026l[?2026h[?25l[A[1Ggathering model components [K
copying file sha256:fadc3e5f8d42bf7e894a785b05082e47daee4df26680389817e2093056f088ad 100% ⠋ [K[?25h[?2026l[?2026h[?25l[A[1Ggathering model components [K
copying file sha256:fadc3e5f8d42bf7e894a785b05082e47daee4df26680389817e2093056f088ad 100% ⠙ [K[?25h[?2026l[?2026h[?25l[A[1Ggathering model components [K
copying file sha256:fadc3e5f8d42bf7e894a785b05082e47daee4df26680389817e2093056f088ad 100% ⠹ [K[?25h[?2026l[?2026h[?25l[A[1Ggathering model components [K
copying file sha256:fadc3e5f8d42bf7e894a785b05082e47daee4df26680389817e2093056f088ad 100% ⠸ [K[?25h[?2026l[?2026h[?25l[A[1Ggathering model components [K
copying file sha256:fadc3e5f8d42bf7e894a785b05082e47daee4df26680389817e2093056f088ad 100% ⠼ [K[?25h[?2026l[?2026h[?25l[A[1Ggathering model components [K
copying file sha256:fadc3e5f8d42bf7e894a785b05082e47daee4df26680389817e2093056f088ad 100% ⠴ [K[?25h[?2026l[?2026h[?25l[A[1Ggathering model components [K
copying file sha256:fadc3e5f8d42bf7e894a785b05082e47daee4df26680389817e2093056f088ad 100% ⠦ [K[?25h[?2026l[?2026h[?25l[A[1Ggathering model components [K
copying file sha256:fadc3e5f8d42bf7e894a785b05082e47daee4df26680389817e2093056f088ad 100% ⠧ [K[?25h[?2026l[?2026h[?25l[A[1Ggathering model components [K
copying file sha256:fadc3e5f8d42bf7e894a785b05082e47daee4df26680389817e2093056f088ad 100% ⠇ [K[?25h[?2026l[?2026h[?25l[A[1Ggathering model components [K
copying file sha256:fadc3e5f8d42bf7e894a785b05082e47daee4df26680389817e2093056f088ad 100% ⠏ [K[?25h[?2026l[?2026h[?25l[A[1Ggathering model components [K
copying file sha256:fadc3e5f8d42bf7e894a785b05082e47daee4df26680389817e2093056f088ad 100% ⠋ [K[?25h[?2026l[?2026h[?25l[A[1Ggathering model components [K
copying file sha256:fadc3e5f8d42bf7e894a785b05082e47daee4df26680389817e2093056f088ad 100% ⠙ [K[?25h[?2026l[?2026h[?25l[A[1Ggathering model components [K
copying file sha256:fadc3e5f8d42bf7e894a785b05082e47daee4df26680389817e2093056f088ad 100% ⠹ [K[?25h[?2026l[?2026h[?25l[A[1Ggathering model components [K
copying file sha256:fadc3e5f8d42bf7e894a785b05082e47daee4df26680389817e2093056f088ad 100% ⠸ [K[?25h[?2026l[?2026h[?25l[A[1Ggathering model components [K
copying file sha256:fadc3e5f8d42bf7e894a785b05082e47daee4df26680389817e2093056f088ad 100% [K
parsing GGUF ⠋ [K[?25h[?2026l[?2026h[?25l[A[A[1Ggathering model components [K
copying file sha256:fadc3e5f8d42bf7e894a785b05082e47daee4df26680389817e2093056f088ad 100% [K
parsing GGUF ⠙ [K[?25h[?2026l[?2026h[?25l[A[A[1Ggathering model components [K
copying file sha256:fadc3e5f8d42bf7e894a785b05082e47daee4df26680389817e2093056f088ad 100% [K
parsing GGUF ⠹ [K[?25h[?2026l[?2026h[?25l[A[A[1Ggathering model components [K
copying file sha256:fadc3e5f8d42bf7e894a785b05082e47daee4df26680389817e2093056f088ad 100% [K
parsing GGUF ⠸ [K[?25h[?2026l[?2026h[?25l[A[A[1Ggathering model components [K
copying file sha256:fadc3e5f8d42bf7e894a785b05082e47daee4df26680389817e2093056f088ad 100% [K
parsing GGUF ⠼ [K[?25h[?2026l[?2026h[?25l[A[A[1Ggathering model components [K
copying file sha256:fadc3e5f8d42bf7e894a785b05082e47daee4df26680389817e2093056f088ad 100% [K
parsing GGUF ⠴ [K[?25h[?2026l[?2026h[?25l[A[A[1Ggathering model components [K
copying file sha256:fadc3e5f8d42bf7e894a785b05082e47daee4df26680389817e2093056f088ad 100% [K
parsing GGUF ⠦ [K[?25h[?2026l[?2026h[?25l[A[A[1Ggathering model components [K
copying file sha256:fadc3e5f8d42bf7e894a785b05082e47daee4df26680389817e2093056f088ad 100% [K
parsing GGUF ⠧ [K[?25h[?2026l[?2026h[?25l[A[A[1Ggathering model components [K
copying file sha256:fadc3e5f8d42bf7e894a785b05082e47daee4df26680389817e2093056f088ad 100% [K
parsing GGUF ⠇ [K[?25h[?2026l[?2026h[?25l[A[A[1Ggathering model components [K
copying file sha256:fadc3e5f8d42bf7e894a785b05082e47daee4df26680389817e2093056f088ad 100% [K
parsing GGUF ⠏ [K[?25h[?2026l[?2026h[?25l[A[A[1Ggathering model components [K
copying file sha256:fadc3e5f8d42bf7e894a785b05082e47daee4df26680389817e2093056f088ad 100% [K
parsing GGUF ⠋ [K[?25h[?2026l[?2026h[?25l[A[A[1Ggathering model components [K
copying file sha256:fadc3e5f8d42bf7e894a785b05082e47daee4df26680389817e2093056f088ad 100% [K
parsing GGUF ⠙ [K[?25h[?2026l[?2026h[?25l[A[A[1Ggathering model components [K
copying file sha256:fadc3e5f8d42bf7e894a785b05082e47daee4df26680389817e2093056f088ad 100% [K
parsing GGUF ⠹ [K[?25h[?2026l[?2026h[?25l[A[A[1Ggathering model components [K
copying file sha256:fadc3e5f8d42bf7e894a785b05082e47daee4df26680389817e2093056f088ad 100% [K
parsing GGUF ⠸ [K[?25h[?2026l[?2026h[?25l[A[A[1Ggathering model components [K
copying file sha256:fadc3e5f8d42bf7e894a785b05082e47daee4df26680389817e2093056f088ad 100% [K
parsing GGUF ⠼ [K[?25h[?2026l[?2026h[?25l[A[A[1Ggathering model components [K
copying file sha256:fadc3e5f8d42bf7e894a785b05082e47daee4df26680389817e2093056f088ad 100% [K
parsing GGUF ⠴ [K[?25h[?2026l[?2026h[?25l[A[A[1Ggathering model components [K
copying file sha256:fadc3e5f8d42bf7e894a785b05082e47daee4df26680389817e2093056f088ad 100% [K
parsing GGUF ⠦ [K[?25h[?2026l[?2026h[?25l[A[A[1Ggathering model components [K
copying file sha256:fadc3e5f8d42bf7e894a785b05082e47daee4df26680389817e2093056f088ad 100% [K
parsing GGUF ⠧ [K[?25h[?2026l[?2026h[?25l[A[A[1Ggathering model components [K
copying file sha256:fadc3e5f8d42bf7e894a785b05082e47daee4df26680389817e2093056f088ad 100% [K
parsing GGUF ⠇ [K[?25h[?2026l[?2026h[?25l[A[A[1Ggathering model components [K
copying file sha256:fadc3e5f8d42bf7e894a785b05082e47daee4df26680389817e2093056f088ad 100% [K
parsing GGUF ⠏ [K[?25h[?2026l[?2026h[?25l[A[A[1Ggathering model components [K
copying file sha256:fadc3e5f8d42bf7e894a785b05082e47daee4df26680389817e2093056f088ad 100% [K
parsing GGUF ⠋ [K[?25h[?2026l[?2026h[?25l[A[A[1Ggathering model components [K
copying file sha256:fadc3e5f8d42bf7e894a785b05082e47daee4df26680389817e2093056f088ad 100% [K
parsing GGUF ⠙ [K[?25h[?2026l[?2026h[?25l[A[A[1Ggathering model components [K
copying file sha256:fadc3e5f8d42bf7e894a785b05082e47daee4df26680389817e2093056f088ad 100% [K
parsing GGUF ⠹ [K[?25h[?2026l[?2026h[?25l[A[A[1Ggathering model components [K
copying file sha256:fadc3e5f8d42bf7e894a785b05082e47daee4df26680389817e2093056f088ad 100% [K
parsing GGUF ⠸ [K[?25h[?2026l[?2026h[?25l[A[A[1Ggathering model components [K
copying file sha256:fadc3e5f8d42bf7e894a785b05082e47daee4df26680389817e2093056f088ad 100% [K
parsing GGUF ⠼ [K[?25h[?2026l[?2026h[?25l[A[A[1Ggathering model components [K
copying file sha256:fadc3e5f8d42bf7e894a785b05082e47daee4df26680389817e2093056f088ad 100% [K
parsing GGUF ⠴ [K[?25h[?2026l[?2026h[?25l[A[A[1Ggathering model components [K
copying file sha256:fadc3e5f8d42bf7e894a785b05082e47daee4df26680389817e2093056f088ad 100% [K
parsing GGUF ⠦ [K[?25h[?2026l[?2026h[?25l[A[A[1Ggathering model components [K
copying file sha256:fadc3e5f8d42bf7e894a785b05082e47daee4df26680389817e2093056f088ad 100% [K
parsing GGUF ⠧ [K[?25h[?2026l[?2026h[?25l[A[A[1Ggathering model components [K
copying file sha256:fadc3e5f8d42bf7e894a785b05082e47daee4df26680389817e2093056f088ad 100% [K
parsing GGUF ⠇ [K[?25h[?2026l[?2026h[?25l[A[A[1Ggathering model components [K
copying file sha256:fadc3e5f8d42bf7e894a785b05082e47daee4df26680389817e2093056f088ad 100% [K
parsing GGUF ⠏ [K[?25h[?2026l[?2026h[?25l[A[A[1Ggathering model components [K
copying file sha256:fadc3e5f8d42bf7e894a785b05082e47daee4df26680389817e2093056f088ad 100% [K
parsing GGUF ⠋ [K[?25h[?2026l[?2026h[?25l[A[A[1Ggathering model components [K
copying file sha256:fadc3e5f8d42bf7e894a785b05082e47daee4df26680389817e2093056f088ad 100% [K
parsing GGUF ⠙ [K[?25h[?2026l[?2026h[?25l[A[A[1Ggathering model components [K
copying file sha256:fadc3e5f8d42bf7e894a785b05082e47daee4df26680389817e2093056f088ad 100% [K
parsing GGUF ⠹ [K[?25h[?2026l[?2026h[?25l[A[A[1Ggathering model components [K
copying file sha256:fadc3e5f8d42bf7e894a785b05082e47daee4df26680389817e2093056f088ad 100% [K
parsing GGUF ⠸ [K[?25h[?2026l[?2026h[?25l[A[A[1Ggathering model components [K
copying file sha256:fadc3e5f8d42bf7e894a785b05082e47daee4df26680389817e2093056f088ad 100% [K
parsing GGUF ⠼ [K[?25h[?2026l[?2026h[?25l[A[A[1Ggathering model components [K
copying file sha256:fadc3e5f8d42bf7e894a785b05082e47daee4df26680389817e2093056f088ad 100% [K
parsing GGUF ⠴ [K[?25h[?2026l[?2026h[?25l[A[A[1Ggathering model components [K
copying file sha256:fadc3e5f8d42bf7e894a785b05082e47daee4df26680389817e2093056f088ad 100% [K
parsing GGUF ⠦ [K[?25h[?2026l[?2026h[?25l[A[A[1Ggathering model components [K
copying file sha256:fadc3e5f8d42bf7e894a785b05082e47daee4df26680389817e2093056f088ad 100% [K
parsing GGUF ⠧ [K[?25h[?2026l[?2026h[?25l[A[A[1Ggathering model components [K
copying file sha256:fadc3e5f8d42bf7e894a785b05082e47daee4df26680389817e2093056f088ad 100% [K
parsing GGUF ⠇ [K[?25h[?2026l[?2026h[?25l[A[A[1Ggathering model components [K
copying file sha256:fadc3e5f8d42bf7e894a785b05082e47daee4df26680389817e2093056f088ad 100% [K
parsing GGUF ⠏ [K[?25h[?2026l[?2026h[?25l[A[A[1Ggathering model components [K
copying file sha256:fadc3e5f8d42bf7e894a785b05082e47daee4df26680389817e2093056f088ad 100% [K
parsing GGUF ⠋ [K[?25h[?2026l[?2026h[?25l[A[A[1Ggathering model components [K
copying file sha256:fadc3e5f8d42bf7e894a785b05082e47daee4df26680389817e2093056f088ad 100% [K
parsing GGUF ⠙ [K[?25h[?2026l[?2026h[?25l[A[A[1Ggathering model components [K
copying file sha256:fadc3e5f8d42bf7e894a785b05082e47daee4df26680389817e2093056f088ad 100% [K
parsing GGUF ⠹ [K[?25h[?2026l[?2026h[?25l[A[A[1Ggathering model components [K
copying file sha256:fadc3e5f8d42bf7e894a785b05082e47daee4df26680389817e2093056f088ad 100% [K
parsing GGUF ⠸ [K[?25h[?2026l[?2026h[?25l[A[A[1Ggathering model components [K
copying file sha256:fadc3e5f8d42bf7e894a785b05082e47daee4df26680389817e2093056f088ad 100% [K
parsing GGUF ⠼ [K[?25h[?2026l[?2026h[?25l[A[A[1Ggathering model components [K
copying file sha256:fadc3e5f8d42bf7e894a785b05082e47daee4df26680389817e2093056f088ad 100% [K
parsing GGUF ⠴ [K[?25h[?2026l[?2026h[?25l[A[A[1Ggathering model components [K
copying file sha256:fadc3e5f8d42bf7e894a785b05082e47daee4df26680389817e2093056f088ad 100% [K
parsing GGUF ⠦ [K[?25h[?2026l[?2026h[?25l[A[A[1Ggathering model components [K
copying file sha256:fadc3e5f8d42bf7e894a785b05082e47daee4df26680389817e2093056f088ad 100% [K
parsing GGUF ⠧ [K[?25h[?2026l[?2026h[?25l[A[A[1Ggathering model components [K
copying file sha256:fadc3e5f8d42bf7e894a785b05082e47daee4df26680389817e2093056f088ad 100% [K
parsing GGUF ⠇ [K[?25h[?2026l[?2026h[?25l[A[A[1Ggathering model components [K
copying file sha256:fadc3e5f8d42bf7e894a785b05082e47daee4df26680389817e2093056f088ad 100% [K
parsing GGUF ⠏ [K[?25h[?2026l[?2026h[?25l[A[A[1Ggathering model components [K
copying file sha256:fadc3e5f8d42bf7e894a785b05082e47daee4df26680389817e2093056f088ad 100% [K
parsing GGUF ⠋ [K[?25h[?2026l[?2026h[?25l[A[A[1Ggathering model components [K
copying file sha256:fadc3e5f8d42bf7e894a785b05082e47daee4df26680389817e2093056f088ad 100% [K
parsing GGUF ⠙ [K[?25h[?2026l[?2026h[?25l[A[A[1Ggathering model components [K
copying file sha256:fadc3e5f8d42bf7e894a785b05082e47daee4df26680389817e2093056f088ad 100% [K
parsing GGUF ⠹ [K[?25h[?2026l[?2026h[?25l[A[A[1Ggathering model components [K
copying file sha256:fadc3e5f8d42bf7e894a785b05082e47daee4df26680389817e2093056f088ad 100% [K
parsing GGUF ⠸ [K[?25h[?2026l[?2026h[?25l[A[A[1Ggathering model components [K
copying file sha256:fadc3e5f8d42bf7e894a785b05082e47daee4df26680389817e2093056f088ad 100% [K
parsing GGUF ⠼ [K[?25h[?2026l[?2026h[?25l[A[A[1Ggathering model components [K
copying file sha256:fadc3e5f8d42bf7e894a785b05082e47daee4df26680389817e2093056f088ad 100% [K
parsing GGUF ⠴ [K[?25h[?2026l[?2026h[?25l[A[A[1Ggathering model components [K
copying file sha256:fadc3e5f8d42bf7e894a785b05082e47daee4df26680389817e2093056f088ad 100% [K
parsing GGUF ⠦ [K[?25h[?2026l[?2026h[?25l[A[A[1Ggathering model components [K
copying file sha256:fadc3e5f8d42bf7e894a785b05082e47daee4df26680389817e2093056f088ad 100% [K
parsing GGUF ⠧ [K[?25h[?2026l[?2026h[?25l[A[A[1Ggathering model components [K
copying file sha256:fadc3e5f8d42bf7e894a785b05082e47daee4df26680389817e2093056f088ad 100% [K
parsing GGUF ⠇ [K[?25h[?2026l[?2026h[?25l[A[A[1Ggathering model components [K
copying file sha256:fadc3e5f8d42bf7e894a785b05082e47daee4df26680389817e2093056f088ad 100% [K
parsing GGUF ⠏ [K[?25h[?2026l[?2026h[?25l[A[A[1Ggathering model components [K
copying file sha256:fadc3e5f8d42bf7e894a785b05082e47daee4df26680389817e2093056f088ad 100% [K
parsing GGUF ⠋ [K[?25h[?2026l[?2026h[?25l[A[A[1Ggathering model components [K
copying file sha256:fadc3e5f8d42bf7e894a785b05082e47daee4df26680389817e2093056f088ad 100% [K
parsing GGUF ⠙ [K[?25h[?2026l[?2026h[?25l[A[A[1Ggathering model components [K
copying file sha256:fadc3e5f8d42bf7e894a785b05082e47daee4df26680389817e2093056f088ad 100% [K
parsing GGUF ⠹ [K[?25h[?2026l[?2026h[?25l[A[A[1Ggathering model components [K
copying file sha256:fadc3e5f8d42bf7e894a785b05082e47daee4df26680389817e2093056f088ad 100% [K
parsing GGUF ⠸ [K[?25h[?2026l[?2026h[?25l[A[A[1Ggathering model components [K
copying file sha256:fadc3e5f8d42bf7e894a785b05082e47daee4df26680389817e2093056f088ad 100% [K
parsing GGUF ⠼ [K[?25h[?2026l[?2026h[?25l[A[A[1Ggathering model components [K
copying file sha256:fadc3e5f8d42bf7e894a785b05082e47daee4df26680389817e2093056f088ad 100% [K
parsing GGUF ⠴ [K[?25h[?2026l[?2026h[?25l[A[A[1Ggathering model components [K
copying file sha256:fadc3e5f8d42bf7e894a785b05082e47daee4df26680389817e2093056f088ad 100% [K
parsing GGUF ⠦ [K[?25h[?2026l[?2026h[?25l[A[A[1Ggathering model components [K
copying file sha256:fadc3e5f8d42bf7e894a785b05082e47daee4df26680389817e2093056f088ad 100% [K
parsing GGUF ⠧ [K[?25h[?2026l[?2026h[?25l[A[A[1Ggathering model components [K
copying file sha256:fadc3e5f8d42bf7e894a785b05082e47daee4df26680389817e2093056f088ad 100% [K
parsing GGUF ⠇ [K[?25h[?2026l[?2026h[?25l[A[A[1Ggathering model components [K
copying file sha256:fadc3e5f8d42bf7e894a785b05082e47daee4df26680389817e2093056f088ad 100% [K
parsing GGUF ⠏ [K[?25h[?2026l[?2026h[?25l[A[A[1Ggathering model components [K
copying file sha256:fadc3e5f8d42bf7e894a785b05082e47daee4df26680389817e2093056f088ad 100% [K
parsing GGUF ⠋ [K[?25h[?2026l[?2026h[?25l[A[A[1Ggathering model components [K
copying file sha256:fadc3e5f8d42bf7e894a785b05082e47daee4df26680389817e2093056f088ad 100% [K
parsing GGUF ⠙ [K[?25h[?2026l[?2026h[?25l[A[A[1Ggathering model components [K
copying file sha256:fadc3e5f8d42bf7e894a785b05082e47daee4df26680389817e2093056f088ad 100% [K
parsing GGUF ⠹ [K[?25h[?2026l[?2026h[?25l[A[A[1Ggathering model components [K
copying file sha256:fadc3e5f8d42bf7e894a785b05082e47daee4df26680389817e2093056f088ad 100% [K
parsing GGUF ⠸ [K[?25h[?2026l[?2026h[?25l[A[A[1Ggathering model components [K
copying file sha256:fadc3e5f8d42bf7e894a785b05082e47daee4df26680389817e2093056f088ad 100% [K
parsing GGUF ⠼ [K[?25h[?2026l[?2026h[?25l[A[A[1Ggathering model components [K
copying file sha256:fadc3e5f8d42bf7e894a785b05082e47daee4df26680389817e2093056f088ad 100% [K
parsing GGUF ⠴ [K[?25h[?2026l[?2026h[?25l[A[A[1Ggathering model components [K
copying file sha256:fadc3e5f8d42bf7e894a785b05082e47daee4df26680389817e2093056f088ad 100% [K
parsing GGUF ⠦ [K[?25h[?2026l[?2026h[?25l[A[A[1Ggathering model components [K
copying file sha256:fadc3e5f8d42bf7e894a785b05082e47daee4df26680389817e2093056f088ad 100% [K
parsing GGUF ⠧ [K[?25h[?2026l[?2026h[?25l[A[A[1Ggathering model components [K
copying file sha256:fadc3e5f8d42bf7e894a785b05082e47daee4df26680389817e2093056f088ad 100% [K
parsing GGUF ⠇ [K[?25h[?2026l[?2026h[?25l[A[A[1Ggathering model components [K
copying file sha256:fadc3e5f8d42bf7e894a785b05082e47daee4df26680389817e2093056f088ad 100% [K
parsing GGUF ⠏ [K[?25h[?2026l[?2026h[?25l[A[A[1Ggathering model components [K
copying file sha256:fadc3e5f8d42bf7e894a785b05082e47daee4df26680389817e2093056f088ad 100% [K
parsing GGUF ⠋ [K[?25h[?2026l[?2026h[?25l[A[A[1Ggathering model components [K
copying file sha256:fadc3e5f8d42bf7e894a785b05082e47daee4df26680389817e2093056f088ad 100% [K
parsing GGUF ⠙ [K[?25h[?2026l[?2026h[?25l[A[A[1Ggathering model components [K
copying file sha256:fadc3e5f8d42bf7e894a785b05082e47daee4df26680389817e2093056f088ad 100% [K
parsing GGUF ⠹ [K[?25h[?2026l[?2026h[?25l[A[A[1Ggathering model components [K
copying file sha256:fadc3e5f8d42bf7e894a785b05082e47daee4df26680389817e2093056f088ad 100% [K
parsing GGUF ⠸ [K[?25h[?2026l[?2026h[?25l[A[A[1Ggathering model components [K
copying file sha256:fadc3e5f8d42bf7e894a785b05082e47daee4df26680389817e2093056f088ad 100% [K
parsing GGUF ⠼ [K[?25h[?2026l[?2026h[?25l[A[A[1Ggathering model components [K
copying file sha256:fadc3e5f8d42bf7e894a785b05082e47daee4df26680389817e2093056f088ad 100% [K
parsing GGUF ⠴ [K[?25h[?2026l[?2026h[?25l[A[A[1Ggathering model components [K
copying file sha256:fadc3e5f8d42bf7e894a785b05082e47daee4df26680389817e2093056f088ad 100% [K
parsing GGUF ⠦ [K[?25h[?2026l[?2026h[?25l[A[A[1Ggathering model components [K
copying file sha256:fadc3e5f8d42bf7e894a785b05082e47daee4df26680389817e2093056f088ad 100% [K
parsing GGUF ⠧ [K[?25h[?2026l[?2026h[?25l[A[A[1Ggathering model components [K
copying file sha256:fadc3e5f8d42bf7e894a785b05082e47daee4df26680389817e2093056f088ad 100% [K
parsing GGUF ⠇ [K[?25h[?2026l[?2026h[?25l[A[A[1Ggathering model components [K
copying file sha256:fadc3e5f8d42bf7e894a785b05082e47daee4df26680389817e2093056f088ad 100% [K
parsing GGUF ⠏ [K[?25h[?2026l[?2026h[?25l[A[A[1Ggathering model components [K
copying file sha256:fadc3e5f8d42bf7e894a785b05082e47daee4df26680389817e2093056f088ad 100% [K
parsing GGUF ⠋ [K[?25h[?2026l[?2026h[?25l[A[A[1Ggathering model components [K
copying file sha256:fadc3e5f8d42bf7e894a785b05082e47daee4df26680389817e2093056f088ad 100% [K
parsing GGUF ⠙ [K[?25h[?2026l[?2026h[?25l[A[A[1Ggathering model components [K
copying file sha256:fadc3e5f8d42bf7e894a785b05082e47daee4df26680389817e2093056f088ad 100% [K
parsing GGUF ⠹ [K[?25h[?2026l[?2026h[?25l[A[A[1Ggathering model components [K
copying file sha256:fadc3e5f8d42bf7e894a785b05082e47daee4df26680389817e2093056f088ad 100% [K
parsing GGUF ⠸ [K[?25h[?2026l[?2026h[?25l[A[A[1Ggathering model components [K
copying file sha256:fadc3e5f8d42bf7e894a785b05082e47daee4df26680389817e2093056f088ad 100% [K
parsing GGUF ⠼ [K[?25h[?2026l[?2026h[?25l[A[A[1Ggathering model components [K
copying file sha256:fadc3e5f8d42bf7e894a785b05082e47daee4df26680389817e2093056f088ad 100% [K
parsing GGUF ⠴ [K[?25h[?2026l[?2026h[?25l[A[A[1Ggathering model components [K
copying file sha256:fadc3e5f8d42bf7e894a785b05082e47daee4df26680389817e2093056f088ad 100% [K
parsing GGUF ⠦ [K[?25h[?2026l[?2026h[?25l[A[A[1Ggathering model components [K
copying file sha256:fadc3e5f8d42bf7e894a785b05082e47daee4df26680389817e2093056f088ad 100% [K
parsing GGUF ⠧ [K[?25h[?2026l[?2026h[?25l[A[A[1Ggathering model components [K
copying file sha256:fadc3e5f8d42bf7e894a785b05082e47daee4df26680389817e2093056f088ad 100% [K
parsing GGUF ⠇ [K[?25h[?2026l[?2026h[?25l[A[A[1Ggathering model components [K
copying file sha256:fadc3e5f8d42bf7e894a785b05082e47daee4df26680389817e2093056f088ad 100% [K
parsing GGUF ⠏ [K[?25h[?2026l[?2026h[?25l[A[A[1Ggathering model components [K
copying file sha256:fadc3e5f8d42bf7e894a785b05082e47daee4df26680389817e2093056f088ad 100% [K
parsing GGUF ⠋ [K[?25h[?2026l[?2026h[?25l[A[A[1Ggathering model components [K
copying file sha256:fadc3e5f8d42bf7e894a785b05082e47daee4df26680389817e2093056f088ad 100% [K
parsing GGUF ⠙ [K[?25h[?2026l[?2026h[?25l[A[A[1Ggathering model components [K
copying file sha256:fadc3e5f8d42bf7e894a785b05082e47daee4df26680389817e2093056f088ad 100% [K
parsing GGUF ⠹ [K[?25h[?2026l[?2026h[?25l[A[A[1Ggathering model components [K
copying file sha256:fadc3e5f8d42bf7e894a785b05082e47daee4df26680389817e2093056f088ad 100% [K
parsing GGUF ⠸ [K[?25h[?2026l[?2026h[?25l[A[A[1Ggathering model components [K
copying file sha256:fadc3e5f8d42bf7e894a785b05082e47daee4df26680389817e2093056f088ad 100% [K
parsing GGUF ⠼ [K[?25h[?2026l[?2026h[?25l[A[A[1Ggathering model components [K
copying file sha256:fadc3e5f8d42bf7e894a785b05082e47daee4df26680389817e2093056f088ad 100% [K
parsing GGUF ⠴ [K[?25h[?2026l[?2026h[?25l[A[A[1Ggathering model components [K
copying file sha256:fadc3e5f8d42bf7e894a785b05082e47daee4df26680389817e2093056f088ad 100% [K
parsing GGUF ⠦ [K[?25h[?2026l[?2026h[?25l[A[A[1Ggathering model components [K
copying file sha256:fadc3e5f8d42bf7e894a785b05082e47daee4df26680389817e2093056f088ad 100% [K
parsing GGUF ⠧ [K[?25h[?2026l[?2026h[?25l[A[A[1Ggathering model components [K
copying file sha256:fadc3e5f8d42bf7e894a785b05082e47daee4df26680389817e2093056f088ad 100% [K
parsing GGUF ⠇ [K[?25h[?2026l[?2026h[?25l[A[A[1Ggathering model components [K
copying file sha256:fadc3e5f8d42bf7e894a785b05082e47daee4df26680389817e2093056f088ad 100% [K
parsing GGUF ⠏ [K[?25h[?2026l[?2026h[?25l[A[A[1Ggathering model components [K
copying file sha256:fadc3e5f8d42bf7e894a785b05082e47daee4df26680389817e2093056f088ad 100% [K
parsing GGUF ⠋ [K[?25h[?2026l[?2026h[?25l[A[A[1Ggathering model components [K
copying file sha256:fadc3e5f8d42bf7e894a785b05082e47daee4df26680389817e2093056f088ad 100% [K
parsing GGUF ⠙ [K[?25h[?2026l[?2026h[?25l[A[A[1Ggathering model components [K
copying file sha256:fadc3e5f8d42bf7e894a785b05082e47daee4df26680389817e2093056f088ad 100% [K
parsing GGUF ⠹ [K[?25h[?2026l[?2026h[?25l[A[A[1Ggathering model components [K
copying file sha256:fadc3e5f8d42bf7e894a785b05082e47daee4df26680389817e2093056f088ad 100% [K
parsing GGUF ⠸ [K[?25h[?2026l[?2026h[?25l[A[A[1Ggathering model components [K
copying file sha256:fadc3e5f8d42bf7e894a785b05082e47daee4df26680389817e2093056f088ad 100% [K
parsing GGUF ⠼ [K[?25h[?2026l[?2026h[?25l[A[A[1Ggathering model components [K
copying file sha256:fadc3e5f8d42bf7e894a785b05082e47daee4df26680389817e2093056f088ad 100% [K
parsing GGUF ⠴ [K[?25h[?2026l[?2026h[?25l[A[A[1Ggathering model components [K
copying file sha256:fadc3e5f8d42bf7e894a785b05082e47daee4df26680389817e2093056f088ad 100% [K
parsing GGUF ⠦ [K[?25h[?2026l[?2026h[?25l[A[A[1Ggathering model components [K
copying file sha256:fadc3e5f8d42bf7e894a785b05082e47daee4df26680389817e2093056f088ad 100% [K
parsing GGUF ⠧ [K[?25h[?2026l[?2026h[?25l[A[A[1Ggathering model components [K
copying file sha256:fadc3e5f8d42bf7e894a785b05082e47daee4df26680389817e2093056f088ad 100% [K
parsing GGUF ⠇ [K[?25h[?2026l[?2026h[?25l[A[A[1Ggathering model components [K
copying file sha256:fadc3e5f8d42bf7e894a785b05082e47daee4df26680389817e2093056f088ad 100% [K
parsing GGUF ⠏ [K[?25h[?2026l[?2026h[?25l[A[A[1Ggathering model components [K
copying file sha256:fadc3e5f8d42bf7e894a785b05082e47daee4df26680389817e2093056f088ad 100% [K
parsing GGUF ⠋ [K[?25h[?2026l[?2026h[?25l[A[A[1Ggathering model components [K
copying file sha256:fadc3e5f8d42bf7e894a785b05082e47daee4df26680389817e2093056f088ad 100% [K
parsing GGUF ⠙ [K[?25h[?2026l[?2026h[?25l[A[A[1Ggathering model components [K
copying file sha256:fadc3e5f8d42bf7e894a785b05082e47daee4df26680389817e2093056f088ad 100% [K
parsing GGUF ⠹ [K[?25h[?2026l[?2026h[?25l[A[A[1Ggathering model components [K
copying file sha256:fadc3e5f8d42bf7e894a785b05082e47daee4df26680389817e2093056f088ad 100% [K
parsing GGUF ⠸ [K[?25h[?2026l[?2026h[?25l[A[A[1Ggathering model components [K
copying file sha256:fadc3e5f8d42bf7e894a785b05082e47daee4df26680389817e2093056f088ad 100% [K
parsing GGUF ⠼ [K[?25h[?2026l[?2026h[?25l[A[A[1Ggathering model components [K
copying file sha256:fadc3e5f8d42bf7e894a785b05082e47daee4df26680389817e2093056f088ad 100% [K
parsing GGUF ⠴ [K[?25h[?2026l[?2026h[?25l[A[A[1Ggathering model components [K
copying file sha256:fadc3e5f8d42bf7e894a785b05082e47daee4df26680389817e2093056f088ad 100% [K
parsing GGUF ⠦ [K[?25h[?2026l[?2026h[?25l[A[A[1Ggathering model components [K
copying file sha256:fadc3e5f8d42bf7e894a785b05082e47daee4df26680389817e2093056f088ad 100% [K
parsing GGUF ⠧ [K[?25h[?2026l[?2026h[?25l[A[A[1Ggathering model components [K
copying file sha256:fadc3e5f8d42bf7e894a785b05082e47daee4df26680389817e2093056f088ad 100% [K
parsing GGUF ⠇ [K[?25h[?2026l[?2026h[?25l[A[A[1Ggathering model components [K
copying file sha256:fadc3e5f8d42bf7e894a785b05082e47daee4df26680389817e2093056f088ad 100% [K
parsing GGUF ⠏ [K[?25h[?2026l[?2026h[?25l[A[A[1Ggathering model components [K
copying file sha256:fadc3e5f8d42bf7e894a785b05082e47daee4df26680389817e2093056f088ad 100% [K
parsing GGUF ⠋ [K[?25h[?2026l[?2026h[?25l[A[A[1Ggathering model components [K
copying file sha256:fadc3e5f8d42bf7e894a785b05082e47daee4df26680389817e2093056f088ad 100% [K
parsing GGUF ⠙ [K[?25h[?2026l[?2026h[?25l[A[A[1Ggathering model components [K
copying file sha256:fadc3e5f8d42bf7e894a785b05082e47daee4df26680389817e2093056f088ad 100% [K
parsing GGUF ⠹ [K[?25h[?2026l[?2026h[?25l[A[A[1Ggathering model components [K
copying file sha256:fadc3e5f8d42bf7e894a785b05082e47daee4df26680389817e2093056f088ad 100% [K
parsing GGUF ⠸ [K[?25h[?2026l[?2026h[?25l[A[A[1Ggathering model components [K
copying file sha256:fadc3e5f8d42bf7e894a785b05082e47daee4df26680389817e2093056f088ad 100% [K
parsing GGUF ⠼ [K[?25h[?2026l[?2026h[?25l[A[A[1Ggathering model components [K
copying file sha256:fadc3e5f8d42bf7e894a785b05082e47daee4df26680389817e2093056f088ad 100% [K
parsing GGUF ⠴ [K[?25h[?2026l[?2026h[?25l[A[A[1Ggathering model components [K
copying file sha256:fadc3e5f8d42bf7e894a785b05082e47daee4df26680389817e2093056f088ad 100% [K
parsing GGUF ⠦ [K[?25h[?2026l[?2026h[?25l[A[A[1Ggathering model components [K
copying file sha256:fadc3e5f8d42bf7e894a785b05082e47daee4df26680389817e2093056f088ad 100% [K
parsing GGUF ⠧ [K[?25h[?2026l[?2026h[?25l[A[A[1Ggathering model components [K
copying file sha256:fadc3e5f8d42bf7e894a785b05082e47daee4df26680389817e2093056f088ad 100% [K
parsing GGUF ⠇ [K[?25h[?2026l[?2026h[?25l[A[A[1Ggathering model components [K
copying file sha256:fadc3e5f8d42bf7e894a785b05082e47daee4df26680389817e2093056f088ad 100% [K
parsing GGUF ⠏ [K[?25h[?2026l[?2026h[?25l[A[A[1Ggathering model components [K
copying file sha256:fadc3e5f8d42bf7e894a785b05082e47daee4df26680389817e2093056f088ad 100% [K
parsing GGUF ⠋ [K[?25h[?2026l[?2026h[?25l[A[A[1Ggathering model components [K
copying file sha256:fadc3e5f8d42bf7e894a785b05082e47daee4df26680389817e2093056f088ad 100% [K
parsing GGUF ⠙ [K[?25h[?2026l[?2026h[?25l[A[A[1Ggathering model components [K
copying file sha256:fadc3e5f8d42bf7e894a785b05082e47daee4df26680389817e2093056f088ad 100% [K
parsing GGUF ⠹ [K[?25h[?2026l[?2026h[?25l[A[A[1Ggathering model components [K
copying file sha256:fadc3e5f8d42bf7e894a785b05082e47daee4df26680389817e2093056f088ad 100% [K
parsing GGUF ⠸ [K[?25h[?2026l[?2026h[?25l[A[A[1Ggathering model components [K
copying file sha256:fadc3e5f8d42bf7e894a785b05082e47daee4df26680389817e2093056f088ad 100% [K
parsing GGUF ⠼ [K[?25h[?2026l[?2026h[?25l[A[A[1Ggathering model components [K
copying file sha256:fadc3e5f8d42bf7e894a785b05082e47daee4df26680389817e2093056f088ad 100% [K
parsing GGUF ⠴ [K[?25h[?2026l[?2026h[?25l[A[A[1Ggathering model components [K
copying file sha256:fadc3e5f8d42bf7e894a785b05082e47daee4df26680389817e2093056f088ad 100% [K
parsing GGUF ⠦ [K[?25h[?2026l[?2026h[?25l[A[A[1Ggathering model components [K
copying file sha256:fadc3e5f8d42bf7e894a785b05082e47daee4df26680389817e2093056f088ad 100% [K
parsing GGUF ⠧ [K[?25h[?2026l[?2026h[?25l[A[A[1Ggathering model components [K
copying file sha256:fadc3e5f8d42bf7e894a785b05082e47daee4df26680389817e2093056f088ad 100% [K
parsing GGUF ⠇ [K[?25h[?2026l[?2026h[?25l[A[A[1Ggathering model components [K
copying file sha256:fadc3e5f8d42bf7e894a785b05082e47daee4df26680389817e2093056f088ad 100% [K
parsing GGUF ⠏ [K[?25h[?2026l[?2026h[?25l[A[A[1Ggathering model components [K
copying file sha256:fadc3e5f8d42bf7e894a785b05082e47daee4df26680389817e2093056f088ad 100% [K
parsing GGUF ⠋ [K[?25h[?2026l[?2026h[?25l[A[A[1Ggathering model components [K
copying file sha256:fadc3e5f8d42bf7e894a785b05082e47daee4df26680389817e2093056f088ad 100% [K
parsing GGUF ⠙ [K[?25h[?2026l[?2026h[?25l[A[A[1Ggathering model components [K
copying file sha256:fadc3e5f8d42bf7e894a785b05082e47daee4df26680389817e2093056f088ad 100% [K
parsing GGUF ⠹ [K[?25h[?2026l[?2026h[?25l[A[A[1Ggathering model components [K
copying file sha256:fadc3e5f8d42bf7e894a785b05082e47daee4df26680389817e2093056f088ad 100% [K
parsing GGUF ⠸ [K[?25h[?2026l[?2026h[?25l[A[A[1Ggathering model components [K
copying file sha256:fadc3e5f8d42bf7e894a785b05082e47daee4df26680389817e2093056f088ad 100% [K
parsing GGUF ⠼ [K[?25h[?2026l[?2026h[?25l[A[A[1Ggathering model components [K
copying file sha256:fadc3e5f8d42bf7e894a785b05082e47daee4df26680389817e2093056f088ad 100% [K
parsing GGUF ⠴ [K[?25h[?2026l[?2026h[?25l[A[A[1Ggathering model components [K
copying file sha256:fadc3e5f8d42bf7e894a785b05082e47daee4df26680389817e2093056f088ad 100% [K
parsing GGUF ⠦ [K[?25h[?2026l[?2026h[?25l[A[A[1Ggathering model components [K
copying file sha256:fadc3e5f8d42bf7e894a785b05082e47daee4df26680389817e2093056f088ad 100% [K
parsing GGUF ⠧ [K[?25h[?2026l[?2026h[?25l[A[A[1Ggathering model components [K
copying file sha256:fadc3e5f8d42bf7e894a785b05082e47daee4df26680389817e2093056f088ad 100% [K
parsing GGUF ⠇ [K[?25h[?2026l[?2026h[?25l[A[A[1Ggathering model components [K
copying file sha256:fadc3e5f8d42bf7e894a785b05082e47daee4df26680389817e2093056f088ad 100% [K
parsing GGUF ⠏ [K[?25h[?2026l[?2026h[?25l[A[A[1Ggathering model components [K
copying file sha256:fadc3e5f8d42bf7e894a785b05082e47daee4df26680389817e2093056f088ad 100% [K
parsing GGUF ⠋ [K[?25h[?2026l[?2026h[?25l[A[A[1Ggathering model components [K
copying file sha256:fadc3e5f8d42bf7e894a785b05082e47daee4df26680389817e2093056f088ad 100% [K
parsing GGUF ⠙ [K[?25h[?2026l[?2026h[?25l[A[A[1Ggathering model components [K
copying file sha256:fadc3e5f8d42bf7e894a785b05082e47daee4df26680389817e2093056f088ad 100% [K
parsing GGUF ⠹ [K[?25h[?2026l[?2026h[?25l[A[A[1Ggathering model components [K
copying file sha256:fadc3e5f8d42bf7e894a785b05082e47daee4df26680389817e2093056f088ad 100% [K
parsing GGUF ⠸ [K[?25h[?2026l[?2026h[?25l[A[A[1Ggathering model components [K
copying file sha256:fadc3e5f8d42bf7e894a785b05082e47daee4df26680389817e2093056f088ad 100% [K
parsing GGUF ⠼ [K[?25h[?2026l[?2026h[?25l[A[A[1Ggathering model components [K
copying file sha256:fadc3e5f8d42bf7e894a785b05082e47daee4df26680389817e2093056f088ad 100% [K
parsing GGUF ⠴ [K[?25h[?2026l[?2026h[?25l[A[A[1Ggathering model components [K
copying file sha256:fadc3e5f8d42bf7e894a785b05082e47daee4df26680389817e2093056f088ad 100% [K
parsing GGUF ⠦ [K[?25h[?2026l[?2026h[?25l[A[A[1Ggathering model components [K
copying file sha256:fadc3e5f8d42bf7e894a785b05082e47daee4df26680389817e2093056f088ad 100% [K
parsing GGUF ⠧ [K[?25h[?2026l[?2026h[?25l[A[A[1Ggathering model components [K
copying file sha256:fadc3e5f8d42bf7e894a785b05082e47daee4df26680389817e2093056f088ad 100% [K
parsing GGUF ⠇ [K[?25h[?2026l[?2026h[?25l[A[A[1Ggathering model components [K
copying file sha256:fadc3e5f8d42bf7e894a785b05082e47daee4df26680389817e2093056f088ad 100% [K
parsing GGUF ⠏ [K[?25h[?2026l[?2026h[?25l[A[A[1Ggathering model components [K
copying file sha256:fadc3e5f8d42bf7e894a785b05082e47daee4df26680389817e2093056f088ad 100% [K
parsing GGUF ⠋ [K[?25h[?2026l[?2026h[?25l[A[A[1Ggathering model components [K
copying file sha256:fadc3e5f8d42bf7e894a785b05082e47daee4df26680389817e2093056f088ad 100% [K
parsing GGUF ⠙ [K[?25h[?2026l[?2026h[?25l[A[A[1Ggathering model components [K
copying file sha256:fadc3e5f8d42bf7e894a785b05082e47daee4df26680389817e2093056f088ad 100% [K
parsing GGUF ⠹ [K[?25h[?2026l[?2026h[?25l[A[A[1Ggathering model components [K
copying file sha256:fadc3e5f8d42bf7e894a785b05082e47daee4df26680389817e2093056f088ad 100% [K
parsing GGUF ⠸ [K[?25h[?2026l[?2026h[?25l[A[A[1Ggathering model components [K
copying file sha256:fadc3e5f8d42bf7e894a785b05082e47daee4df26680389817e2093056f088ad 100% [K
parsing GGUF ⠼ [K[?25h[?2026l[?2026h[?25l[A[A[1Ggathering model components [K
copying file sha256:fadc3e5f8d42bf7e894a785b05082e47daee4df26680389817e2093056f088ad 100% [K
parsing GGUF ⠴ [K[?25h[?2026l[?2026h[?25l[A[A[1Ggathering model components [K
copying file sha256:fadc3e5f8d42bf7e894a785b05082e47daee4df26680389817e2093056f088ad 100% [K
parsing GGUF ⠦ [K[?25h[?2026l[?2026h[?25l[A[A[1Ggathering model components [K
copying file sha256:fadc3e5f8d42bf7e894a785b05082e47daee4df26680389817e2093056f088ad 100% [K
parsing GGUF ⠧ [K[?25h[?2026l[?2026h[?25l[A[A[1Ggathering model components [K
copying file sha256:fadc3e5f8d42bf7e894a785b05082e47daee4df26680389817e2093056f088ad 100% [K
parsing GGUF ⠇ [K[?25h[?2026l[?2026h[?25l[A[A[1Ggathering model components [K
copying file sha256:fadc3e5f8d42bf7e894a785b05082e47daee4df26680389817e2093056f088ad 100% [K
parsing GGUF ⠏ [K[?25h[?2026l[?2026h[?25l[A[A[1Ggathering model components [K
copying file sha256:fadc3e5f8d42bf7e894a785b05082e47daee4df26680389817e2093056f088ad 100% [K
parsing GGUF ⠋ [K[?25h[?2026l[?2026h[?25l[A[A[1Ggathering model components [K
copying file sha256:fadc3e5f8d42bf7e894a785b05082e47daee4df26680389817e2093056f088ad 100% [K
parsing GGUF ⠙ [K[?25h[?2026l[?2026h[?25l[A[A[1Ggathering model components [K
copying file sha256:fadc3e5f8d42bf7e894a785b05082e47daee4df26680389817e2093056f088ad 100% [K
parsing GGUF ⠹ [K[?25h[?2026l[?2026h[?25l[A[A[1Ggathering model components [K
copying file sha256:fadc3e5f8d42bf7e894a785b05082e47daee4df26680389817e2093056f088ad 100% [K
parsing GGUF ⠸ [K[?25h[?2026l[?2026h[?25l[A[A[1Ggathering model components [K
copying file sha256:fadc3e5f8d42bf7e894a785b05082e47daee4df26680389817e2093056f088ad 100% [K
parsing GGUF ⠼ [K[?25h[?2026l[?2026h[?25l[A[A[1Ggathering model components [K
copying file sha256:fadc3e5f8d42bf7e894a785b05082e47daee4df26680389817e2093056f088ad 100% [K
parsing GGUF ⠴ [K[?25h[?2026l[?2026h[?25l[A[A[1Ggathering model components [K
copying file sha256:fadc3e5f8d42bf7e894a785b05082e47daee4df26680389817e2093056f088ad 100% [K
parsing GGUF ⠦ [K[?25h[?2026l[?2026h[?25l[A[A[1Ggathering model components [K
copying file sha256:fadc3e5f8d42bf7e894a785b05082e47daee4df26680389817e2093056f088ad 100% [K
parsing GGUF ⠧ [K[?25h[?2026l[?2026h[?25l[A[A[1Ggathering model components [K
copying file sha256:fadc3e5f8d42bf7e894a785b05082e47daee4df26680389817e2093056f088ad 100% [K
parsing GGUF ⠇ [K[?25h[?2026l[?2026h[?25l[A[A[1Ggathering model components [K
copying file sha256:fadc3e5f8d42bf7e894a785b05082e47daee4df26680389817e2093056f088ad 100% [K
parsing GGUF ⠏ [K[?25h[?2026l[?2026h[?25l[A[A[1Ggathering model components [K
copying file sha256:fadc3e5f8d42bf7e894a785b05082e47daee4df26680389817e2093056f088ad 100% [K
parsing GGUF ⠋ [K[?25h[?2026l[?2026h[?25l[A[A[1Ggathering model components [K
copying file sha256:fadc3e5f8d42bf7e894a785b05082e47daee4df26680389817e2093056f088ad 100% [K
parsing GGUF ⠙ [K[?25h[?2026l[?2026h[?25l[A[A[1Ggathering model components [K
copying file sha256:fadc3e5f8d42bf7e894a785b05082e47daee4df26680389817e2093056f088ad 100% [K
parsing GGUF ⠹ [K[?25h[?2026l[?2026h[?25l[A[A[1Ggathering model components [K
copying file sha256:fadc3e5f8d42bf7e894a785b05082e47daee4df26680389817e2093056f088ad 100% [K
parsing GGUF ⠸ [K[?25h[?2026l[?2026h[?25l[A[A[1Ggathering model components [K
copying file sha256:fadc3e5f8d42bf7e894a785b05082e47daee4df26680389817e2093056f088ad 100% [K
parsing GGUF ⠼ [K[?25h[?2026l[?2026h[?25l[A[A[1Ggathering model components [K
copying file sha256:fadc3e5f8d42bf7e894a785b05082e47daee4df26680389817e2093056f088ad 100% [K
parsing GGUF ⠴ [K[?25h[?2026l[?2026h[?25l[A[A[1Ggathering model components [K
copying file sha256:fadc3e5f8d42bf7e894a785b05082e47daee4df26680389817e2093056f088ad 100% [K
parsing GGUF ⠦ [K[?25h[?2026l[?2026h[?25l[A[A[1Ggathering model components [K
copying file sha256:fadc3e5f8d42bf7e894a785b05082e47daee4df26680389817e2093056f088ad 100% [K
parsing GGUF ⠧ [K[?25h[?2026l[?2026h[?25l[A[A[1Ggathering model components [K
copying file sha256:fadc3e5f8d42bf7e894a785b05082e47daee4df26680389817e2093056f088ad 100% [K
parsing GGUF ⠇ [K[?25h[?2026l[?2026h[?25l[A[A[1Ggathering model components [K
copying file sha256:fadc3e5f8d42bf7e894a785b05082e47daee4df26680389817e2093056f088ad 100% [K
parsing GGUF ⠏ [K[?25h[?2026l[?2026h[?25l[A[A[1Ggathering model components [K
copying file sha256:fadc3e5f8d42bf7e894a785b05082e47daee4df26680389817e2093056f088ad 100% [K
parsing GGUF ⠋ [K[?25h[?2026l[?2026h[?25l[A[A[1Ggathering model components [K
copying file sha256:fadc3e5f8d42bf7e894a785b05082e47daee4df26680389817e2093056f088ad 100% [K
parsing GGUF ⠙ [K[?25h[?2026l[?2026h[?25l[A[A[1Ggathering model components [K
copying file sha256:fadc3e5f8d42bf7e894a785b05082e47daee4df26680389817e2093056f088ad 100% [K
parsing GGUF ⠹ [K[?25h[?2026l[?2026h[?25l[A[A[1Ggathering model components [K
copying file sha256:fadc3e5f8d42bf7e894a785b05082e47daee4df26680389817e2093056f088ad 100% [K
parsing GGUF ⠸ [K[?25h[?2026l[?2026h[?25l[A[A[1Ggathering model components [K
copying file sha256:fadc3e5f8d42bf7e894a785b05082e47daee4df26680389817e2093056f088ad 100% [K
parsing GGUF ⠼ [K[?25h[?2026l[?2026h[?25l[A[A[1Ggathering model components [K
copying file sha256:fadc3e5f8d42bf7e894a785b05082e47daee4df26680389817e2093056f088ad 100% [K
parsing GGUF ⠴ [K[?25h[?2026l[?2026h[?25l[A[A[1Ggathering model components [K
copying file sha256:fadc3e5f8d42bf7e894a785b05082e47daee4df26680389817e2093056f088ad 100% [K
parsing GGUF ⠦ [K[?25h[?2026l[?2026h[?25l[A[A[1Ggathering model components [K
copying file sha256:fadc3e5f8d42bf7e894a785b05082e47daee4df26680389817e2093056f088ad 100% [K
parsing GGUF ⠧ [K[?25h[?2026l[?2026h[?25l[A[A[1Ggathering model components [K
copying file sha256:fadc3e5f8d42bf7e894a785b05082e47daee4df26680389817e2093056f088ad 100% [K
parsing GGUF ⠇ [K[?25h[?2026l[?2026h[?25l[A[A[1Ggathering model components [K
copying file sha256:fadc3e5f8d42bf7e894a785b05082e47daee4df26680389817e2093056f088ad 100% [K
parsing GGUF ⠏ [K[?25h[?2026l[?2026h[?25l[A[A[1Ggathering model components [K
copying file sha256:fadc3e5f8d42bf7e894a785b05082e47daee4df26680389817e2093056f088ad 100% [K
parsing GGUF ⠋ [K[?25h[?2026l[?2026h[?25l[A[A[1Ggathering model components [K
copying file sha256:fadc3e5f8d42bf7e894a785b05082e47daee4df26680389817e2093056f088ad 100% [K
parsing GGUF ⠙ [K[?25h[?2026l[?2026h[?25l[A[A[1Ggathering model components [K
copying file sha256:fadc3e5f8d42bf7e894a785b05082e47daee4df26680389817e2093056f088ad 100% [K
parsing GGUF ⠹ [K[?25h[?2026l[?2026h[?25l[A[A[1Ggathering model components [K
copying file sha256:fadc3e5f8d42bf7e894a785b05082e47daee4df26680389817e2093056f088ad 100% [K
parsing GGUF ⠸ [K[?25h[?2026l[?2026h[?25l[A[A[1Ggathering model components [K
copying file sha256:fadc3e5f8d42bf7e894a785b05082e47daee4df26680389817e2093056f088ad 100% [K
parsing GGUF ⠼ [K[?25h[?2026l[?2026h[?25l[A[A[1Ggathering model components [K
copying file sha256:fadc3e5f8d42bf7e894a785b05082e47daee4df26680389817e2093056f088ad 100% [K
parsing GGUF ⠴ [K[?25h[?2026l[?2026h[?25l[A[A[1Ggathering model components [K
copying file sha256:fadc3e5f8d42bf7e894a785b05082e47daee4df26680389817e2093056f088ad 100% [K
parsing GGUF ⠦ [K[?25h[?2026l[?2026h[?25l[A[A[1Ggathering model components [K
copying file sha256:fadc3e5f8d42bf7e894a785b05082e47daee4df26680389817e2093056f088ad 100% [K
parsing GGUF ⠧ [K[?25h[?2026l[?2026h[?25l[A[A[1Ggathering model components [K
copying file sha256:fadc3e5f8d42bf7e894a785b05082e47daee4df26680389817e2093056f088ad 100% [K
parsing GGUF ⠇ [K[?25h[?2026l[?2026h[?25l[A[A[1Ggathering model components [K
copying file sha256:fadc3e5f8d42bf7e894a785b05082e47daee4df26680389817e2093056f088ad 100% [K
parsing GGUF ⠏ [K[?25h[?2026l[?2026h[?25l[A[A[1Ggathering model components [K
copying file sha256:fadc3e5f8d42bf7e894a785b05082e47daee4df26680389817e2093056f088ad 100% [K
parsing GGUF ⠋ [K[?25h[?2026l[?2026h[?25l[A[A[1Ggathering model components [K
copying file sha256:fadc3e5f8d42bf7e894a785b05082e47daee4df26680389817e2093056f088ad 100% [K
parsing GGUF ⠙ [K[?25h[?2026l[?2026h[?25l[A[A[1Ggathering model components [K
copying file sha256:fadc3e5f8d42bf7e894a785b05082e47daee4df26680389817e2093056f088ad 100% [K
parsing GGUF ⠹ [K[?25h[?2026l[?2026h[?25l[A[A[1Ggathering model components [K
copying file sha256:fadc3e5f8d42bf7e894a785b05082e47daee4df26680389817e2093056f088ad 100% [K
parsing GGUF ⠸ [K[?25h[?2026l[?2026h[?25l[A[A[1Ggathering model components [K
copying file sha256:fadc3e5f8d42bf7e894a785b05082e47daee4df26680389817e2093056f088ad 100% [K
parsing GGUF ⠼ [K[?25h[?2026l[?2026h[?25l[A[A[1Ggathering model components [K
copying file sha256:fadc3e5f8d42bf7e894a785b05082e47daee4df26680389817e2093056f088ad 100% [K
parsing GGUF ⠴ [K[?25h[?2026l[?2026h[?25l[A[A[1Ggathering model components [K
copying file sha256:fadc3e5f8d42bf7e894a785b05082e47daee4df26680389817e2093056f088ad 100% [K
parsing GGUF ⠦ [K[?25h[?2026l[?2026h[?25l[A[A[1Ggathering model components [K
copying file sha256:fadc3e5f8d42bf7e894a785b05082e47daee4df26680389817e2093056f088ad 100% [K
parsing GGUF ⠧ [K[?25h[?2026l[?2026h[?25l[A[A[1Ggathering model components [K
copying file sha256:fadc3e5f8d42bf7e894a785b05082e47daee4df26680389817e2093056f088ad 100% [K
parsing GGUF ⠇ [K[?25h[?2026l[?2026h[?25l[A[A[1Ggathering model components [K
copying file sha256:fadc3e5f8d42bf7e894a785b05082e47daee4df26680389817e2093056f088ad 100% [K
parsing GGUF ⠏ [K[?25h[?2026l[?2026h[?25l[A[A[1Ggathering model components [K
copying file sha256:fadc3e5f8d42bf7e894a785b05082e47daee4df26680389817e2093056f088ad 100% [K
parsing GGUF ⠋ [K[?25h[?2026l[?2026h[?25l[A[A[1Ggathering model components [K
copying file sha256:fadc3e5f8d42bf7e894a785b05082e47daee4df26680389817e2093056f088ad 100% [K
parsing GGUF ⠙ [K[?25h[?2026l[?2026h[?25l[A[A[1Ggathering model components [K
copying file sha256:fadc3e5f8d42bf7e894a785b05082e47daee4df26680389817e2093056f088ad 100% [K
parsing GGUF ⠹ [K[?25h[?2026l[?2026h[?25l[A[A[1Ggathering model components [K
copying file sha256:fadc3e5f8d42bf7e894a785b05082e47daee4df26680389817e2093056f088ad 100% [K
parsing GGUF ⠸ [K[?25h[?2026l[?2026h[?25l[A[A[1Ggathering model components [K
copying file sha256:fadc3e5f8d42bf7e894a785b05082e47daee4df26680389817e2093056f088ad 100% [K
parsing GGUF ⠼ [K[?25h[?2026l[?2026h[?25l[A[A[1Ggathering model components [K
copying file sha256:fadc3e5f8d42bf7e894a785b05082e47daee4df26680389817e2093056f088ad 100% [K
parsing GGUF ⠴ [K[?25h[?2026l[?2026h[?25l[A[A[1Ggathering model components [K
copying file sha256:fadc3e5f8d42bf7e894a785b05082e47daee4df26680389817e2093056f088ad 100% [K
parsing GGUF ⠦ [K[?25h[?2026l[?2026h[?25l[A[A[1Ggathering model components [K
copying file sha256:fadc3e5f8d42bf7e894a785b05082e47daee4df26680389817e2093056f088ad 100% [K
parsing GGUF ⠧ [K[?25h[?2026l[?2026h[?25l[A[A[1Ggathering model components [K
copying file sha256:fadc3e5f8d42bf7e894a785b05082e47daee4df26680389817e2093056f088ad 100% [K
parsing GGUF ⠇ [K[?25h[?2026l[?2026h[?25l[A[A[1Ggathering model components [K
copying file sha256:fadc3e5f8d42bf7e894a785b05082e47daee4df26680389817e2093056f088ad 100% [K
parsing GGUF ⠏ [K[?25h[?2026l[?2026h[?25l[A[A[1Ggathering model components [K
copying file sha256:fadc3e5f8d42bf7e894a785b05082e47daee4df26680389817e2093056f088ad 100% [K
parsing GGUF ⠋ [K[?25h[?2026l[?2026h[?25l[A[A[1Ggathering model components [K
copying file sha256:fadc3e5f8d42bf7e894a785b05082e47daee4df26680389817e2093056f088ad 100% [K
parsing GGUF ⠙ [K[?25h[?2026l[?2026h[?25l[A[A[1Ggathering model components [K
copying file sha256:fadc3e5f8d42bf7e894a785b05082e47daee4df26680389817e2093056f088ad 100% [K
parsing GGUF ⠹ [K[?25h[?2026l[?2026h[?25l[A[A[1Ggathering model components [K
copying file sha256:fadc3e5f8d42bf7e894a785b05082e47daee4df26680389817e2093056f088ad 100% [K
parsing GGUF ⠸ [K[?25h[?2026l[?2026h[?25l[A[A[1Ggathering model components [K
copying file sha256:fadc3e5f8d42bf7e894a785b05082e47daee4df26680389817e2093056f088ad 100% [K
parsing GGUF ⠼ [K[?25h[?2026l[?2026h[?25l[A[A[1Ggathering model components [K
copying file sha256:fadc3e5f8d42bf7e894a785b05082e47daee4df26680389817e2093056f088ad 100% [K
parsing GGUF ⠴ [K[?25h[?2026l[?2026h[?25l[A[A[1Ggathering model components [K
copying file sha256:fadc3e5f8d42bf7e894a785b05082e47daee4df26680389817e2093056f088ad 100% [K
parsing GGUF ⠦ [K[?25h[?2026l[?2026h[?25l[A[A[1Ggathering model components [K
copying file sha256:fadc3e5f8d42bf7e894a785b05082e47daee4df26680389817e2093056f088ad 100% [K
parsing GGUF ⠧ [K[?25h[?2026l[?2026h[?25l[A[A[1Ggathering model components [K
copying file sha256:fadc3e5f8d42bf7e894a785b05082e47daee4df26680389817e2093056f088ad 100% [K
parsing GGUF ⠇ [K[?25h[?2026l[?2026h[?25l[A[A[1Ggathering model components [K
copying file sha256:fadc3e5f8d42bf7e894a785b05082e47daee4df26680389817e2093056f088ad 100% [K
parsing GGUF ⠏ [K[?25h[?2026l[?2026h[?25l[A[A[1Ggathering model components [K
copying file sha256:fadc3e5f8d42bf7e894a785b05082e47daee4df26680389817e2093056f088ad 100% [K
parsing GGUF ⠋ [K[?25h[?2026l[?2026h[?25l[A[A[1Ggathering model components [K
copying file sha256:fadc3e5f8d42bf7e894a785b05082e47daee4df26680389817e2093056f088ad 100% [K
parsing GGUF ⠙ [K[?25h[?2026l[?2026h[?25l[A[A[1Ggathering model components [K
copying file sha256:fadc3e5f8d42bf7e894a785b05082e47daee4df26680389817e2093056f088ad 100% [K
parsing GGUF ⠹ [K[?25h[?2026l[?2026h[?25l[A[A[1Ggathering model components [K
copying file sha256:fadc3e5f8d42bf7e894a785b05082e47daee4df26680389817e2093056f088ad 100% [K
parsing GGUF ⠸ [K[?25h[?2026l[?2026h[?25l[A[A[1Ggathering model components [K
copying file sha256:fadc3e5f8d42bf7e894a785b05082e47daee4df26680389817e2093056f088ad 100% [K
parsing GGUF ⠼ [K[?25h[?2026l[?2026h[?25l[A[A[1Ggathering model components [K
copying file sha256:fadc3e5f8d42bf7e894a785b05082e47daee4df26680389817e2093056f088ad 100% [K
parsing GGUF ⠴ [K[?25h[?2026l[?2026h[?25l[A[A[1Ggathering model components [K
copying file sha256:fadc3e5f8d42bf7e894a785b05082e47daee4df26680389817e2093056f088ad 100% [K
parsing GGUF ⠦ [K[?25h[?2026l[?2026h[?25l[A[A[1Ggathering model components [K
copying file sha256:fadc3e5f8d42bf7e894a785b05082e47daee4df26680389817e2093056f088ad 100% [K
parsing GGUF ⠧ [K[?25h[?2026l[?2026h[?25l[A[A[1Ggathering model components [K
copying file sha256:fadc3e5f8d42bf7e894a785b05082e47daee4df26680389817e2093056f088ad 100% [K
parsing GGUF ⠇ [K[?25h[?2026l[?2026h[?25l[A[A[1Ggathering model components [K
copying file sha256:fadc3e5f8d42bf7e894a785b05082e47daee4df26680389817e2093056f088ad 100% [K
parsing GGUF ⠏ [K[?25h[?2026l[?2026h[?25l[A[A[1Ggathering model components [K
copying file sha256:fadc3e5f8d42bf7e894a785b05082e47daee4df26680389817e2093056f088ad 100% [K
parsing GGUF ⠋ [K[?25h[?2026l[?2026h[?25l[A[A[1Ggathering model components [K
copying file sha256:fadc3e5f8d42bf7e894a785b05082e47daee4df26680389817e2093056f088ad 100% [K
parsing GGUF ⠙ [K[?25h[?2026l[?2026h[?25l[A[A[1Ggathering model components [K
copying file sha256:fadc3e5f8d42bf7e894a785b05082e47daee4df26680389817e2093056f088ad 100% [K
parsing GGUF ⠹ [K[?25h[?2026l[?2026h[?25l[A[A[1Ggathering model components [K
copying file sha256:fadc3e5f8d42bf7e894a785b05082e47daee4df26680389817e2093056f088ad 100% [K
parsing GGUF ⠸ [K[?25h[?2026l[?2026h[?25l[A[A[1Ggathering model components [K
copying file sha256:fadc3e5f8d42bf7e894a785b05082e47daee4df26680389817e2093056f088ad 100% [K
parsing GGUF ⠼ [K[?25h[?2026l[?2026h[?25l[A[A[1Ggathering model components [K
copying file sha256:fadc3e5f8d42bf7e894a785b05082e47daee4df26680389817e2093056f088ad 100% [K
parsing GGUF ⠴ [K[?25h[?2026l[?2026h[?25l[A[A[1Ggathering model components [K
copying file sha256:fadc3e5f8d42bf7e894a785b05082e47daee4df26680389817e2093056f088ad 100% [K
parsing GGUF ⠦ [K[?25h[?2026l[?2026h[?25l[A[A[1Ggathering model components [K
copying file sha256:fadc3e5f8d42bf7e894a785b05082e47daee4df26680389817e2093056f088ad 100% [K
parsing GGUF ⠧ [K[?25h[?2026l[?2026h[?25l[A[A[1Ggathering model components [K
copying file sha256:fadc3e5f8d42bf7e894a785b05082e47daee4df26680389817e2093056f088ad 100% [K
parsing GGUF ⠇ [K[?25h[?2026l[?2026h[?25l[A[A[1Ggathering model components [K
copying file sha256:fadc3e5f8d42bf7e894a785b05082e47daee4df26680389817e2093056f088ad 100% [K
parsing GGUF ⠏ [K[?25h[?2026l[?2026h[?25l[A[A[1Ggathering model components [K
copying file sha256:fadc3e5f8d42bf7e894a785b05082e47daee4df26680389817e2093056f088ad 100% [K
parsing GGUF ⠋ [K[?25h[?2026l[?2026h[?25l[A[A[1Ggathering model components [K
copying file sha256:fadc3e5f8d42bf7e894a785b05082e47daee4df26680389817e2093056f088ad 100% [K
parsing GGUF ⠙ [K[?25h[?2026l[?2026h[?25l[A[A[1Ggathering model components [K
copying file sha256:fadc3e5f8d42bf7e894a785b05082e47daee4df26680389817e2093056f088ad 100% [K
parsing GGUF ⠹ [K[?25h[?2026l[?2026h[?25l[A[A[1Ggathering model components [K
copying file sha256:fadc3e5f8d42bf7e894a785b05082e47daee4df26680389817e2093056f088ad 100% [K
parsing GGUF ⠸ [K[?25h[?2026l[?2026h[?25l[A[A[1Ggathering model components [K
copying file sha256:fadc3e5f8d42bf7e894a785b05082e47daee4df26680389817e2093056f088ad 100% [K
parsing GGUF ⠼ [K[?25h[?2026l[?2026h[?25l[A[A[1Ggathering model components [K
copying file sha256:fadc3e5f8d42bf7e894a785b05082e47daee4df26680389817e2093056f088ad 100% [K
parsing GGUF ⠴ [K[?25h[?2026l[?2026h[?25l[A[A[1Ggathering model components [K
copying file sha256:fadc3e5f8d42bf7e894a785b05082e47daee4df26680389817e2093056f088ad 100% [K
parsing GGUF ⠦ [K[?25h[?2026l[?2026h[?25l[A[A[1Ggathering model components [K
copying file sha256:fadc3e5f8d42bf7e894a785b05082e47daee4df26680389817e2093056f088ad 100% [K
parsing GGUF ⠧ [K[?25h[?2026l[?2026h[?25l[A[A[1Ggathering model components [K
copying file sha256:fadc3e5f8d42bf7e894a785b05082e47daee4df26680389817e2093056f088ad 100% [K
parsing GGUF ⠇ [K[?25h[?2026l[?2026h[?25l[A[A[1Ggathering model components [K
copying file sha256:fadc3e5f8d42bf7e894a785b05082e47daee4df26680389817e2093056f088ad 100% [K
parsing GGUF ⠏ [K[?25h[?2026l[?2026h[?25l[A[A[1Ggathering model components [K
copying file sha256:fadc3e5f8d42bf7e894a785b05082e47daee4df26680389817e2093056f088ad 100% [K
parsing GGUF ⠋ [K[?25h[?2026l[?2026h[?25l[A[A[1Ggathering model components [K
copying file sha256:fadc3e5f8d42bf7e894a785b05082e47daee4df26680389817e2093056f088ad 100% [K
parsing GGUF ⠙ [K[?25h[?2026l[?2026h[?25l[A[A[1Ggathering model components [K
copying file sha256:fadc3e5f8d42bf7e894a785b05082e47daee4df26680389817e2093056f088ad 100% [K
parsing GGUF ⠹ [K[?25h[?2026l[?2026h[?25l[A[A[1Ggathering model components [K
copying file sha256:fadc3e5f8d42bf7e894a785b05082e47daee4df26680389817e2093056f088ad 100% [K
parsing GGUF ⠸ [K[?25h[?2026l[?2026h[?25l[A[A[1Ggathering model components [K
copying file sha256:fadc3e5f8d42bf7e894a785b05082e47daee4df26680389817e2093056f088ad 100% [K
parsing GGUF ⠼ [K[?25h[?2026l[?2026h[?25l[A[A[1Ggathering model components [K
copying file sha256:fadc3e5f8d42bf7e894a785b05082e47daee4df26680389817e2093056f088ad 100% [K
parsing GGUF ⠴ [K[?25h[?2026l[?2026h[?25l[A[A[1Ggathering model components [K
copying file sha256:fadc3e5f8d42bf7e894a785b05082e47daee4df26680389817e2093056f088ad 100% [K
parsing GGUF ⠦ [K[?25h[?2026l[?2026h[?25l[A[A[1Ggathering model components [K
copying file sha256:fadc3e5f8d42bf7e894a785b05082e47daee4df26680389817e2093056f088ad 100% [K
parsing GGUF ⠧ [K[?25h[?2026l[?2026h[?25l[A[A[1Ggathering model components [K
copying file sha256:fadc3e5f8d42bf7e894a785b05082e47daee4df26680389817e2093056f088ad 100% [K
parsing GGUF ⠇ [K[?25h[?2026l[?2026h[?25l[A[A[1Ggathering model components [K
copying file sha256:fadc3e5f8d42bf7e894a785b05082e47daee4df26680389817e2093056f088ad 100% [K
parsing GGUF ⠏ [K[?25h[?2026l[?2026h[?25l[A[A[1Ggathering model components [K
copying file sha256:fadc3e5f8d42bf7e894a785b05082e47daee4df26680389817e2093056f088ad 100% [K
parsing GGUF ⠋ [K[?25h[?2026l[?2026h[?25l[A[A[1Ggathering model components [K
copying file sha256:fadc3e5f8d42bf7e894a785b05082e47daee4df26680389817e2093056f088ad 100% [K
parsing GGUF ⠙ [K[?25h[?2026l[?2026h[?25l[A[A[1Ggathering model components [K
copying file sha256:fadc3e5f8d42bf7e894a785b05082e47daee4df26680389817e2093056f088ad 100% [K
parsing GGUF ⠹ [K[?25h[?2026l[?2026h[?25l[A[A[1Ggathering model components [K
copying file sha256:fadc3e5f8d42bf7e894a785b05082e47daee4df26680389817e2093056f088ad 100% [K
parsing GGUF ⠸ [K[?25h[?2026l[?2026h[?25l[A[A[1Ggathering model components [K
copying file sha256:fadc3e5f8d42bf7e894a785b05082e47daee4df26680389817e2093056f088ad 100% [K
parsing GGUF ⠼ [K[?25h[?2026l[?2026h[?25l[A[A[1Ggathering model components [K
copying file sha256:fadc3e5f8d42bf7e894a785b05082e47daee4df26680389817e2093056f088ad 100% [K
parsing GGUF ⠴ [K[?25h[?2026l[?2026h[?25l[A[A[1Ggathering model components [K
copying file sha256:fadc3e5f8d42bf7e894a785b05082e47daee4df26680389817e2093056f088ad 100% [K
parsing GGUF ⠦ [K[?25h[?2026l[?2026h[?25l[A[A[1Ggathering model components [K
copying file sha256:fadc3e5f8d42bf7e894a785b05082e47daee4df26680389817e2093056f088ad 100% [K
parsing GGUF ⠧ [K[?25h[?2026l[?2026h[?25l[A[A[1Ggathering model components [K
copying file sha256:fadc3e5f8d42bf7e894a785b05082e47daee4df26680389817e2093056f088ad 100% [K
parsing GGUF ⠇ [K[?25h[?2026l[?2026h[?25l[A[A[1Ggathering model components [K
copying file sha256:fadc3e5f8d42bf7e894a785b05082e47daee4df26680389817e2093056f088ad 100% [K
parsing GGUF ⠏ [K[?25h[?2026l[?2026h[?25l[A[A[1Ggathering model components [K
copying file sha256:fadc3e5f8d42bf7e894a785b05082e47daee4df26680389817e2093056f088ad 100% [K
parsing GGUF ⠋ [K[?25h[?2026l[?2026h[?25l[A[A[1Ggathering model components [K
copying file sha256:fadc3e5f8d42bf7e894a785b05082e47daee4df26680389817e2093056f088ad 100% [K
parsing GGUF ⠙ [K[?25h[?2026l[?2026h[?25l[A[A[1Ggathering model components [K
copying file sha256:fadc3e5f8d42bf7e894a785b05082e47daee4df26680389817e2093056f088ad 100% [K
parsing GGUF ⠹ [K[?25h[?2026l[?2026h[?25l[A[A[1Ggathering model components [K
copying file sha256:fadc3e5f8d42bf7e894a785b05082e47daee4df26680389817e2093056f088ad 100% [K
parsing GGUF ⠸ [K[?25h[?2026l[?2026h[?25l[A[A[1Ggathering model components [K
copying file sha256:fadc3e5f8d42bf7e894a785b05082e47daee4df26680389817e2093056f088ad 100% [K
parsing GGUF ⠼ [K[?25h[?2026l[?2026h[?25l[A[A[1Ggathering model components [K
copying file sha256:fadc3e5f8d42bf7e894a785b05082e47daee4df26680389817e2093056f088ad 100% [K
parsing GGUF ⠴ [K[?25h[?2026l[?2026h[?25l[A[A[1Ggathering model components [K
copying file sha256:fadc3e5f8d42bf7e894a785b05082e47daee4df26680389817e2093056f088ad 100% [K
parsing GGUF ⠦ [K[?25h[?2026l[?2026h[?25l[A[A[1Ggathering model components [K
copying file sha256:fadc3e5f8d42bf7e894a785b05082e47daee4df26680389817e2093056f088ad 100% [K
parsing GGUF ⠧ [K[?25h[?2026l[?2026h[?25l[A[A[1Ggathering model components [K
copying file sha256:fadc3e5f8d42bf7e894a785b05082e47daee4df26680389817e2093056f088ad 100% [K
parsing GGUF ⠇ [K[?25h[?2026l[?2026h[?25l[A[A[1Ggathering model components [K
copying file sha256:fadc3e5f8d42bf7e894a785b05082e47daee4df26680389817e2093056f088ad 100% [K
parsing GGUF ⠏ [K[?25h[?2026l[?2026h[?25l[A[A[1Ggathering model components [K
copying file sha256:fadc3e5f8d42bf7e894a785b05082e47daee4df26680389817e2093056f088ad 100% [K
parsing GGUF ⠋ [K[?25h[?2026l[?2026h[?25l[A[A[1Ggathering model components [K
copying file sha256:fadc3e5f8d42bf7e894a785b05082e47daee4df26680389817e2093056f088ad 100% [K
parsing GGUF ⠙ [K[?25h[?2026l[?2026h[?25l[A[A[1Ggathering model components [K
copying file sha256:fadc3e5f8d42bf7e894a785b05082e47daee4df26680389817e2093056f088ad 100% [K
parsing GGUF ⠹ [K[?25h[?2026l[?2026h[?25l[A[A[1Ggathering model components [K
copying file sha256:fadc3e5f8d42bf7e894a785b05082e47daee4df26680389817e2093056f088ad 100% [K
parsing GGUF ⠸ [K[?25h[?2026l[?2026h[?25l[A[A[1Ggathering model components [K
copying file sha256:fadc3e5f8d42bf7e894a785b05082e47daee4df26680389817e2093056f088ad 100% [K
parsing GGUF ⠼ [K[?25h[?2026l[?2026h[?25l[A[A[1Ggathering model components [K
copying file sha256:fadc3e5f8d42bf7e894a785b05082e47daee4df26680389817e2093056f088ad 100% [K
parsing GGUF ⠴ [K[?25h[?2026l[?2026h[?25l[A[A[1Ggathering model components [K
copying file sha256:fadc3e5f8d42bf7e894a785b05082e47daee4df26680389817e2093056f088ad 100% [K
parsing GGUF ⠦ [K[?25h[?2026l[?2026h[?25l[A[A[1Ggathering model components [K
copying file sha256:fadc3e5f8d42bf7e894a785b05082e47daee4df26680389817e2093056f088ad 100% [K
parsing GGUF ⠧ [K[?25h[?2026l[?2026h[?25l[A[A[1Ggathering model components [K
copying file sha256:fadc3e5f8d42bf7e894a785b05082e47daee4df26680389817e2093056f088ad 100% [K
parsing GGUF ⠇ [K[?25h[?2026l[?2026h[?25l[A[A[1Ggathering model components [K
copying file sha256:fadc3e5f8d42bf7e894a785b05082e47daee4df26680389817e2093056f088ad 100% [K
parsing GGUF ⠏ [K[?25h[?2026l[?2026h[?25l[A[A[1Ggathering model components [K
copying file sha256:fadc3e5f8d42bf7e894a785b05082e47daee4df26680389817e2093056f088ad 100% [K
parsing GGUF ⠋ [K[?25h[?2026l[?2026h[?25l[A[A[1Ggathering model components [K
copying file sha256:fadc3e5f8d42bf7e894a785b05082e47daee4df26680389817e2093056f088ad 100% [K
parsing GGUF ⠙ [K[?25h[?2026l[?2026h[?25l[A[A[1Ggathering model components [K
copying file sha256:fadc3e5f8d42bf7e894a785b05082e47daee4df26680389817e2093056f088ad 100% [K
parsing GGUF ⠹ [K[?25h[?2026l[?2026h[?25l[A[A[1Ggathering model components [K
copying file sha256:fadc3e5f8d42bf7e894a785b05082e47daee4df26680389817e2093056f088ad 100% [K
parsing GGUF ⠸ [K[?25h[?2026l[?2026h[?25l[A[A[1Ggathering model components [K
copying file sha256:fadc3e5f8d42bf7e894a785b05082e47daee4df26680389817e2093056f088ad 100% [K
parsing GGUF ⠼ [K[?25h[?2026l[?2026h[?25l[A[A[1Ggathering model components [K
copying file sha256:fadc3e5f8d42bf7e894a785b05082e47daee4df26680389817e2093056f088ad 100% [K
parsing GGUF ⠴ [K[?25h[?2026l[?2026h[?25l[A[A[1Ggathering model components [K
copying file sha256:fadc3e5f8d42bf7e894a785b05082e47daee4df26680389817e2093056f088ad 100% [K
parsing GGUF ⠦ [K[?25h[?2026l[?2026h[?25l[A[A[1Ggathering model components [K
copying file sha256:fadc3e5f8d42bf7e894a785b05082e47daee4df26680389817e2093056f088ad 100% [K
parsing GGUF ⠧ [K[?25h[?2026l[?2026h[?25l[A[A[1Ggathering model components [K
copying file sha256:fadc3e5f8d42bf7e894a785b05082e47daee4df26680389817e2093056f088ad 100% [K
parsing GGUF ⠇ [K[?25h[?2026l[?2026h[?25l[A[A[1Ggathering model components [K
copying file sha256:fadc3e5f8d42bf7e894a785b05082e47daee4df26680389817e2093056f088ad 100% [K
parsing GGUF ⠏ [K[?25h[?2026l[?2026h[?25l[A[A[1Ggathering model components [K
copying file sha256:fadc3e5f8d42bf7e894a785b05082e47daee4df26680389817e2093056f088ad 100% [K
parsing GGUF ⠋ [K[?25h[?2026l[?2026h[?25l[A[A[1Ggathering model components [K
copying file sha256:fadc3e5f8d42bf7e894a785b05082e47daee4df26680389817e2093056f088ad 100% [K
parsing GGUF ⠙ [K[?25h[?2026l[?2026h[?25l[A[A[1Ggathering model components [K
copying file sha256:fadc3e5f8d42bf7e894a785b05082e47daee4df26680389817e2093056f088ad 100% [K
parsing GGUF ⠹ [K[?25h[?2026l[?2026h[?25l[A[A[1Ggathering model components [K
copying file sha256:fadc3e5f8d42bf7e894a785b05082e47daee4df26680389817e2093056f088ad 100% [K
parsing GGUF ⠸ [K[?25h[?2026l[?2026h[?25l[A[A[1Ggathering model components [K
copying file sha256:fadc3e5f8d42bf7e894a785b05082e47daee4df26680389817e2093056f088ad 100% [K
parsing GGUF ⠼ [K[?25h[?2026l[?2026h[?25l[A[A[1Ggathering model components [K
copying file sha256:fadc3e5f8d42bf7e894a785b05082e47daee4df26680389817e2093056f088ad 100% [K
parsing GGUF ⠴ [K[?25h[?2026l[?2026h[?25l[A[A[1Ggathering model components [K
copying file sha256:fadc3e5f8d42bf7e894a785b05082e47daee4df26680389817e2093056f088ad 100% [K
parsing GGUF ⠦ [K[?25h[?2026l[?2026h[?25l[A[A[1Ggathering model components [K
copying file sha256:fadc3e5f8d42bf7e894a785b05082e47daee4df26680389817e2093056f088ad 100% [K
parsing GGUF ⠧ [K[?25h[?2026l[?2026h[?25l[A[A[1Ggathering model components [K
copying file sha256:fadc3e5f8d42bf7e894a785b05082e47daee4df26680389817e2093056f088ad 100% [K
parsing GGUF ⠇ [K[?25h[?2026l[?2026h[?25l[A[A[1Ggathering model components [K
copying file sha256:fadc3e5f8d42bf7e894a785b05082e47daee4df26680389817e2093056f088ad 100% [K
parsing GGUF ⠏ [K[?25h[?2026l[?2026h[?25l[A[A[1Ggathering model components [K
copying file sha256:fadc3e5f8d42bf7e894a785b05082e47daee4df26680389817e2093056f088ad 100% [K
parsing GGUF ⠋ [K[?25h[?2026l[?2026h[?25l[A[A[1Ggathering model components [K
copying file sha256:fadc3e5f8d42bf7e894a785b05082e47daee4df26680389817e2093056f088ad 100% [K
parsing GGUF ⠙ [K[?25h[?2026l[?2026h[?25l[A[A[1Ggathering model components [K
copying file sha256:fadc3e5f8d42bf7e894a785b05082e47daee4df26680389817e2093056f088ad 100% [K
parsing GGUF ⠹ [K[?25h[?2026l[?2026h[?25l[A[A[1Ggathering model components [K
copying file sha256:fadc3e5f8d42bf7e894a785b05082e47daee4df26680389817e2093056f088ad 100% [K
parsing GGUF ⠸ [K[?25h[?2026l[?2026h[?25l[A[A[1Ggathering model components [K
copying file sha256:fadc3e5f8d42bf7e894a785b05082e47daee4df26680389817e2093056f088ad 100% [K
parsing GGUF ⠼ [K[?25h[?2026l[?2026h[?25l[A[A[1Ggathering model components [K
copying file sha256:fadc3e5f8d42bf7e894a785b05082e47daee4df26680389817e2093056f088ad 100% [K
parsing GGUF ⠴ [K[?25h[?2026l[?2026h[?25l[A[A[1Ggathering model components [K
copying file sha256:fadc3e5f8d42bf7e894a785b05082e47daee4df26680389817e2093056f088ad 100% [K
parsing GGUF ⠦ [K[?25h[?2026l[?2026h[?25l[A[A[1Ggathering model components [K
copying file sha256:fadc3e5f8d42bf7e894a785b05082e47daee4df26680389817e2093056f088ad 100% [K
parsing GGUF ⠧ [K[?25h[?2026l[?2026h[?25l[A[A[1Ggathering model components [K
copying file sha256:fadc3e5f8d42bf7e894a785b05082e47daee4df26680389817e2093056f088ad 100% [K
parsing GGUF ⠇ [K[?25h[?2026l[?2026h[?25l[A[A[1Ggathering model components [K
copying file sha256:fadc3e5f8d42bf7e894a785b05082e47daee4df26680389817e2093056f088ad 100% [K
parsing GGUF ⠏ [K[?25h[?2026l[?2026h[?25l[A[A[1Ggathering model components [K
copying file sha256:fadc3e5f8d42bf7e894a785b05082e47daee4df26680389817e2093056f088ad 100% [K
parsing GGUF ⠋ [K[?25h[?2026l[?2026h[?25l[A[A[1Ggathering model components [K
copying file sha256:fadc3e5f8d42bf7e894a785b05082e47daee4df26680389817e2093056f088ad 100% [K
parsing GGUF ⠙ [K[?25h[?2026l[?2026h[?25l[A[A[1Ggathering model components [K
copying file sha256:fadc3e5f8d42bf7e894a785b05082e47daee4df26680389817e2093056f088ad 100% [K
parsing GGUF ⠹ [K[?25h[?2026l[?2026h[?25l[A[A[1Ggathering model components [K
copying file sha256:fadc3e5f8d42bf7e894a785b05082e47daee4df26680389817e2093056f088ad 100% [K
parsing GGUF ⠸ [K[?25h[?2026l[?2026h[?25l[A[A[1Ggathering model components [K
copying file sha256:fadc3e5f8d42bf7e894a785b05082e47daee4df26680389817e2093056f088ad 100% [K
parsing GGUF ⠼ [K[?25h[?2026l[?2026h[?25l[A[A[1Ggathering model components [K
copying file sha256:fadc3e5f8d42bf7e894a785b05082e47daee4df26680389817e2093056f088ad 100% [K
parsing GGUF ⠴ [K[?25h[?2026l[?2026h[?25l[A[A[1Ggathering model components [K
copying file sha256:fadc3e5f8d42bf7e894a785b05082e47daee4df26680389817e2093056f088ad 100% [K
parsing GGUF ⠦ [K[?25h[?2026l[?2026h[?25l[A[A[1Ggathering model components [K
copying file sha256:fadc3e5f8d42bf7e894a785b05082e47daee4df26680389817e2093056f088ad 100% [K
parsing GGUF ⠧ [K[?25h[?2026l[?2026h[?25l[A[A[1Ggathering model components [K
copying file sha256:fadc3e5f8d42bf7e894a785b05082e47daee4df26680389817e2093056f088ad 100% [K
parsing GGUF ⠇ [K[?25h[?2026l[?2026h[?25l[A[A[1Ggathering model components [K
copying file sha256:fadc3e5f8d42bf7e894a785b05082e47daee4df26680389817e2093056f088ad 100% [K
parsing GGUF ⠏ [K[?25h[?2026l[?2026h[?25l[A[A[1Ggathering model components [K
copying file sha256:fadc3e5f8d42bf7e894a785b05082e47daee4df26680389817e2093056f088ad 100% [K
parsing GGUF ⠋ [K[?25h[?2026l[?2026h[?25l[A[A[1Ggathering model components [K
copying file sha256:fadc3e5f8d42bf7e894a785b05082e47daee4df26680389817e2093056f088ad 100% [K
parsing GGUF ⠙ [K[?25h[?2026l[?2026h[?25l[A[A[1Ggathering model components [K
copying file sha256:fadc3e5f8d42bf7e894a785b05082e47daee4df26680389817e2093056f088ad 100% [K
parsing GGUF ⠹ [K[?25h[?2026l[?2026h[?25l[A[A[1Ggathering model components [K
copying file sha256:fadc3e5f8d42bf7e894a785b05082e47daee4df26680389817e2093056f088ad 100% [K
parsing GGUF ⠸ [K[?25h[?2026l[?2026h[?25l[A[A[1Ggathering model components [K
copying file sha256:fadc3e5f8d42bf7e894a785b05082e47daee4df26680389817e2093056f088ad 100% [K
parsing GGUF ⠼ [K[?25h[?2026l[?2026h[?25l[A[A[1Ggathering model components [K
copying file sha256:fadc3e5f8d42bf7e894a785b05082e47daee4df26680389817e2093056f088ad 100% [K
parsing GGUF ⠴ [K[?25h[?2026l[?2026h[?25l[A[A[1Ggathering model components [K
copying file sha256:fadc3e5f8d42bf7e894a785b05082e47daee4df26680389817e2093056f088ad 100% [K
parsing GGUF ⠦ [K[?25h[?2026l[?2026h[?25l[A[A[1Ggathering model components [K
copying file sha256:fadc3e5f8d42bf7e894a785b05082e47daee4df26680389817e2093056f088ad 100% [K
parsing GGUF ⠧ [K[?25h[?2026l[?2026h[?25l[A[A[1Ggathering model components [K
copying file sha256:fadc3e5f8d42bf7e894a785b05082e47daee4df26680389817e2093056f088ad 100% [K
parsing GGUF ⠇ [K[?25h[?2026l[?2026h[?25l[A[A[1Ggathering model components [K
copying file sha256:fadc3e5f8d42bf7e894a785b05082e47daee4df26680389817e2093056f088ad 100% [K
parsing GGUF ⠏ [K[?25h[?2026l[?2026h[?25l[A[A[1Ggathering model components [K
copying file sha256:fadc3e5f8d42bf7e894a785b05082e47daee4df26680389817e2093056f088ad 100% [K
parsing GGUF ⠋ [K[?25h[?2026l[?2026h[?25l[A[A[1Ggathering model components [K
copying file sha256:fadc3e5f8d42bf7e894a785b05082e47daee4df26680389817e2093056f088ad 100% [K
parsing GGUF ⠙ [K[?25h[?2026l[?2026h[?25l[A[A[1Ggathering model components [K
copying file sha256:fadc3e5f8d42bf7e894a785b05082e47daee4df26680389817e2093056f088ad 100% [K
parsing GGUF ⠹ [K[?25h[?2026l[?2026h[?25l[A[A[1Ggathering model components [K
copying file sha256:fadc3e5f8d42bf7e894a785b05082e47daee4df26680389817e2093056f088ad 100% [K
parsing GGUF ⠸ [K[?25h[?2026l[?2026h[?25l[A[A[1Ggathering model components [K
copying file sha256:fadc3e5f8d42bf7e894a785b05082e47daee4df26680389817e2093056f088ad 100% [K
parsing GGUF ⠼ [K[?25h[?2026l[?2026h[?25l[A[A[1Ggathering model components [K
copying file sha256:fadc3e5f8d42bf7e894a785b05082e47daee4df26680389817e2093056f088ad 100% [K
parsing GGUF ⠴ [K[?25h[?2026l[?2026h[?25l[A[A[1Ggathering model components [K
copying file sha256:fadc3e5f8d42bf7e894a785b05082e47daee4df26680389817e2093056f088ad 100% [K
parsing GGUF ⠦ [K[?25h[?2026l[?2026h[?25l[A[A[1Ggathering model components [K
copying file sha256:fadc3e5f8d42bf7e894a785b05082e47daee4df26680389817e2093056f088ad 100% [K
parsing GGUF ⠧ [K[?25h[?2026l[?2026h[?25l[A[A[1Ggathering model components [K
copying file sha256:fadc3e5f8d42bf7e894a785b05082e47daee4df26680389817e2093056f088ad 100% [K
parsing GGUF ⠇ [K[?25h[?2026l[?2026h[?25l[A[A[1Ggathering model components [K
copying file sha256:fadc3e5f8d42bf7e894a785b05082e47daee4df26680389817e2093056f088ad 100% [K
parsing GGUF ⠏ [K[?25h[?2026l[?2026h[?25l[A[A[1Ggathering model components [K
copying file sha256:fadc3e5f8d42bf7e894a785b05082e47daee4df26680389817e2093056f088ad 100% [K
parsing GGUF ⠋ [K[?25h[?2026l[?2026h[?25l[A[A[1Ggathering model components [K
copying file sha256:fadc3e5f8d42bf7e894a785b05082e47daee4df26680389817e2093056f088ad 100% [K
parsing GGUF ⠙ [K[?25h[?2026l[?2026h[?25l[A[A[1Ggathering model components [K
copying file sha256:fadc3e5f8d42bf7e894a785b05082e47daee4df26680389817e2093056f088ad 100% [K
parsing GGUF ⠹ [K[?25h[?2026l[?2026h[?25l[A[A[1Ggathering model components [K
copying file sha256:fadc3e5f8d42bf7e894a785b05082e47daee4df26680389817e2093056f088ad 100% [K
parsing GGUF ⠸ [K[?25h[?2026l[?2026h[?25l[A[A[1Ggathering model components [K
copying file sha256:fadc3e5f8d42bf7e894a785b05082e47daee4df26680389817e2093056f088ad 100% [K
parsing GGUF ⠼ [K[?25h[?2026l[?2026h[?25l[A[A[1Ggathering model components [K
copying file sha256:fadc3e5f8d42bf7e894a785b05082e47daee4df26680389817e2093056f088ad 100% [K
parsing GGUF ⠴ [K[?25h[?2026l[?2026h[?25l[A[A[1Ggathering model components [K
copying file sha256:fadc3e5f8d42bf7e894a785b05082e47daee4df26680389817e2093056f088ad 100% [K
parsing GGUF ⠦ [K[?25h[?2026l[?2026h[?25l[A[A[1Ggathering model components [K
copying file sha256:fadc3e5f8d42bf7e894a785b05082e47daee4df26680389817e2093056f088ad 100% [K
parsing GGUF ⠧ [K[?25h[?2026l[?2026h[?25l[A[A[1Ggathering model components [K
copying file sha256:fadc3e5f8d42bf7e894a785b05082e47daee4df26680389817e2093056f088ad 100% [K
parsing GGUF ⠇ [K[?25h[?2026l[?2026h[?25l[A[A[1Ggathering model components [K
copying file sha256:fadc3e5f8d42bf7e894a785b05082e47daee4df26680389817e2093056f088ad 100% [K
parsing GGUF ⠏ [K[?25h[?2026l[?2026h[?25l[A[A[1Ggathering model components [K
copying file sha256:fadc3e5f8d42bf7e894a785b05082e47daee4df26680389817e2093056f088ad 100% [K
parsing GGUF ⠋ [K[?25h[?2026l[?2026h[?25l[A[A[1Ggathering model components [K
copying file sha256:fadc3e5f8d42bf7e894a785b05082e47daee4df26680389817e2093056f088ad 100% [K
parsing GGUF ⠙ [K[?25h[?2026l[?2026h[?25l[A[A[1Ggathering model components [K
copying file sha256:fadc3e5f8d42bf7e894a785b05082e47daee4df26680389817e2093056f088ad 100% [K
parsing GGUF ⠹ [K[?25h[?2026l[?2026h[?25l[A[A[1Ggathering model components [K
copying file sha256:fadc3e5f8d42bf7e894a785b05082e47daee4df26680389817e2093056f088ad 100% [K
parsing GGUF ⠸ [K[?25h[?2026l[?2026h[?25l[A[A[1Ggathering model components [K
copying file sha256:fadc3e5f8d42bf7e894a785b05082e47daee4df26680389817e2093056f088ad 100% [K
parsing GGUF ⠼ [K[?25h[?2026l[?2026h[?25l[A[A[1Ggathering model components [K
copying file sha256:fadc3e5f8d42bf7e894a785b05082e47daee4df26680389817e2093056f088ad 100% [K
parsing GGUF ⠴ [K[?25h[?2026l[?2026h[?25l[A[A[1Ggathering model components [K
copying file sha256:fadc3e5f8d42bf7e894a785b05082e47daee4df26680389817e2093056f088ad 100% [K
parsing GGUF ⠦ [K[?25h[?2026l[?2026h[?25l[A[A[1Ggathering model components [K
copying file sha256:fadc3e5f8d42bf7e894a785b05082e47daee4df26680389817e2093056f088ad 100% [K
parsing GGUF ⠧ [K[?25h[?2026l[?2026h[?25l[A[A[1Ggathering model components [K
copying file sha256:fadc3e5f8d42bf7e894a785b05082e47daee4df26680389817e2093056f088ad 100% [K
parsing GGUF ⠇ [K[?25h[?2026l[?2026h[?25l[A[A[1Ggathering model components [K
copying file sha256:fadc3e5f8d42bf7e894a785b05082e47daee4df26680389817e2093056f088ad 100% [K
parsing GGUF ⠏ [K[?25h[?2026l[?2026h[?25l[A[A[1Ggathering model components [K
copying file sha256:fadc3e5f8d42bf7e894a785b05082e47daee4df26680389817e2093056f088ad 100% [K
parsing GGUF ⠋ [K[?25h[?2026l[?2026h[?25l[A[A[1Ggathering model components [K
copying file sha256:fadc3e5f8d42bf7e894a785b05082e47daee4df26680389817e2093056f088ad 100% [K
parsing GGUF ⠙ [K[?25h[?2026l[?2026h[?25l[A[A[1Ggathering model components [K
copying file sha256:fadc3e5f8d42bf7e894a785b05082e47daee4df26680389817e2093056f088ad 100% [K
parsing GGUF ⠹ [K[?25h[?2026l[?2026h[?25l[A[A[1Ggathering model components [K
copying file sha256:fadc3e5f8d42bf7e894a785b05082e47daee4df26680389817e2093056f088ad 100% [K
parsing GGUF ⠸ [K[?25h[?2026l[?2026h[?25l[A[A[1Ggathering model components [K
copying file sha256:fadc3e5f8d42bf7e894a785b05082e47daee4df26680389817e2093056f088ad 100% [K
parsing GGUF ⠼ [K[?25h[?2026l[?2026h[?25l[A[A[1Ggathering model components [K
copying file sha256:fadc3e5f8d42bf7e894a785b05082e47daee4df26680389817e2093056f088ad 100% [K
parsing GGUF ⠴ [K[?25h[?2026l[?2026h[?25l[A[A[1Ggathering model components [K
copying file sha256:fadc3e5f8d42bf7e894a785b05082e47daee4df26680389817e2093056f088ad 100% [K
parsing GGUF ⠦ [K[?25h[?2026l[?2026h[?25l[A[A[1Ggathering model components [K
copying file sha256:fadc3e5f8d42bf7e894a785b05082e47daee4df26680389817e2093056f088ad 100% [K
parsing GGUF ⠧ [K[?25h[?2026l[?2026h[?25l[A[A[1Ggathering model components [K
copying file sha256:fadc3e5f8d42bf7e894a785b05082e47daee4df26680389817e2093056f088ad 100% [K
parsing GGUF ⠇ [K[?25h[?2026l[?2026h[?25l[A[A[1Ggathering model components [K
copying file sha256:fadc3e5f8d42bf7e894a785b05082e47daee4df26680389817e2093056f088ad 100% [K
parsing GGUF ⠏ [K[?25h[?2026l[?2026h[?25l[A[A[1Ggathering model components [K
copying file sha256:fadc3e5f8d42bf7e894a785b05082e47daee4df26680389817e2093056f088ad 100% [K
parsing GGUF ⠋ [K[?25h[?2026l[?2026h[?25l[A[A[1Ggathering model components [K
copying file sha256:fadc3e5f8d42bf7e894a785b05082e47daee4df26680389817e2093056f088ad 100% [K
parsing GGUF ⠙ [K[?25h[?2026l[?2026h[?25l[A[A[1Ggathering model components [K
copying file sha256:fadc3e5f8d42bf7e894a785b05082e47daee4df26680389817e2093056f088ad 100% [K
parsing GGUF ⠹ [K[?25h[?2026l[?2026h[?25l[A[A[1Ggathering model components [K
copying file sha256:fadc3e5f8d42bf7e894a785b05082e47daee4df26680389817e2093056f088ad 100% [K
parsing GGUF ⠸ [K[?25h[?2026l[?2026h[?25l[A[A[1Ggathering model components [K
copying file sha256:fadc3e5f8d42bf7e894a785b05082e47daee4df26680389817e2093056f088ad 100% [K
parsing GGUF ⠼ [K[?25h[?2026l[?2026h[?25l[A[A[1Ggathering model components [K
copying file sha256:fadc3e5f8d42bf7e894a785b05082e47daee4df26680389817e2093056f088ad 100% [K
parsing GGUF ⠴ [K[?25h[?2026l[?2026h[?25l[A[A[1Ggathering model components [K
copying file sha256:fadc3e5f8d42bf7e894a785b05082e47daee4df26680389817e2093056f088ad 100% [K
parsing GGUF ⠦ [K[?25h[?2026l[?2026h[?25l[A[A[1Ggathering model components [K
copying file sha256:fadc3e5f8d42bf7e894a785b05082e47daee4df26680389817e2093056f088ad 100% [K
parsing GGUF ⠧ [K[?25h[?2026l[?2026h[?25l[A[A[1Ggathering model components [K
copying file sha256:fadc3e5f8d42bf7e894a785b05082e47daee4df26680389817e2093056f088ad 100% [K
parsing GGUF ⠇ [K[?25h[?2026l[?2026h[?25l[A[A[1Ggathering model components [K
copying file sha256:fadc3e5f8d42bf7e894a785b05082e47daee4df26680389817e2093056f088ad 100% [K
parsing GGUF ⠏ [K[?25h[?2026l[?2026h[?25l[A[A[1Ggathering model components [K
copying file sha256:fadc3e5f8d42bf7e894a785b05082e47daee4df26680389817e2093056f088ad 100% [K
parsing GGUF ⠋ [K[?25h[?2026l[?2026h[?25l[A[A[1Ggathering model components [K
copying file sha256:fadc3e5f8d42bf7e894a785b05082e47daee4df26680389817e2093056f088ad 100% [K
parsing GGUF ⠙ [K[?25h[?2026l[?2026h[?25l[A[A[1Ggathering model components [K
copying file sha256:fadc3e5f8d42bf7e894a785b05082e47daee4df26680389817e2093056f088ad 100% [K
parsing GGUF ⠹ [K[?25h[?2026l[?2026h[?25l[A[A[1Ggathering model components [K
copying file sha256:fadc3e5f8d42bf7e894a785b05082e47daee4df26680389817e2093056f088ad 100% [K
parsing GGUF ⠸ [K[?25h[?2026l[?2026h[?25l[A[A[1Ggathering model components [K
copying file sha256:fadc3e5f8d42bf7e894a785b05082e47daee4df26680389817e2093056f088ad 100% [K
parsing GGUF ⠼ [K[?25h[?2026l[?2026h[?25l[A[A[1Ggathering model components [K
copying file sha256:fadc3e5f8d42bf7e894a785b05082e47daee4df26680389817e2093056f088ad 100% [K
parsing GGUF ⠴ [K[?25h[?2026l[?2026h[?25l[A[A[1Ggathering model components [K
copying file sha256:fadc3e5f8d42bf7e894a785b05082e47daee4df26680389817e2093056f088ad 100% [K
parsing GGUF ⠦ [K[?25h[?2026l[?2026h[?25l[A[A[1Ggathering model components [K
copying file sha256:fadc3e5f8d42bf7e894a785b05082e47daee4df26680389817e2093056f088ad 100% [K
parsing GGUF ⠧ [K[?25h[?2026l[?2026h[?25l[A[A[1Ggathering model components [K
copying file sha256:fadc3e5f8d42bf7e894a785b05082e47daee4df26680389817e2093056f088ad 100% [K
parsing GGUF ⠇ [K[?25h[?2026l[?2026h[?25l[A[A[1Ggathering model components [K
copying file sha256:fadc3e5f8d42bf7e894a785b05082e47daee4df26680389817e2093056f088ad 100% [K
parsing GGUF ⠏ [K[?25h[?2026l[?2026h[?25l[A[A[1Ggathering model components [K
copying file sha256:fadc3e5f8d42bf7e894a785b05082e47daee4df26680389817e2093056f088ad 100% [K
parsing GGUF ⠋ [K[?25h[?2026l[?2026h[?25l[A[A[1Ggathering model components [K
copying file sha256:fadc3e5f8d42bf7e894a785b05082e47daee4df26680389817e2093056f088ad 100% [K
parsing GGUF ⠙ [K[?25h[?2026l[?2026h[?25l[A[A[1Ggathering model components [K
copying file sha256:fadc3e5f8d42bf7e894a785b05082e47daee4df26680389817e2093056f088ad 100% [K
parsing GGUF ⠹ [K[?25h[?2026l[?2026h[?25l[A[A[1Ggathering model components [K
copying file sha256:fadc3e5f8d42bf7e894a785b05082e47daee4df26680389817e2093056f088ad 100% [K
parsing GGUF ⠸ [K[?25h[?2026l[?2026h[?25l[A[A[1Ggathering model components [K
copying file sha256:fadc3e5f8d42bf7e894a785b05082e47daee4df26680389817e2093056f088ad 100% [K
parsing GGUF ⠼ [K[?25h[?2026l[?2026h[?25l[A[A[1Ggathering model components [K
copying file sha256:fadc3e5f8d42bf7e894a785b05082e47daee4df26680389817e2093056f088ad 100% [K
parsing GGUF ⠴ [K[?25h[?2026l[?2026h[?25l[A[A[1Ggathering model components [K
copying file sha256:fadc3e5f8d42bf7e894a785b05082e47daee4df26680389817e2093056f088ad 100% [K
parsing GGUF ⠦ [K[?25h[?2026l[?2026h[?25l[A[A[1Ggathering model components [K
copying file sha256:fadc3e5f8d42bf7e894a785b05082e47daee4df26680389817e2093056f088ad 100% [K
parsing GGUF ⠧ [K[?25h[?2026l[?2026h[?25l[A[A[1Ggathering model components [K
copying file sha256:fadc3e5f8d42bf7e894a785b05082e47daee4df26680389817e2093056f088ad 100% [K
parsing GGUF ⠇ [K[?25h[?2026l[?2026h[?25l[A[A[1Ggathering model components [K
copying file sha256:fadc3e5f8d42bf7e894a785b05082e47daee4df26680389817e2093056f088ad 100% [K
parsing GGUF ⠏ [K[?25h[?2026l[?2026h[?25l[A[A[1Ggathering model components [K
copying file sha256:fadc3e5f8d42bf7e894a785b05082e47daee4df26680389817e2093056f088ad 100% [K
parsing GGUF ⠋ [K[?25h[?2026l[?2026h[?25l[A[A[1Ggathering model components [K
copying file sha256:fadc3e5f8d42bf7e894a785b05082e47daee4df26680389817e2093056f088ad 100% [K
parsing GGUF ⠙ [K[?25h[?2026l[?2026h[?25l[A[A[1Ggathering model components [K
copying file sha256:fadc3e5f8d42bf7e894a785b05082e47daee4df26680389817e2093056f088ad 100% [K
parsing GGUF ⠹ [K[?25h[?2026l[?2026h[?25l[A[A[1Ggathering model components [K
copying file sha256:fadc3e5f8d42bf7e894a785b05082e47daee4df26680389817e2093056f088ad 100% [K
parsing GGUF ⠸ [K[?25h[?2026l[?2026h[?25l[A[A[1Ggathering model components [K
copying file sha256:fadc3e5f8d42bf7e894a785b05082e47daee4df26680389817e2093056f088ad 100% [K
parsing GGUF ⠼ [K[?25h[?2026l[?2026h[?25l[A[A[1Ggathering model components [K
copying file sha256:fadc3e5f8d42bf7e894a785b05082e47daee4df26680389817e2093056f088ad 100% [K
parsing GGUF ⠴ [K[?25h[?2026l[?2026h[?25l[A[A[1Ggathering model components [K
copying file sha256:fadc3e5f8d42bf7e894a785b05082e47daee4df26680389817e2093056f088ad 100% [K
parsing GGUF ⠦ [K[?25h[?2026l[?2026h[?25l[A[A[1Ggathering model components [K
copying file sha256:fadc3e5f8d42bf7e894a785b05082e47daee4df26680389817e2093056f088ad 100% [K
parsing GGUF ⠧ [K[?25h[?2026l[?2026h[?25l[A[A[1Ggathering model components [K
copying file sha256:fadc3e5f8d42bf7e894a785b05082e47daee4df26680389817e2093056f088ad 100% [K
parsing GGUF ⠇ [K[?25h[?2026l[?2026h[?25l[A[A[1Ggathering model components [K
copying file sha256:fadc3e5f8d42bf7e894a785b05082e47daee4df26680389817e2093056f088ad 100% [K
parsing GGUF ⠏ [K[?25h[?2026l[?2026h[?25l[A[A[1Ggathering model components [K
copying file sha256:fadc3e5f8d42bf7e894a785b05082e47daee4df26680389817e2093056f088ad 100% [K
parsing GGUF ⠋ [K[?25h[?2026l[?2026h[?25l[A[A[1Ggathering model components [K
copying file sha256:fadc3e5f8d42bf7e894a785b05082e47daee4df26680389817e2093056f088ad 100% [K
parsing GGUF ⠙ [K[?25h[?2026l[?2026h[?25l[A[A[1Ggathering model components [K
copying file sha256:fadc3e5f8d42bf7e894a785b05082e47daee4df26680389817e2093056f088ad 100% [K
parsing GGUF ⠹ [K[?25h[?2026l[?2026h[?25l[A[A[1Ggathering model components [K
copying file sha256:fadc3e5f8d42bf7e894a785b05082e47daee4df26680389817e2093056f088ad 100% [K
parsing GGUF ⠸ [K[?25h[?2026l[?2026h[?25l[A[A[1Ggathering model components [K
copying file sha256:fadc3e5f8d42bf7e894a785b05082e47daee4df26680389817e2093056f088ad 100% [K
parsing GGUF ⠼ [K[?25h[?2026l[?2026h[?25l[A[A[1Ggathering model components [K
copying file sha256:fadc3e5f8d42bf7e894a785b05082e47daee4df26680389817e2093056f088ad 100% [K
parsing GGUF ⠴ [K[?25h[?2026l[?2026h[?25l[A[A[1Ggathering model components [K
copying file sha256:fadc3e5f8d42bf7e894a785b05082e47daee4df26680389817e2093056f088ad 100% [K
parsing GGUF ⠦ [K[?25h[?2026l[?2026h[?25l[A[A[1Ggathering model components [K
copying file sha256:fadc3e5f8d42bf7e894a785b05082e47daee4df26680389817e2093056f088ad 100% [K
parsing GGUF ⠧ [K[?25h[?2026l[?2026h[?25l[A[A[1Ggathering model components [K
copying file sha256:fadc3e5f8d42bf7e894a785b05082e47daee4df26680389817e2093056f088ad 100% [K
parsing GGUF ⠇ [K[?25h[?2026l[?2026h[?25l[A[A[1Ggathering model components [K
copying file sha256:fadc3e5f8d42bf7e894a785b05082e47daee4df26680389817e2093056f088ad 100% [K
parsing GGUF ⠏ [K[?25h[?2026l[?2026h[?25l[A[A[1Ggathering model components [K
copying file sha256:fadc3e5f8d42bf7e894a785b05082e47daee4df26680389817e2093056f088ad 100% [K
parsing GGUF ⠋ [K[?25h[?2026l[?2026h[?25l[A[A[1Ggathering model components [K
copying file sha256:fadc3e5f8d42bf7e894a785b05082e47daee4df26680389817e2093056f088ad 100% [K
parsing GGUF ⠙ [K[?25h[?2026l[?2026h[?25l[A[A[1Ggathering model components [K
copying file sha256:fadc3e5f8d42bf7e894a785b05082e47daee4df26680389817e2093056f088ad 100% [K
parsing GGUF ⠹ [K[?25h[?2026l[?2026h[?25l[A[A[1Ggathering model components [K
copying file sha256:fadc3e5f8d42bf7e894a785b05082e47daee4df26680389817e2093056f088ad 100% [K
parsing GGUF ⠸ [K[?25h[?2026l[?2026h[?25l[A[A[1Ggathering model components [K
copying file sha256:fadc3e5f8d42bf7e894a785b05082e47daee4df26680389817e2093056f088ad 100% [K
parsing GGUF ⠼ [K[?25h[?2026l[?2026h[?25l[A[A[1Ggathering model components [K
copying file sha256:fadc3e5f8d42bf7e894a785b05082e47daee4df26680389817e2093056f088ad 100% [K
parsing GGUF ⠴ [K[?25h[?2026l[?2026h[?25l[A[A[1Ggathering model components [K
copying file sha256:fadc3e5f8d42bf7e894a785b05082e47daee4df26680389817e2093056f088ad 100% [K
parsing GGUF ⠦ [K[?25h[?2026l[?2026h[?25l[A[A[1Ggathering model components [K
copying file sha256:fadc3e5f8d42bf7e894a785b05082e47daee4df26680389817e2093056f088ad 100% [K
parsing GGUF ⠧ [K[?25h[?2026l[?2026h[?25l[A[A[1Ggathering model components [K
copying file sha256:fadc3e5f8d42bf7e894a785b05082e47daee4df26680389817e2093056f088ad 100% [K
parsing GGUF ⠇ [K[?25h[?2026l[?2026h[?25l[A[A[1Ggathering model components [K
copying file sha256:fadc3e5f8d42bf7e894a785b05082e47daee4df26680389817e2093056f088ad 100% [K
parsing GGUF ⠏ [K[?25h[?2026l[?2026h[?25l[A[A[1Ggathering model components [K
copying file sha256:fadc3e5f8d42bf7e894a785b05082e47daee4df26680389817e2093056f088ad 100% [K
parsing GGUF ⠋ [K[?25h[?2026l[?2026h[?25l[A[A[1Ggathering model components [K
copying file sha256:fadc3e5f8d42bf7e894a785b05082e47daee4df26680389817e2093056f088ad 100% [K
parsing GGUF ⠙ [K[?25h[?2026l[?2026h[?25l[A[A[1Ggathering model components [K
copying file sha256:fadc3e5f8d42bf7e894a785b05082e47daee4df26680389817e2093056f088ad 100% [K
parsing GGUF ⠹ [K[?25h[?2026l[?2026h[?25l[A[A[1Ggathering model components [K
copying file sha256:fadc3e5f8d42bf7e894a785b05082e47daee4df26680389817e2093056f088ad 100% [K
parsing GGUF ⠸ [K[?25h[?2026l[?2026h[?25l[A[A[1Ggathering model components [K
copying file sha256:fadc3e5f8d42bf7e894a785b05082e47daee4df26680389817e2093056f088ad 100% [K
parsing GGUF ⠼ [K[?25h[?2026l[?2026h[?25l[A[A[1Ggathering model components [K
copying file sha256:fadc3e5f8d42bf7e894a785b05082e47daee4df26680389817e2093056f088ad 100% [K
parsing GGUF ⠴ [K[?25h[?2026l[?2026h[?25l[A[A[1Ggathering model components [K
copying file sha256:fadc3e5f8d42bf7e894a785b05082e47daee4df26680389817e2093056f088ad 100% [K
parsing GGUF ⠦ [K[?25h[?2026l[?2026h[?25l[A[A[1Ggathering model components [K
copying file sha256:fadc3e5f8d42bf7e894a785b05082e47daee4df26680389817e2093056f088ad 100% [K
parsing GGUF ⠧ [K[?25h[?2026l[?2026h[?25l[A[A[1Ggathering model components [K
copying file sha256:fadc3e5f8d42bf7e894a785b05082e47daee4df26680389817e2093056f088ad 100% [K
parsing GGUF ⠇ [K[?25h[?2026l[?2026h[?25l[A[A[1Ggathering model components [K
copying file sha256:fadc3e5f8d42bf7e894a785b05082e47daee4df26680389817e2093056f088ad 100% [K
parsing GGUF ⠏ [K[?25h[?2026l[?2026h[?25l[A[A[1Ggathering model components [K
copying file sha256:fadc3e5f8d42bf7e894a785b05082e47daee4df26680389817e2093056f088ad 100% [K
parsing GGUF ⠋ [K[?25h[?2026l[?2026h[?25l[A[A[1Ggathering model components [K
copying file sha256:fadc3e5f8d42bf7e894a785b05082e47daee4df26680389817e2093056f088ad 100% [K
parsing GGUF ⠙ [K[?25h[?2026l[?2026h[?25l[A[A[1Ggathering model components [K
copying file sha256:fadc3e5f8d42bf7e894a785b05082e47daee4df26680389817e2093056f088ad 100% [K
parsing GGUF ⠹ [K[?25h[?2026l[?2026h[?25l[A[A[1Ggathering model components [K
copying file sha256:fadc3e5f8d42bf7e894a785b05082e47daee4df26680389817e2093056f088ad 100% [K
parsing GGUF ⠸ [K[?25h[?2026l[?2026h[?25l[A[A[1Ggathering model components [K
copying file sha256:fadc3e5f8d42bf7e894a785b05082e47daee4df26680389817e2093056f088ad 100% [K
parsing GGUF ⠼ [K[?25h[?2026l[?2026h[?25l[A[A[1Ggathering model components [K
copying file sha256:fadc3e5f8d42bf7e894a785b05082e47daee4df26680389817e2093056f088ad 100% [K
parsing GGUF ⠴ [K[?25h[?2026l[?2026h[?25l[A[A[1Ggathering model components [K
copying file sha256:fadc3e5f8d42bf7e894a785b05082e47daee4df26680389817e2093056f088ad 100% [K
parsing GGUF ⠦ [K[?25h[?2026l[?2026h[?25l[A[A[1Ggathering model components [K
copying file sha256:fadc3e5f8d42bf7e894a785b05082e47daee4df26680389817e2093056f088ad 100% [K
parsing GGUF ⠧ [K[?25h[?2026l[?2026h[?25l[A[A[1Ggathering model components [K
copying file sha256:fadc3e5f8d42bf7e894a785b05082e47daee4df26680389817e2093056f088ad 100% [K
parsing GGUF ⠇ [K[?25h[?2026l[?2026h[?25l[A[A[1Ggathering model components [K
copying file sha256:fadc3e5f8d42bf7e894a785b05082e47daee4df26680389817e2093056f088ad 100% [K
parsing GGUF ⠏ [K[?25h[?2026l[?2026h[?25l[A[A[1Ggathering model components [K
copying file sha256:fadc3e5f8d42bf7e894a785b05082e47daee4df26680389817e2093056f088ad 100% [K
parsing GGUF ⠋ [K[?25h[?2026l[?2026h[?25l[A[A[1Ggathering model components [K
copying file sha256:fadc3e5f8d42bf7e894a785b05082e47daee4df26680389817e2093056f088ad 100% [K
parsing GGUF ⠙ [K[?25h[?2026l[?2026h[?25l[A[A[1Ggathering model components [K
copying file sha256:fadc3e5f8d42bf7e894a785b05082e47daee4df26680389817e2093056f088ad 100% [K
parsing GGUF ⠹ [K[?25h[?2026l[?2026h[?25l[A[A[1Ggathering model components [K
copying file sha256:fadc3e5f8d42bf7e894a785b05082e47daee4df26680389817e2093056f088ad 100% [K
parsing GGUF ⠸ [K[?25h[?2026l[?2026h[?25l[A[A[1Ggathering model components [K
copying file sha256:fadc3e5f8d42bf7e894a785b05082e47daee4df26680389817e2093056f088ad 100% [K
parsing GGUF ⠼ [K[?25h[?2026l[?2026h[?25l[A[A[1Ggathering model components [K
copying file sha256:fadc3e5f8d42bf7e894a785b05082e47daee4df26680389817e2093056f088ad 100% [K
parsing GGUF ⠴ [K[?25h[?2026l[?2026h[?25l[A[A[1Ggathering model components [K
copying file sha256:fadc3e5f8d42bf7e894a785b05082e47daee4df26680389817e2093056f088ad 100% [K
parsing GGUF ⠦ [K[?25h[?2026l[?2026h[?25l[A[A[1Ggathering model components [K
copying file sha256:fadc3e5f8d42bf7e894a785b05082e47daee4df26680389817e2093056f088ad 100% [K
parsing GGUF ⠧ [K[?25h[?2026l[?2026h[?25l[A[A[1Ggathering model components [K
copying file sha256:fadc3e5f8d42bf7e894a785b05082e47daee4df26680389817e2093056f088ad 100% [K
parsing GGUF ⠇ [K[?25h[?2026l[?2026h[?25l[A[A[1Ggathering model components [K
copying file sha256:fadc3e5f8d42bf7e894a785b05082e47daee4df26680389817e2093056f088ad 100% [K
parsing GGUF ⠏ [K[?25h[?2026l[?2026h[?25l[A[A[1Ggathering model components [K
copying file sha256:fadc3e5f8d42bf7e894a785b05082e47daee4df26680389817e2093056f088ad 100% [K
parsing GGUF ⠋ [K[?25h[?2026l[?2026h[?25l[A[A[1Ggathering model components [K
copying file sha256:fadc3e5f8d42bf7e894a785b05082e47daee4df26680389817e2093056f088ad 100% [K
parsing GGUF ⠙ [K[?25h[?2026l[?2026h[?25l[A[A[1Ggathering model components [K
copying file sha256:fadc3e5f8d42bf7e894a785b05082e47daee4df26680389817e2093056f088ad 100% [K
parsing GGUF ⠹ [K[?25h[?2026l[?2026h[?25l[A[A[1Ggathering model components [K
copying file sha256:fadc3e5f8d42bf7e894a785b05082e47daee4df26680389817e2093056f088ad 100% [K
parsing GGUF ⠸ [K[?25h[?2026l[?2026h[?25l[A[A[1Ggathering model components [K
copying file sha256:fadc3e5f8d42bf7e894a785b05082e47daee4df26680389817e2093056f088ad 100% [K
parsing GGUF ⠼ [K[?25h[?2026l[?2026h[?25l[A[A[1Ggathering model components [K
copying file sha256:fadc3e5f8d42bf7e894a785b05082e47daee4df26680389817e2093056f088ad 100% [K
parsing GGUF ⠴ [K[?25h[?2026l[?2026h[?25l[A[A[1Ggathering model components [K
copying file sha256:fadc3e5f8d42bf7e894a785b05082e47daee4df26680389817e2093056f088ad 100% [K
parsing GGUF ⠦ [K[?25h[?2026l[?2026h[?25l[A[A[1Ggathering model components [K
copying file sha256:fadc3e5f8d42bf7e894a785b05082e47daee4df26680389817e2093056f088ad 100% [K
parsing GGUF ⠧ [K[?25h[?2026l[?2026h[?25l[A[A[1Ggathering model components [K
copying file sha256:fadc3e5f8d42bf7e894a785b05082e47daee4df26680389817e2093056f088ad 100% [K
parsing GGUF ⠇ [K[?25h[?2026l[?2026h[?25l[A[A[1Ggathering model components [K
copying file sha256:fadc3e5f8d42bf7e894a785b05082e47daee4df26680389817e2093056f088ad 100% [K
parsing GGUF ⠏ [K[?25h[?2026l[?2026h[?25l[A[A[1Ggathering model components [K
copying file sha256:fadc3e5f8d42bf7e894a785b05082e47daee4df26680389817e2093056f088ad 100% [K
parsing GGUF ⠋ [K[?25h[?2026l[?2026h[?25l[A[A[1Ggathering model components [K
copying file sha256:fadc3e5f8d42bf7e894a785b05082e47daee4df26680389817e2093056f088ad 100% [K
parsing GGUF ⠙ [K[?25h[?2026l[?2026h[?25l[A[A[1Ggathering model components [K
copying file sha256:fadc3e5f8d42bf7e894a785b05082e47daee4df26680389817e2093056f088ad 100% [K
parsing GGUF ⠹ [K[?25h[?2026l[?2026h[?25l[A[A[1Ggathering model components [K
copying file sha256:fadc3e5f8d42bf7e894a785b05082e47daee4df26680389817e2093056f088ad 100% [K
parsing GGUF ⠸ [K[?25h[?2026l[?2026h[?25l[A[A[1Ggathering model components [K
copying file sha256:fadc3e5f8d42bf7e894a785b05082e47daee4df26680389817e2093056f088ad 100% [K
parsing GGUF ⠼ [K[?25h[?2026l[?2026h[?25l[A[A[1Ggathering model components [K
copying file sha256:fadc3e5f8d42bf7e894a785b05082e47daee4df26680389817e2093056f088ad 100% [K
parsing GGUF ⠴ [K[?25h[?2026l[?2026h[?25l[A[A[1Ggathering model components [K
copying file sha256:fadc3e5f8d42bf7e894a785b05082e47daee4df26680389817e2093056f088ad 100% [K
parsing GGUF ⠦ [K[?25h[?2026l[?2026h[?25l[A[A[1Ggathering model components [K
copying file sha256:fadc3e5f8d42bf7e894a785b05082e47daee4df26680389817e2093056f088ad 100% [K
parsing GGUF ⠧ [K[?25h[?2026l[?2026h[?25l[A[A[1Ggathering model components [K
copying file sha256:fadc3e5f8d42bf7e894a785b05082e47daee4df26680389817e2093056f088ad 100% [K
parsing GGUF ⠇ [K[?25h[?2026l[?2026h[?25l[A[A[1Ggathering model components [K
copying file sha256:fadc3e5f8d42bf7e894a785b05082e47daee4df26680389817e2093056f088ad 100% [K
parsing GGUF ⠏ [K[?25h[?2026l[?2026h[?25l[A[A[1Ggathering model components [K
copying file sha256:fadc3e5f8d42bf7e894a785b05082e47daee4df26680389817e2093056f088ad 100% [K
parsing GGUF ⠋ [K[?25h[?2026l[?2026h[?25l[A[A[1Ggathering model components [K
copying file sha256:fadc3e5f8d42bf7e894a785b05082e47daee4df26680389817e2093056f088ad 100% [K
parsing GGUF ⠙ [K[?25h[?2026l[?2026h[?25l[A[A[1Ggathering model components [K
copying file sha256:fadc3e5f8d42bf7e894a785b05082e47daee4df26680389817e2093056f088ad 100% [K
parsing GGUF ⠹ [K[?25h[?2026l[?2026h[?25l[A[A[1Ggathering model components [K
copying file sha256:fadc3e5f8d42bf7e894a785b05082e47daee4df26680389817e2093056f088ad 100% [K
parsing GGUF ⠸ [K[?25h[?2026l[?2026h[?25l[A[A[1Ggathering model components [K
copying file sha256:fadc3e5f8d42bf7e894a785b05082e47daee4df26680389817e2093056f088ad 100% [K
parsing GGUF ⠼ [K[?25h[?2026l[?2026h[?25l[A[A[1Ggathering model components [K
copying file sha256:fadc3e5f8d42bf7e894a785b05082e47daee4df26680389817e2093056f088ad 100% [K
parsing GGUF ⠴ [K[?25h[?2026l[?2026h[?25l[A[A[1Ggathering model components [K
copying file sha256:fadc3e5f8d42bf7e894a785b05082e47daee4df26680389817e2093056f088ad 100% [K
parsing GGUF ⠦ [K[?25h[?2026l[?2026h[?25l[A[A[1Ggathering model components [K
copying file sha256:fadc3e5f8d42bf7e894a785b05082e47daee4df26680389817e2093056f088ad 100% [K
parsing GGUF ⠧ [K[?25h[?2026l[?2026h[?25l[A[A[1Ggathering model components [K
copying file sha256:fadc3e5f8d42bf7e894a785b05082e47daee4df26680389817e2093056f088ad 100% [K
parsing GGUF ⠇ [K[?25h[?2026l[?2026h[?25l[A[A[1Ggathering model components [K
copying file sha256:fadc3e5f8d42bf7e894a785b05082e47daee4df26680389817e2093056f088ad 100% [K
parsing GGUF ⠏ [K[?25h[?2026l[?2026h[?25l[A[A[1Ggathering model components [K
copying file sha256:fadc3e5f8d42bf7e894a785b05082e47daee4df26680389817e2093056f088ad 100% [K
parsing GGUF ⠋ [K[?25h[?2026l[?2026h[?25l[A[A[1Ggathering model components [K
copying file sha256:fadc3e5f8d42bf7e894a785b05082e47daee4df26680389817e2093056f088ad 100% [K
parsing GGUF ⠙ [K[?25h[?2026l[?2026h[?25l[A[A[1Ggathering model components [K
copying file sha256:fadc3e5f8d42bf7e894a785b05082e47daee4df26680389817e2093056f088ad 100% [K
parsing GGUF ⠹ [K[?25h[?2026l[?2026h[?25l[A[A[1Ggathering model components [K
copying file sha256:fadc3e5f8d42bf7e894a785b05082e47daee4df26680389817e2093056f088ad 100% [K
parsing GGUF ⠸ [K[?25h[?2026l[?2026h[?25l[A[A[1Ggathering model components [K
copying file sha256:fadc3e5f8d42bf7e894a785b05082e47daee4df26680389817e2093056f088ad 100% [K
parsing GGUF ⠼ [K[?25h[?2026l[?2026h[?25l[A[A[1Ggathering model components [K
copying file sha256:fadc3e5f8d42bf7e894a785b05082e47daee4df26680389817e2093056f088ad 100% [K
parsing GGUF ⠴ [K[?25h[?2026l[?2026h[?25l[A[A[1Ggathering model components [K
copying file sha256:fadc3e5f8d42bf7e894a785b05082e47daee4df26680389817e2093056f088ad 100% [K
parsing GGUF ⠦ [K[?25h[?2026l[?2026h[?25l[A[A[1Ggathering model components [K
copying file sha256:fadc3e5f8d42bf7e894a785b05082e47daee4df26680389817e2093056f088ad 100% [K
parsing GGUF ⠧ [K[?25h[?2026l[?2026h[?25l[A[A[1Ggathering model components [K
copying file sha256:fadc3e5f8d42bf7e894a785b05082e47daee4df26680389817e2093056f088ad 100% [K
parsing GGUF ⠇ [K[?25h[?2026l[?2026h[?25l[A[A[1Ggathering model components [K
copying file sha256:fadc3e5f8d42bf7e894a785b05082e47daee4df26680389817e2093056f088ad 100% [K
parsing GGUF ⠏ [K[?25h[?2026l[?2026h[?25l[A[A[1Ggathering model components [K
copying file sha256:fadc3e5f8d42bf7e894a785b05082e47daee4df26680389817e2093056f088ad 100% [K
parsing GGUF ⠋ [K[?25h[?2026l[?2026h[?25l[A[A[1Ggathering model components [K
copying file sha256:fadc3e5f8d42bf7e894a785b05082e47daee4df26680389817e2093056f088ad 100% [K
parsing GGUF ⠙ [K[?25h[?2026l[?2026h[?25l[A[A[1Ggathering model components [K
copying file sha256:fadc3e5f8d42bf7e894a785b05082e47daee4df26680389817e2093056f088ad 100% [K
parsing GGUF ⠹ [K[?25h[?2026l[?2026h[?25l[A[A[1Ggathering model components [K
copying file sha256:fadc3e5f8d42bf7e894a785b05082e47daee4df26680389817e2093056f088ad 100% [K
parsing GGUF ⠸ [K[?25h[?2026l[?2026h[?25l[A[A[1Ggathering model components [K
copying file sha256:fadc3e5f8d42bf7e894a785b05082e47daee4df26680389817e2093056f088ad 100% [K
parsing GGUF ⠼ [K[?25h[?2026l[?2026h[?25l[A[A[1Ggathering model components [K
copying file sha256:fadc3e5f8d42bf7e894a785b05082e47daee4df26680389817e2093056f088ad 100% [K
parsing GGUF ⠴ [K[?25h[?2026l[?2026h[?25l[A[A[1Ggathering model components [K
copying file sha256:fadc3e5f8d42bf7e894a785b05082e47daee4df26680389817e2093056f088ad 100% [K
parsing GGUF ⠦ [K[?25h[?2026l[?2026h[?25l[A[A[1Ggathering model components [K
copying file sha256:fadc3e5f8d42bf7e894a785b05082e47daee4df26680389817e2093056f088ad 100% [K
parsing GGUF ⠧ [K[?25h[?2026l[?2026h[?25l[A[A[1Ggathering model components [K
copying file sha256:fadc3e5f8d42bf7e894a785b05082e47daee4df26680389817e2093056f088ad 100% [K
parsing GGUF ⠇ [K[?25h[?2026l[?2026h[?25l[A[A[1Ggathering model components [K
copying file sha256:fadc3e5f8d42bf7e894a785b05082e47daee4df26680389817e2093056f088ad 100% [K
parsing GGUF ⠏ [K[?25h[?2026l[?2026h[?25l[A[A[1Ggathering model components [K
copying file sha256:fadc3e5f8d42bf7e894a785b05082e47daee4df26680389817e2093056f088ad 100% [K
parsing GGUF ⠋ [K[?25h[?2026l[?2026h[?25l[A[A[1Ggathering model components [K
copying file sha256:fadc3e5f8d42bf7e894a785b05082e47daee4df26680389817e2093056f088ad 100% [K
parsing GGUF ⠙ [K[?25h[?2026l[?2026h[?25l[A[A[1Ggathering model components [K
copying file sha256:fadc3e5f8d42bf7e894a785b05082e47daee4df26680389817e2093056f088ad 100% [K
parsing GGUF ⠹ [K[?25h[?2026l[?2026h[?25l[A[A[1Ggathering model components [K
copying file sha256:fadc3e5f8d42bf7e894a785b05082e47daee4df26680389817e2093056f088ad 100% [K
parsing GGUF ⠸ [K[?25h[?2026l[?2026h[?25l[A[A[1Ggathering model components [K
copying file sha256:fadc3e5f8d42bf7e894a785b05082e47daee4df26680389817e2093056f088ad 100% [K
parsing GGUF ⠼ [K[?25h[?2026l[?2026h[?25l[A[A[1Ggathering model components [K
copying file sha256:fadc3e5f8d42bf7e894a785b05082e47daee4df26680389817e2093056f088ad 100% [K
parsing GGUF ⠴ [K[?25h[?2026l[?2026h[?25l[A[A[1Ggathering model components [K
copying file sha256:fadc3e5f8d42bf7e894a785b05082e47daee4df26680389817e2093056f088ad 100% [K
parsing GGUF ⠦ [K[?25h[?2026l[?2026h[?25l[A[A[1Ggathering model components [K
copying file sha256:fadc3e5f8d42bf7e894a785b05082e47daee4df26680389817e2093056f088ad 100% [K
parsing GGUF ⠧ [K[?25h[?2026l[?2026h[?25l[A[A[1Ggathering model components [K
copying file sha256:fadc3e5f8d42bf7e894a785b05082e47daee4df26680389817e2093056f088ad 100% [K
parsing GGUF ⠇ [K[?25h[?2026l[?2026h[?25l[A[A[1Ggathering model components [K
copying file sha256:fadc3e5f8d42bf7e894a785b05082e47daee4df26680389817e2093056f088ad 100% [K
parsing GGUF ⠏ [K[?25h[?2026l[?2026h[?25l[A[A[1Ggathering model components [K
copying file sha256:fadc3e5f8d42bf7e894a785b05082e47daee4df26680389817e2093056f088ad 100% [K
parsing GGUF ⠋ [K[?25h[?2026l[?2026h[?25l[A[A[1Ggathering model components [K
copying file sha256:fadc3e5f8d42bf7e894a785b05082e47daee4df26680389817e2093056f088ad 100% [K
parsing GGUF ⠙ [K[?25h[?2026l[?2026h[?25l[A[A[1Ggathering model components [K
copying file sha256:fadc3e5f8d42bf7e894a785b05082e47daee4df26680389817e2093056f088ad 100% [K
parsing GGUF ⠹ [K[?25h[?2026l[?2026h[?25l[A[A[1Ggathering model components [K
copying file sha256:fadc3e5f8d42bf7e894a785b05082e47daee4df26680389817e2093056f088ad 100% [K
parsing GGUF ⠸ [K[?25h[?2026l[?2026h[?25l[A[A[1Ggathering model components [K
copying file sha256:fadc3e5f8d42bf7e894a785b05082e47daee4df26680389817e2093056f088ad 100% [K
parsing GGUF ⠼ [K[?25h[?2026l[?2026h[?25l[A[A[1Ggathering model components [K
copying file sha256:fadc3e5f8d42bf7e894a785b05082e47daee4df26680389817e2093056f088ad 100% [K
parsing GGUF ⠴ [K[?25h[?2026l[?2026h[?25l[A[A[1Ggathering model components [K
copying file sha256:fadc3e5f8d42bf7e894a785b05082e47daee4df26680389817e2093056f088ad 100% [K
parsing GGUF [K
verifying conversion ⠋ [K[?25h[?2026l[?2026h[?25l[A[A[A[1Ggathering model components [K
copying file sha256:fadc3e5f8d42bf7e894a785b05082e47daee4df26680389817e2093056f088ad 100% [K
parsing GGUF [K
verifying conversion ⠙ [K[?25h[?2026l[?2026h[?25l[A[A[A[1Ggathering model components [K
copying file sha256:fadc3e5f8d42bf7e894a785b05082e47daee4df26680389817e2093056f088ad 100% [K
parsing GGUF [K
verifying conversion ⠹ [K[?25h[?2026l[?2026h[?25l[A[A[A[1Ggathering model components [K
copying file sha256:fadc3e5f8d42bf7e894a785b05082e47daee4df26680389817e2093056f088ad 100% [K
parsing GGUF [K
verifying conversion ⠸ [K[?25h[?2026l[?2026h[?25l[A[A[A[1Ggathering model components [K
copying file sha256:fadc3e5f8d42bf7e894a785b05082e47daee4df26680389817e2093056f088ad 100% [K
parsing GGUF [K
verifying conversion ⠼ [K[?25h[?2026l[?2026h[?25l[A[A[A[1Ggathering model components [K
copying file sha256:fadc3e5f8d42bf7e894a785b05082e47daee4df26680389817e2093056f088ad 100% [K
parsing GGUF [K
verifying conversion ⠴ [K[?25h[?2026l[?2026h[?25l[A[A[A[1Ggathering model components [K
copying file sha256:fadc3e5f8d42bf7e894a785b05082e47daee4df26680389817e2093056f088ad 100% [K
parsing GGUF [K
verifying conversion ⠦ [K[?25h[?2026l[?2026h[?25l[A[A[A[1Ggathering model components [K
copying file sha256:fadc3e5f8d42bf7e894a785b05082e47daee4df26680389817e2093056f088ad 100% [K
parsing GGUF [K
verifying conversion ⠧ [K[?25h[?2026l[?2026h[?25l[A[A[A[1Ggathering model components [K
copying file sha256:fadc3e5f8d42bf7e894a785b05082e47daee4df26680389817e2093056f088ad 100% [K
parsing GGUF [K
verifying conversion ⠇ [K[?25h[?2026l[?2026h[?25l[A[A[A[1Ggathering model components [K
copying file sha256:fadc3e5f8d42bf7e894a785b05082e47daee4df26680389817e2093056f088ad 100% [K
parsing GGUF [K
verifying conversion ⠏ [K[?25h[?2026l[?2026h[?25l[A[A[A[1Ggathering model components [K
copying file sha256:fadc3e5f8d42bf7e894a785b05082e47daee4df26680389817e2093056f088ad 100% [K
parsing GGUF [K
verifying conversion ⠋ [K[?25h[?2026l[?2026h[?25l[A[A[A[1Ggathering model components [K
copying file sha256:fadc3e5f8d42bf7e894a785b05082e47daee4df26680389817e2093056f088ad 100% [K
parsing GGUF [K
verifying conversion ⠙ [K[?25h[?2026l[?2026h[?25l[A[A[A[1Ggathering model components [K
copying file sha256:fadc3e5f8d42bf7e894a785b05082e47daee4df26680389817e2093056f088ad 100% [K
parsing GGUF [K
verifying conversion ⠹ [K[?25h[?2026l[?2026h[?25l[A[A[A[1Ggathering model components [K
copying file sha256:fadc3e5f8d42bf7e894a785b05082e47daee4df26680389817e2093056f088ad 100% [K
parsing GGUF [K
verifying conversion ⠸ [K[?25h[?2026l[?2026h[?25l[A[A[A[1Ggathering model components [K
copying file sha256:fadc3e5f8d42bf7e894a785b05082e47daee4df26680389817e2093056f088ad 100% [K
parsing GGUF [K
verifying conversion ⠼ [K[?25h[?2026l[?2026h[?25l[A[A[A[1Ggathering model components [K
copying file sha256:fadc3e5f8d42bf7e894a785b05082e47daee4df26680389817e2093056f088ad 100% [K
parsing GGUF [K
verifying conversion ⠴ [K[?25h[?2026l[?2026h[?25l[A[A[A[1Ggathering model components [K
copying file sha256:fadc3e5f8d42bf7e894a785b05082e47daee4df26680389817e2093056f088ad 100% [K
parsing GGUF [K
verifying conversion ⠦ [K[?25h[?2026l[?2026h[?25l[A[A[A[1Ggathering model components [K
copying file sha256:fadc3e5f8d42bf7e894a785b05082e47daee4df26680389817e2093056f088ad 100% [K
parsing GGUF [K
verifying conversion ⠧ [K[?25h[?2026l[?2026h[?25l[A[A[A[1Ggathering model components [K
copying file sha256:fadc3e5f8d42bf7e894a785b05082e47daee4df26680389817e2093056f088ad 100% [K
parsing GGUF [K
verifying conversion ⠇ [K[?25h[?2026l[?2026h[?25l[A[A[A[1Ggathering model components [K
copying file sha256:fadc3e5f8d42bf7e894a785b05082e47daee4df26680389817e2093056f088ad 100% [K
parsing GGUF [K
verifying conversion ⠏ [K[?25h[?2026l[?2026h[?25l[A[A[A[1Ggathering model components [K
copying file sha256:fadc3e5f8d42bf7e894a785b05082e47daee4df26680389817e2093056f088ad 100% [K
parsing GGUF [K
verifying conversion ⠋ [K[?25h[?2026l[?2026h[?25l[A[A[A[1Ggathering model components [K
copying file sha256:fadc3e5f8d42bf7e894a785b05082e47daee4df26680389817e2093056f088ad 100% [K
parsing GGUF [K
verifying conversion ⠙ [K[?25h[?2026l[?2026h[?25l[A[A[A[1Ggathering model components [K
copying file sha256:fadc3e5f8d42bf7e894a785b05082e47daee4df26680389817e2093056f088ad 100% [K
parsing GGUF [K
verifying conversion ⠹ [K[?25h[?2026l[?2026h[?25l[A[A[A[1Ggathering model components [K
copying file sha256:fadc3e5f8d42bf7e894a785b05082e47daee4df26680389817e2093056f088ad 100% [K
parsing GGUF [K
verifying conversion ⠸ [K[?25h[?2026l[?2026h[?25l[A[A[A[1Ggathering model components [K
copying file sha256:fadc3e5f8d42bf7e894a785b05082e47daee4df26680389817e2093056f088ad 100% [K
parsing GGUF [K
verifying conversion ⠼ [K[?25h[?2026l[?2026h[?25l[A[A[A[1Ggathering model components [K
copying file sha256:fadc3e5f8d42bf7e894a785b05082e47daee4df26680389817e2093056f088ad 100% [K
parsing GGUF [K
verifying conversion ⠴ [K[?25h[?2026l[?2026h[?25l[A[A[A[1Ggathering model components [K
copying file sha256:fadc3e5f8d42bf7e894a785b05082e47daee4df26680389817e2093056f088ad 100% [K
parsing GGUF [K
verifying conversion ⠦ [K[?25h[?2026l[?2026h[?25l[A[A[A[1Ggathering model components [K
copying file sha256:fadc3e5f8d42bf7e894a785b05082e47daee4df26680389817e2093056f088ad 100% [K
parsing GGUF [K
verifying conversion ⠧ [K[?25h[?2026l[?2026h[?25l[A[A[A[1Ggathering model components [K
copying file sha256:fadc3e5f8d42bf7e894a785b05082e47daee4df26680389817e2093056f088ad 100% [K
parsing GGUF [K
verifying conversion ⠇ [K[?25h[?2026l[?2026h[?25l[A[A[A[1Ggathering model components [K
copying file sha256:fadc3e5f8d42bf7e894a785b05082e47daee4df26680389817e2093056f088ad 100% [K
parsing GGUF [K
verifying conversion ⠏ [K[?25h[?2026l[?2026h[?25l[A[A[A[1Ggathering model components [K
copying file sha256:fadc3e5f8d42bf7e894a785b05082e47daee4df26680389817e2093056f088ad 100% [K
parsing GGUF [K
verifying conversion ⠋ [K[?25h[?2026l[?2026h[?25l[A[A[A[1Ggathering model components [K
copying file sha256:fadc3e5f8d42bf7e894a785b05082e47daee4df26680389817e2093056f088ad 100% [K
parsing GGUF [K
verifying conversion ⠙ [K[?25h[?2026l[?2026h[?25l[A[A[A[1Ggathering model components [K
copying file sha256:fadc3e5f8d42bf7e894a785b05082e47daee4df26680389817e2093056f088ad 100% [K
parsing GGUF [K
verifying conversion ⠹ [K[?25h[?2026l[?2026h[?25l[A[A[A[1Ggathering model components [K
copying file sha256:fadc3e5f8d42bf7e894a785b05082e47daee4df26680389817e2093056f088ad 100% [K
parsing GGUF [K
verifying conversion ⠸ [K[?25h[?2026l[?2026h[?25l[A[A[A[1Ggathering model components [K
copying file sha256:fadc3e5f8d42bf7e894a785b05082e47daee4df26680389817e2093056f088ad 100% [K
parsing GGUF [K
verifying conversion ⠼ [K[?25h[?2026l[?2026h[?25l[A[A[A[1Ggathering model components [K
copying file sha256:fadc3e5f8d42bf7e894a785b05082e47daee4df26680389817e2093056f088ad 100% [K
parsing GGUF [K
verifying conversion ⠴ [K[?25h[?2026l[?2026h[?25l[A[A[A[1Ggathering model components [K
copying file sha256:fadc3e5f8d42bf7e894a785b05082e47daee4df26680389817e2093056f088ad 100% [K
parsing GGUF [K
verifying conversion ⠦ [K[?25h[?2026l[?2026h[?25l[A[A[A[1Ggathering model components [K
copying file sha256:fadc3e5f8d42bf7e894a785b05082e47daee4df26680389817e2093056f088ad 100% [K
parsing GGUF [K
verifying conversion ⠧ [K[?25h[?2026l[?2026h[?25l[A[A[A[1Ggathering model components [K
copying file sha256:fadc3e5f8d42bf7e894a785b05082e47daee4df26680389817e2093056f088ad 100% [K
parsing GGUF [K
verifying conversion ⠇ [K[?25h[?2026l[?2026h[?25l[A[A[A[1Ggathering model components [K
copying file sha256:fadc3e5f8d42bf7e894a785b05082e47daee4df26680389817e2093056f088ad 100% [K
parsing GGUF [K
verifying conversion ⠏ [K[?25h[?2026l[?2026h[?25l[A[A[A[1Ggathering model components [K
copying file sha256:fadc3e5f8d42bf7e894a785b05082e47daee4df26680389817e2093056f088ad 100% [K
parsing GGUF [K
verifying conversion ⠋ [K[?25h[?2026l[?2026h[?25l[A[A[A[1Ggathering model components [K
copying file sha256:fadc3e5f8d42bf7e894a785b05082e47daee4df26680389817e2093056f088ad 100% [K
parsing GGUF [K
verifying conversion ⠙ [K[?25h[?2026l[?2026h[?25l[A[A[A[1Ggathering model components [K
copying file sha256:fadc3e5f8d42bf7e894a785b05082e47daee4df26680389817e2093056f088ad 100% [K
parsing GGUF [K
verifying conversion ⠹ [K[?25h[?2026l[?2026h[?25l[A[A[A[1Ggathering model components [K
copying file sha256:fadc3e5f8d42bf7e894a785b05082e47daee4df26680389817e2093056f088ad 100% [K
parsing GGUF [K
verifying conversion ⠸ [K[?25h[?2026l[?2026h[?25l[A[A[A[1Ggathering model components [K
copying file sha256:fadc3e5f8d42bf7e894a785b05082e47daee4df26680389817e2093056f088ad 100% [K
parsing GGUF [K
verifying conversion ⠼ [K[?25h[?2026l[?2026h[?25l[A[A[A[1Ggathering model components [K
copying file sha256:fadc3e5f8d42bf7e894a785b05082e47daee4df26680389817e2093056f088ad 100% [K
parsing GGUF [K
verifying conversion ⠴ [K[?25h[?2026l[?2026h[?25l[A[A[A[1Ggathering model components [K
copying file sha256:fadc3e5f8d42bf7e894a785b05082e47daee4df26680389817e2093056f088ad 100% [K
parsing GGUF [K
verifying conversion ⠦ [K[?25h[?2026l[?2026h[?25l[A[A[A[1Ggathering model components [K
copying file sha256:fadc3e5f8d42bf7e894a785b05082e47daee4df26680389817e2093056f088ad 100% [K
parsing GGUF [K
verifying conversion ⠧ [K[?25h[?2026l[?2026h[?25l[A[A[A[1Ggathering model components [K
copying file sha256:fadc3e5f8d42bf7e894a785b05082e47daee4df26680389817e2093056f088ad 100% [K
parsing GGUF [K
verifying conversion ⠇ [K[?25h[?2026l[?2026h[?25l[A[A[A[1Ggathering model components [K
copying file sha256:fadc3e5f8d42bf7e894a785b05082e47daee4df26680389817e2093056f088ad 100% [K
parsing GGUF [K
verifying conversion ⠏ [K[?25h[?2026l[?2026h[?25l[A[A[A[1Ggathering model components [K
copying file sha256:fadc3e5f8d42bf7e894a785b05082e47daee4df26680389817e2093056f088ad 100% [K
parsing GGUF [K
verifying conversion ⠋ [K[?25h[?2026l[?2026h[?25l[A[A[A[1Ggathering model components [K
copying file sha256:fadc3e5f8d42bf7e894a785b05082e47daee4df26680389817e2093056f088ad 100% [K
parsing GGUF [K
verifying conversion ⠙ [K[?25h[?2026l[?2026h[?25l[A[A[A[1Ggathering model components [K
copying file sha256:fadc3e5f8d42bf7e894a785b05082e47daee4df26680389817e2093056f088ad 100% [K
parsing GGUF [K
verifying conversion ⠹ [K[?25h[?2026l[?2026h[?25l[A[A[A[1Ggathering model components [K
copying file sha256:fadc3e5f8d42bf7e894a785b05082e47daee4df26680389817e2093056f088ad 100% [K
parsing GGUF [K
verifying conversion ⠸ [K[?25h[?2026l[?2026h[?25l[A[A[A[1Ggathering model components [K
copying file sha256:fadc3e5f8d42bf7e894a785b05082e47daee4df26680389817e2093056f088ad 100% [K
parsing GGUF [K
verifying conversion ⠼ [K[?25h[?2026l[?2026h[?25l[A[A[A[1Ggathering model components [K
copying file sha256:fadc3e5f8d42bf7e894a785b05082e47daee4df26680389817e2093056f088ad 100% [K
parsing GGUF [K
verifying conversion ⠴ [K[?25h[?2026l[?2026h[?25l[A[A[A[1Ggathering model components [K
copying file sha256:fadc3e5f8d42bf7e894a785b05082e47daee4df26680389817e2093056f088ad 100% [K
parsing GGUF [K
verifying conversion ⠦ [K[?25h[?2026l[?2026h[?25l[A[A[A[1Ggathering model components [K
copying file sha256:fadc3e5f8d42bf7e894a785b05082e47daee4df26680389817e2093056f088ad 100% [K
parsing GGUF [K
verifying conversion ⠧ [K[?25h[?2026l[?2026h[?25l[A[A[A[1Ggathering model components [K
copying file sha256:fadc3e5f8d42bf7e894a785b05082e47daee4df26680389817e2093056f088ad 100% [K
parsing GGUF [K
verifying conversion ⠇ [K[?25h[?2026l[?2026h[?25l[A[A[A[1Ggathering model components [K
copying file sha256:fadc3e5f8d42bf7e894a785b05082e47daee4df26680389817e2093056f088ad 100% [K
parsing GGUF [K
verifying conversion ⠏ [K[?25h[?2026l[?2026h[?25l[A[A[A[1Ggathering model components [K
copying file sha256:fadc3e5f8d42bf7e894a785b05082e47daee4df26680389817e2093056f088ad 100% [K
parsing GGUF [K
verifying conversion ⠋ [K[?25h[?2026l[?2026h[?25l[A[A[A[1Ggathering model components [K
copying file sha256:fadc3e5f8d42bf7e894a785b05082e47daee4df26680389817e2093056f088ad 100% [K
parsing GGUF [K
verifying conversion ⠙ [K[?25h[?2026l[?2026h[?25l[A[A[A[1Ggathering model components [K
copying file sha256:fadc3e5f8d42bf7e894a785b05082e47daee4df26680389817e2093056f088ad 100% [K
parsing GGUF [K
verifying conversion ⠹ [K[?25h[?2026l[?2026h[?25l[A[A[A[1Ggathering model components [K
copying file sha256:fadc3e5f8d42bf7e894a785b05082e47daee4df26680389817e2093056f088ad 100% [K
parsing GGUF [K
verifying conversion ⠸ [K[?25h[?2026l[?2026h[?25l[A[A[A[1Ggathering model components [K
copying file sha256:fadc3e5f8d42bf7e894a785b05082e47daee4df26680389817e2093056f088ad 100% [K
parsing GGUF [K
verifying conversion ⠼ [K[?25h[?2026l[?2026h[?25l[A[A[A[1Ggathering model components [K
copying file sha256:fadc3e5f8d42bf7e894a785b05082e47daee4df26680389817e2093056f088ad 100% [K
parsing GGUF [K
verifying conversion ⠴ [K[?25h[?2026l[?2026h[?25l[A[A[A[1Ggathering model components [K
copying file sha256:fadc3e5f8d42bf7e894a785b05082e47daee4df26680389817e2093056f088ad 100% [K
parsing GGUF [K
verifying conversion ⠦ [K[?25h[?2026l[?2026h[?25l[A[A[A[1Ggathering model components [K
copying file sha256:fadc3e5f8d42bf7e894a785b05082e47daee4df26680389817e2093056f088ad 100% [K
parsing GGUF [K
verifying conversion ⠧ [K[?25h[?2026l[?2026h[?25l[A[A[A[1Ggathering model components [K
copying file sha256:fadc3e5f8d42bf7e894a785b05082e47daee4df26680389817e2093056f088ad 100% [K
parsing GGUF [K
verifying conversion ⠇ [K[?25h[?2026l[?2026h[?25l[A[A[A[1Ggathering model components [K
copying file sha256:fadc3e5f8d42bf7e894a785b05082e47daee4df26680389817e2093056f088ad 100% [K
parsing GGUF [K
verifying conversion ⠏ [K[?25h[?2026l[?2026h[?25l[A[A[A[1Ggathering model components [K
copying file sha256:fadc3e5f8d42bf7e894a785b05082e47daee4df26680389817e2093056f088ad 100% [K
parsing GGUF [K
verifying conversion ⠋ [K[?25h[?2026l[?2026h[?25l[A[A[A[1Ggathering model components [K
copying file sha256:fadc3e5f8d42bf7e894a785b05082e47daee4df26680389817e2093056f088ad 100% [K
parsing GGUF [K
verifying conversion ⠙ [K[?25h[?2026l[?2026h[?25l[A[A[A[1Ggathering model components [K
copying file sha256:fadc3e5f8d42bf7e894a785b05082e47daee4df26680389817e2093056f088ad 100% [K
parsing GGUF [K
verifying conversion ⠹ [K[?25h[?2026l[?2026h[?25l[A[A[A[1Ggathering model components [K
copying file sha256:fadc3e5f8d42bf7e894a785b05082e47daee4df26680389817e2093056f088ad 100% [K
parsing GGUF [K
verifying conversion ⠸ [K[?25h[?2026l[?2026h[?25l[A[A[A[1Ggathering model components [K
copying file sha256:fadc3e5f8d42bf7e894a785b05082e47daee4df26680389817e2093056f088ad 100% [K
parsing GGUF [K
verifying conversion ⠼ [K[?25h[?2026l[?2026h[?25l[A[A[A[1Ggathering model components [K
copying file sha256:fadc3e5f8d42bf7e894a785b05082e47daee4df26680389817e2093056f088ad 100% [K
parsing GGUF [K
verifying conversion ⠴ [K[?25h[?2026l[?2026h[?25l[A[A[A[1Ggathering model components [K
copying file sha256:fadc3e5f8d42bf7e894a785b05082e47daee4df26680389817e2093056f088ad 100% [K
parsing GGUF [K
verifying conversion ⠦ [K[?25h[?2026l[?2026h[?25l[A[A[A[1Ggathering model components [K
copying file sha256:fadc3e5f8d42bf7e894a785b05082e47daee4df26680389817e2093056f088ad 100% [K
parsing GGUF [K
verifying conversion ⠧ [K[?25h[?2026l[?2026h[?25l[A[A[A[1Ggathering model components [K
copying file sha256:fadc3e5f8d42bf7e894a785b05082e47daee4df26680389817e2093056f088ad 100% [K
parsing GGUF [K
verifying conversion ⠇ [K[?25h[?2026l[?2026h[?25l[A[A[A[1Ggathering model components [K
copying file sha256:fadc3e5f8d42bf7e894a785b05082e47daee4df26680389817e2093056f088ad 100% [K
parsing GGUF [K
verifying conversion ⠏ [K[?25h[?2026l[?2026h[?25l[A[A[A[1Ggathering model components [K
copying file sha256:fadc3e5f8d42bf7e894a785b05082e47daee4df26680389817e2093056f088ad 100% [K
parsing GGUF [K
verifying conversion ⠋ [K[?25h[?2026l[?2026h[?25l[A[A[A[1Ggathering model components [K
copying file sha256:fadc3e5f8d42bf7e894a785b05082e47daee4df26680389817e2093056f088ad 100% [K
parsing GGUF [K
verifying conversion ⠙ [K[?25h[?2026l[?2026h[?25l[A[A[A[1Ggathering model components [K
copying file sha256:fadc3e5f8d42bf7e894a785b05082e47daee4df26680389817e2093056f088ad 100% [K
parsing GGUF [K
verifying conversion ⠹ [K[?25h[?2026l[?2026h[?25l[A[A[A[1Ggathering model components [K
copying file sha256:fadc3e5f8d42bf7e894a785b05082e47daee4df26680389817e2093056f088ad 100% [K
parsing GGUF [K
verifying conversion ⠸ [K[?25h[?2026l[?2026h[?25l[A[A[A[1Ggathering model components [K
copying file sha256:fadc3e5f8d42bf7e894a785b05082e47daee4df26680389817e2093056f088ad 100% [K
parsing GGUF [K
verifying conversion ⠼ [K[?25h[?2026l[?2026h[?25l[A[A[A[1Ggathering model components [K
copying file sha256:fadc3e5f8d42bf7e894a785b05082e47daee4df26680389817e2093056f088ad 100% [K
parsing GGUF [K
verifying conversion ⠴ [K[?25h[?2026l[?2026h[?25l[A[A[A[1Ggathering model components [K
copying file sha256:fadc3e5f8d42bf7e894a785b05082e47daee4df26680389817e2093056f088ad 100% [K
parsing GGUF [K
verifying conversion ⠦ [K[?25h[?2026l[?2026h[?25l[A[A[A[1Ggathering model components [K
copying file sha256:fadc3e5f8d42bf7e894a785b05082e47daee4df26680389817e2093056f088ad 100% [K
parsing GGUF [K
verifying conversion ⠧ [K[?25h[?2026l[?2026h[?25l[A[A[A[1Ggathering model components [K
copying file sha256:fadc3e5f8d42bf7e894a785b05082e47daee4df26680389817e2093056f088ad 100% [K
parsing GGUF [K
verifying conversion ⠇ [K[?25h[?2026l[?2026h[?25l[A[A[A[1Ggathering model components [K
copying file sha256:fadc3e5f8d42bf7e894a785b05082e47daee4df26680389817e2093056f088ad 100% [K
parsing GGUF [K
verifying conversion ⠏ [K[?25h[?2026l[?2026h[?25l[A[A[A[1Ggathering model components [K
copying file sha256:fadc3e5f8d42bf7e894a785b05082e47daee4df26680389817e2093056f088ad 100% [K
parsing GGUF [K
verifying conversion ⠋ [K[?25h[?2026l[?2026h[?25l[A[A[A[1Ggathering model components [K
copying file sha256:fadc3e5f8d42bf7e894a785b05082e47daee4df26680389817e2093056f088ad 100% [K
parsing GGUF [K
verifying conversion ⠙ [K[?25h[?2026l[?2026h[?25l[A[A[A[1Ggathering model components [K
copying file sha256:fadc3e5f8d42bf7e894a785b05082e47daee4df26680389817e2093056f088ad 100% [K
parsing GGUF [K
verifying conversion ⠹ [K[?25h[?2026l[?2026h[?25l[A[A[A[1Ggathering model components [K
copying file sha256:fadc3e5f8d42bf7e894a785b05082e47daee4df26680389817e2093056f088ad 100% [K
parsing GGUF [K
verifying conversion ⠸ [K[?25h[?2026l[?2026h[?25l[A[A[A[1Ggathering model components [K
copying file sha256:fadc3e5f8d42bf7e894a785b05082e47daee4df26680389817e2093056f088ad 100% [K
parsing GGUF [K
verifying conversion ⠼ [K[?25h[?2026l[?2026h[?25l[A[A[A[1Ggathering model components [K
copying file sha256:fadc3e5f8d42bf7e894a785b05082e47daee4df26680389817e2093056f088ad 100% [K
parsing GGUF [K
verifying conversion ⠴ [K[?25h[?2026l[?2026h[?25l[A[A[A[1Ggathering model components [K
copying file sha256:fadc3e5f8d42bf7e894a785b05082e47daee4df26680389817e2093056f088ad 100% [K
parsing GGUF [K
verifying conversion ⠦ [K[?25h[?2026l[?2026h[?25l[A[A[A[1Ggathering model components [K
copying file sha256:fadc3e5f8d42bf7e894a785b05082e47daee4df26680389817e2093056f088ad 100% [K
parsing GGUF [K
verifying conversion ⠧ [K[?25h[?2026l[?2026h[?25l[A[A[A[1Ggathering model components [K
copying file sha256:fadc3e5f8d42bf7e894a785b05082e47daee4df26680389817e2093056f088ad 100% [K
parsing GGUF [K
verifying conversion ⠇ [K[?25h[?2026l[?2026h[?25l[A[A[A[1Ggathering model components [K
copying file sha256:fadc3e5f8d42bf7e894a785b05082e47daee4df26680389817e2093056f088ad 100% [K
parsing GGUF [K
verifying conversion ⠏ [K[?25h[?2026l[?2026h[?25l[A[A[A[1Ggathering model components [K
copying file sha256:fadc3e5f8d42bf7e894a785b05082e47daee4df26680389817e2093056f088ad 100% [K
parsing GGUF [K
verifying conversion ⠋ [K[?25h[?2026l[?2026h[?25l[A[A[A[1Ggathering model components [K
copying file sha256:fadc3e5f8d42bf7e894a785b05082e47daee4df26680389817e2093056f088ad 100% [K
parsing GGUF [K
verifying conversion ⠙ [K[?25h[?2026l[?2026h[?25l[A[A[A[1Ggathering model components [K
copying file sha256:fadc3e5f8d42bf7e894a785b05082e47daee4df26680389817e2093056f088ad 100% [K
parsing GGUF [K
verifying conversion ⠹ [K[?25h[?2026l[?2026h[?25l[A[A[A[1Ggathering model components [K
copying file sha256:fadc3e5f8d42bf7e894a785b05082e47daee4df26680389817e2093056f088ad 100% [K
parsing GGUF [K
verifying conversion ⠸ [K[?25h[?2026l[?2026h[?25l[A[A[A[1Ggathering model components [K
copying file sha256:fadc3e5f8d42bf7e894a785b05082e47daee4df26680389817e2093056f088ad 100% [K
parsing GGUF [K
verifying conversion ⠼ [K[?25h[?2026l[?2026h[?25l[A[A[A[1Ggathering model components [K
copying file sha256:fadc3e5f8d42bf7e894a785b05082e47daee4df26680389817e2093056f088ad 100% [K
parsing GGUF [K
verifying conversion ⠴ [K[?25h[?2026l[?2026h[?25l[A[A[A[1Ggathering model components [K
copying file sha256:fadc3e5f8d42bf7e894a785b05082e47daee4df26680389817e2093056f088ad 100% [K
parsing GGUF [K
verifying conversion ⠦ [K[?25h[?2026l[?2026h[?25l[A[A[A[1Ggathering model components [K
copying file sha256:fadc3e5f8d42bf7e894a785b05082e47daee4df26680389817e2093056f088ad 100% [K
parsing GGUF [K
verifying conversion ⠧ [K[?25h[?2026l[?2026h[?25l[A[A[A[1Ggathering model components [K
copying file sha256:fadc3e5f8d42bf7e894a785b05082e47daee4df26680389817e2093056f088ad 100% [K
parsing GGUF [K
verifying conversion ⠇ [K[?25h[?2026l[?2026h[?25l[A[A[A[1Ggathering model components [K
copying file sha256:fadc3e5f8d42bf7e894a785b05082e47daee4df26680389817e2093056f088ad 100% [K
parsing GGUF [K
verifying conversion ⠏ [K[?25h[?2026l[?2026h[?25l[A[A[A[1Ggathering model components [K
copying file sha256:fadc3e5f8d42bf7e894a785b05082e47daee4df26680389817e2093056f088ad 100% [K
parsing GGUF [K
verifying conversion ⠋ [K[?25h[?2026l[?2026h[?25l[A[A[A[1Ggathering model components [K
copying file sha256:fadc3e5f8d42bf7e894a785b05082e47daee4df26680389817e2093056f088ad 100% [K
parsing GGUF [K
verifying conversion ⠙ [K[?25h[?2026l[?2026h[?25l[A[A[A[1Ggathering model components [K
copying file sha256:fadc3e5f8d42bf7e894a785b05082e47daee4df26680389817e2093056f088ad 100% [K
parsing GGUF [K
verifying conversion ⠹ [K[?25h[?2026l[?2026h[?25l[A[A[A[1Ggathering model components [K
copying file sha256:fadc3e5f8d42bf7e894a785b05082e47daee4df26680389817e2093056f088ad 100% [K
parsing GGUF [K
verifying conversion ⠸ [K[?25h[?2026l[?2026h[?25l[A[A[A[1Ggathering model components [K
copying file sha256:fadc3e5f8d42bf7e894a785b05082e47daee4df26680389817e2093056f088ad 100% [K
parsing GGUF [K
verifying conversion ⠼ [K[?25h[?2026l[?2026h[?25l[A[A[A[1Ggathering model components [K
copying file sha256:fadc3e5f8d42bf7e894a785b05082e47daee4df26680389817e2093056f088ad 100% [K
parsing GGUF [K
verifying conversion ⠴ [K[?25h[?2026l[?2026h[?25l[A[A[A[1Ggathering model components [K
copying file sha256:fadc3e5f8d42bf7e894a785b05082e47daee4df26680389817e2093056f088ad 100% [K
parsing GGUF [K
verifying conversion ⠦ [K[?25h[?2026l[?2026h[?25l[A[A[A[1Ggathering model components [K
copying file sha256:fadc3e5f8d42bf7e894a785b05082e47daee4df26680389817e2093056f088ad 100% [K
parsing GGUF [K
verifying conversion ⠧ [K[?25h[?2026l[?2026h[?25l[A[A[A[1Ggathering model components [K
copying file sha256:fadc3e5f8d42bf7e894a785b05082e47daee4df26680389817e2093056f088ad 100% [K
parsing GGUF [K
verifying conversion ⠇ [K[?25h[?2026l[?2026h[?25l[A[A[A[1Ggathering model components [K
copying file sha256:fadc3e5f8d42bf7e894a785b05082e47daee4df26680389817e2093056f088ad 100% [K
parsing GGUF [K
verifying conversion ⠏ [K[?25h[?2026l[?2026h[?25l[A[A[A[1Ggathering model components [K
copying file sha256:fadc3e5f8d42bf7e894a785b05082e47daee4df26680389817e2093056f088ad 100% [K
parsing GGUF [K
verifying conversion ⠋ [K[?25h[?2026l[?2026h[?25l[A[A[A[1Ggathering model components [K
copying file sha256:fadc3e5f8d42bf7e894a785b05082e47daee4df26680389817e2093056f088ad 100% [K
parsing GGUF [K
verifying conversion ⠙ [K[?25h[?2026l[?2026h[?25l[A[A[A[1Ggathering model components [K
copying file sha256:fadc3e5f8d42bf7e894a785b05082e47daee4df26680389817e2093056f088ad 100% [K
parsing GGUF [K
verifying conversion ⠹ [K[?25h[?2026l[?2026h[?25l[A[A[A[1Ggathering model components [K
copying file sha256:fadc3e5f8d42bf7e894a785b05082e47daee4df26680389817e2093056f088ad 100% [K
parsing GGUF [K
verifying conversion ⠸ [K[?25h[?2026l[?2026h[?25l[A[A[A[1Ggathering model components [K
copying file sha256:fadc3e5f8d42bf7e894a785b05082e47daee4df26680389817e2093056f088ad 100% [K
parsing GGUF [K
verifying conversion ⠼ [K[?25h[?2026l[?2026h[?25l[A[A[A[1Ggathering model components [K
copying file sha256:fadc3e5f8d42bf7e894a785b05082e47daee4df26680389817e2093056f088ad 100% [K
parsing GGUF [K
verifying conversion ⠴ [K[?25h[?2026l[?2026h[?25l[A[A[A[1Ggathering model components [K
copying file sha256:fadc3e5f8d42bf7e894a785b05082e47daee4df26680389817e2093056f088ad 100% [K
parsing GGUF [K
verifying conversion ⠦ [K[?25h[?2026l[?2026h[?25l[A[A[A[1Ggathering model components [K
copying file sha256:fadc3e5f8d42bf7e894a785b05082e47daee4df26680389817e2093056f088ad 100% [K
parsing GGUF [K
verifying conversion ⠧ [K[?25h[?2026l[?2026h[?25l[A[A[A[1Ggathering model components [K
copying file sha256:fadc3e5f8d42bf7e894a785b05082e47daee4df26680389817e2093056f088ad 100% [K
parsing GGUF [K
verifying conversion ⠇ [K[?25h[?2026l[?2026h[?25l[A[A[A[1Ggathering model components [K
copying file sha256:fadc3e5f8d42bf7e894a785b05082e47daee4df26680389817e2093056f088ad 100% [K
parsing GGUF [K
verifying conversion ⠏ [K[?25h[?2026l[?2026h[?25l[A[A[A[1Ggathering model components [K
copying file sha256:fadc3e5f8d42bf7e894a785b05082e47daee4df26680389817e2093056f088ad 100% [K
parsing GGUF [K
verifying conversion ⠋ [K[?25h[?2026l[?2026h[?25l[A[A[A[1Ggathering model components [K
copying file sha256:fadc3e5f8d42bf7e894a785b05082e47daee4df26680389817e2093056f088ad 100% [K
parsing GGUF [K
verifying conversion ⠙ [K[?25h[?2026l[?2026h[?25l[A[A[A[1Ggathering model components [K
copying file sha256:fadc3e5f8d42bf7e894a785b05082e47daee4df26680389817e2093056f088ad 100% [K
parsing GGUF [K
verifying conversion ⠹ [K[?25h[?2026l[?2026h[?25l[A[A[A[1Ggathering model components [K
copying file sha256:fadc3e5f8d42bf7e894a785b05082e47daee4df26680389817e2093056f088ad 100% [K
parsing GGUF [K
verifying conversion ⠸ [K[?25h[?2026l[?2026h[?25l[A[A[A[1Ggathering model components [K
copying file sha256:fadc3e5f8d42bf7e894a785b05082e47daee4df26680389817e2093056f088ad 100% [K
parsing GGUF [K
verifying conversion ⠼ [K[?25h[?2026l[?2026h[?25l[A[A[A[1Ggathering model components [K
copying file sha256:fadc3e5f8d42bf7e894a785b05082e47daee4df26680389817e2093056f088ad 100% [K
parsing GGUF [K
verifying conversion ⠴ [K[?25h[?2026l[?2026h[?25l[A[A[A[1Ggathering model components [K
copying file sha256:fadc3e5f8d42bf7e894a785b05082e47daee4df26680389817e2093056f088ad 100% [K
parsing GGUF [K
verifying conversion ⠦ [K[?25h[?2026l[?2026h[?25l[A[A[A[1Ggathering model components [K
copying file sha256:fadc3e5f8d42bf7e894a785b05082e47daee4df26680389817e2093056f088ad 100% [K
parsing GGUF [K
verifying conversion ⠧ [K[?25h[?2026l[?2026h[?25l[A[A[A[1Ggathering model components [K
copying file sha256:fadc3e5f8d42bf7e894a785b05082e47daee4df26680389817e2093056f088ad 100% [K
parsing GGUF [K
verifying conversion ⠇ [K[?25h[?2026l[?2026h[?25l[A[A[A[1Ggathering model components [K
copying file sha256:fadc3e5f8d42bf7e894a785b05082e47daee4df26680389817e2093056f088ad 100% [K
parsing GGUF [K
verifying conversion ⠏ [K[?25h[?2026l[?2026h[?25l[A[A[A[1Ggathering model components [K
copying file sha256:fadc3e5f8d42bf7e894a785b05082e47daee4df26680389817e2093056f088ad 100% [K
parsing GGUF [K
verifying conversion ⠋ [K[?25h[?2026l[?2026h[?25l[A[A[A[1Ggathering model components [K
copying file sha256:fadc3e5f8d42bf7e894a785b05082e47daee4df26680389817e2093056f088ad 100% [K
parsing GGUF [K
verifying conversion ⠙ [K[?25h[?2026l[?2026h[?25l[A[A[A[1Ggathering model components [K
copying file sha256:fadc3e5f8d42bf7e894a785b05082e47daee4df26680389817e2093056f088ad 100% [K
parsing GGUF [K
verifying conversion ⠹ [K[?25h[?2026l[?2026h[?25l[A[A[A[1Ggathering model components [K
copying file sha256:fadc3e5f8d42bf7e894a785b05082e47daee4df26680389817e2093056f088ad 100% [K
parsing GGUF [K
verifying conversion ⠸ [K[?25h[?2026l[?2026h[?25l[A[A[A[1Ggathering model components [K
copying file sha256:fadc3e5f8d42bf7e894a785b05082e47daee4df26680389817e2093056f088ad 100% [K
parsing GGUF [K
verifying conversion ⠼ [K[?25h[?2026l[?2026h[?25l[A[A[A[1Ggathering model components [K
copying file sha256:fadc3e5f8d42bf7e894a785b05082e47daee4df26680389817e2093056f088ad 100% [K
parsing GGUF [K
verifying conversion ⠴ [K[?25h[?2026l[?2026h[?25l[A[A[A[1Ggathering model components [K
copying file sha256:fadc3e5f8d42bf7e894a785b05082e47daee4df26680389817e2093056f088ad 100% [K
parsing GGUF [K
verifying conversion ⠦ [K[?25h[?2026l[?2026h[?25l[A[A[A[1Ggathering model components [K
copying file sha256:fadc3e5f8d42bf7e894a785b05082e47daee4df26680389817e2093056f088ad 100% [K
parsing GGUF [K
verifying conversion ⠧ [K[?25h[?2026l[?2026h[?25l[A[A[A[1Ggathering model components [K
copying file sha256:fadc3e5f8d42bf7e894a785b05082e47daee4df26680389817e2093056f088ad 100% [K
parsing GGUF [K
verifying conversion ⠇ [K[?25h[?2026l[?2026h[?25l[A[A[A[1Ggathering model components [K
copying file sha256:fadc3e5f8d42bf7e894a785b05082e47daee4df26680389817e2093056f088ad 100% [K
parsing GGUF [K
verifying conversion ⠏ [K[?25h[?2026l[?2026h[?25l[A[A[A[1Ggathering model components [K
copying file sha256:fadc3e5f8d42bf7e894a785b05082e47daee4df26680389817e2093056f088ad 100% [K
parsing GGUF [K
verifying conversion ⠋ [K[?25h[?2026l[?2026h[?25l[A[A[A[1Ggathering model components [K
copying file sha256:fadc3e5f8d42bf7e894a785b05082e47daee4df26680389817e2093056f088ad 100% [K
parsing GGUF [K
verifying conversion ⠙ [K[?25h[?2026l[?2026h[?25l[A[A[A[1Ggathering model components [K
copying file sha256:fadc3e5f8d42bf7e894a785b05082e47daee4df26680389817e2093056f088ad 100% [K
parsing GGUF [K
verifying conversion ⠹ [K[?25h[?2026l[?2026h[?25l[A[A[A[1Ggathering model components [K
copying file sha256:fadc3e5f8d42bf7e894a785b05082e47daee4df26680389817e2093056f088ad 100% [K
parsing GGUF [K
verifying conversion ⠸ [K[?25h[?2026l[?2026h[?25l[A[A[A[1Ggathering model components [K
copying file sha256:fadc3e5f8d42bf7e894a785b05082e47daee4df26680389817e2093056f088ad 100% [K
parsing GGUF [K
verifying conversion ⠼ [K[?25h[?2026l[?2026h[?25l[A[A[A[1Ggathering model components [K
copying file sha256:fadc3e5f8d42bf7e894a785b05082e47daee4df26680389817e2093056f088ad 100% [K
parsing GGUF [K
verifying conversion ⠴ [K[?25h[?2026l[?2026h[?25l[A[A[A[1Ggathering model components [K
copying file sha256:fadc3e5f8d42bf7e894a785b05082e47daee4df26680389817e2093056f088ad 100% [K
parsing GGUF [K
verifying conversion ⠦ [K[?25h[?2026l[?2026h[?25l[A[A[A[1Ggathering model components [K
copying file sha256:fadc3e5f8d42bf7e894a785b05082e47daee4df26680389817e2093056f088ad 100% [K
parsing GGUF [K
verifying conversion ⠧ [K[?25h[?2026l[?2026h[?25l[A[A[A[1Ggathering model components [K
copying file sha256:fadc3e5f8d42bf7e894a785b05082e47daee4df26680389817e2093056f088ad 100% [K
parsing GGUF [K
verifying conversion ⠇ [K[?25h[?2026l[?2026h[?25l[A[A[A[1Ggathering model components [K
copying file sha256:fadc3e5f8d42bf7e894a785b05082e47daee4df26680389817e2093056f088ad 100% [K
parsing GGUF [K
verifying conversion ⠏ [K[?25h[?2026l[?2026h[?25l[A[A[A[1Ggathering model components [K
copying file sha256:fadc3e5f8d42bf7e894a785b05082e47daee4df26680389817e2093056f088ad 100% [K
parsing GGUF [K
verifying conversion ⠋ [K[?25h[?2026l[?2026h[?25l[A[A[A[1Ggathering model components [K
copying file sha256:fadc3e5f8d42bf7e894a785b05082e47daee4df26680389817e2093056f088ad 100% [K
parsing GGUF [K
verifying conversion ⠙ [K[?25h[?2026l[?2026h[?25l[A[A[A[1Ggathering model components [K
copying file sha256:fadc3e5f8d42bf7e894a785b05082e47daee4df26680389817e2093056f088ad 100% [K
parsing GGUF [K
verifying conversion ⠹ [K[?25h[?2026l[?2026h[?25l[A[A[A[1Ggathering model components [K
copying file sha256:fadc3e5f8d42bf7e894a785b05082e47daee4df26680389817e2093056f088ad 100% [K
parsing GGUF [K
verifying conversion ⠸ [K[?25h[?2026l[?2026h[?25l[A[A[A[1Ggathering model components [K
copying file sha256:fadc3e5f8d42bf7e894a785b05082e47daee4df26680389817e2093056f088ad 100% [K
parsing GGUF [K
verifying conversion ⠼ [K[?25h[?2026l[?2026h[?25l[A[A[A[1Ggathering model components [K
copying file sha256:fadc3e5f8d42bf7e894a785b05082e47daee4df26680389817e2093056f088ad 100% [K
parsing GGUF [K
verifying conversion ⠴ [K[?25h[?2026l[?2026h[?25l[A[A[A[1Ggathering model components [K
copying file sha256:fadc3e5f8d42bf7e894a785b05082e47daee4df26680389817e2093056f088ad 100% [K
parsing GGUF [K
verifying conversion ⠦ [K[?25h[?2026l[?2026h[?25l[A[A[A[1Ggathering model components [K
copying file sha256:fadc3e5f8d42bf7e894a785b05082e47daee4df26680389817e2093056f088ad 100% [K
parsing GGUF [K
verifying conversion ⠧ [K[?25h[?2026l[?2026h[?25l[A[A[A[1Ggathering model components [K
copying file sha256:fadc3e5f8d42bf7e894a785b05082e47daee4df26680389817e2093056f088ad 100% [K
parsing GGUF [K
verifying conversion ⠇ [K[?25h[?2026l[?2026h[?25l[A[A[A[1Ggathering model components [K
copying file sha256:fadc3e5f8d42bf7e894a785b05082e47daee4df26680389817e2093056f088ad 100% [K
parsing GGUF [K
verifying conversion ⠏ [K[?25h[?2026l[?2026h[?25l[A[A[A[1Ggathering model components [K
copying file sha256:fadc3e5f8d42bf7e894a785b05082e47daee4df26680389817e2093056f088ad 100% [K
parsing GGUF [K
verifying conversion ⠋ [K[?25h[?2026l[?2026h[?25l[A[A[A[1Ggathering model components [K
copying file sha256:fadc3e5f8d42bf7e894a785b05082e47daee4df26680389817e2093056f088ad 100% [K
parsing GGUF [K
verifying conversion ⠙ [K[?25h[?2026l[?2026h[?25l[A[A[A[1Ggathering model components [K
copying file sha256:fadc3e5f8d42bf7e894a785b05082e47daee4df26680389817e2093056f088ad 100% [K
parsing GGUF [K
verifying conversion ⠹ [K[?25h[?2026l[?2026h[?25l[A[A[A[1Ggathering model components [K
copying file sha256:fadc3e5f8d42bf7e894a785b05082e47daee4df26680389817e2093056f088ad 100% [K
parsing GGUF [K
verifying conversion ⠸ [K[?25h[?2026l[?2026h[?25l[A[A[A[1Ggathering model components [K
copying file sha256:fadc3e5f8d42bf7e894a785b05082e47daee4df26680389817e2093056f088ad 100% [K
parsing GGUF [K
verifying conversion ⠼ [K[?25h[?2026l[?2026h[?25l[A[A[A[1Ggathering model components [K
copying file sha256:fadc3e5f8d42bf7e894a785b05082e47daee4df26680389817e2093056f088ad 100% [K
parsing GGUF [K
verifying conversion ⠴ [K[?25h[?2026l[?2026h[?25l[A[A[A[1Ggathering model components [K
copying file sha256:fadc3e5f8d42bf7e894a785b05082e47daee4df26680389817e2093056f088ad 100% [K
parsing GGUF [K
verifying conversion ⠦ [K[?25h[?2026l[?2026h[?25l[A[A[A[1Ggathering model components [K
copying file sha256:fadc3e5f8d42bf7e894a785b05082e47daee4df26680389817e2093056f088ad 100% [K
parsing GGUF [K
verifying conversion ⠧ [K[?25h[?2026l[?2026h[?25l[A[A[A[1Ggathering model components [K
copying file sha256:fadc3e5f8d42bf7e894a785b05082e47daee4df26680389817e2093056f088ad 100% [K
parsing GGUF [K
verifying conversion ⠇ [K[?25h[?2026l[?2026h[?25l[A[A[A[1Ggathering model components [K
copying file sha256:fadc3e5f8d42bf7e894a785b05082e47daee4df26680389817e2093056f088ad 100% [K
parsing GGUF [K
verifying conversion ⠏ [K[?25h[?2026l[?2026h[?25l[A[A[A[1Ggathering model components [K
copying file sha256:fadc3e5f8d42bf7e894a785b05082e47daee4df26680389817e2093056f088ad 100% [K
parsing GGUF [K
verifying conversion ⠋ [K[?25h[?2026l[?2026h[?25l[A[A[A[1Ggathering model components [K
copying file sha256:fadc3e5f8d42bf7e894a785b05082e47daee4df26680389817e2093056f088ad 100% [K
parsing GGUF [K
verifying conversion ⠙ [K[?25h[?2026l[?2026h[?25l[A[A[A[1Ggathering model components [K
copying file sha256:fadc3e5f8d42bf7e894a785b05082e47daee4df26680389817e2093056f088ad 100% [K
parsing GGUF [K
verifying conversion ⠹ [K[?25h[?2026l[?2026h[?25l[A[A[A[1Ggathering model components [K
copying file sha256:fadc3e5f8d42bf7e894a785b05082e47daee4df26680389817e2093056f088ad 100% [K
parsing GGUF [K
verifying conversion ⠸ [K[?25h[?2026l[?2026h[?25l[A[A[A[1Ggathering model components [K
copying file sha256:fadc3e5f8d42bf7e894a785b05082e47daee4df26680389817e2093056f088ad 100% [K
parsing GGUF [K
verifying conversion ⠼ [K[?25h[?2026l[?2026h[?25l[A[A[A[1Ggathering model components [K
copying file sha256:fadc3e5f8d42bf7e894a785b05082e47daee4df26680389817e2093056f088ad 100% [K
parsing GGUF [K
verifying conversion ⠴ [K[?25h[?2026l[?2026h[?25l[A[A[A[1Ggathering model components [K
copying file sha256:fadc3e5f8d42bf7e894a785b05082e47daee4df26680389817e2093056f088ad 100% [K
parsing GGUF [K
verifying conversion ⠦ [K[?25h[?2026l[?2026h[?25l[A[A[A[1Ggathering model components [K
copying file sha256:fadc3e5f8d42bf7e894a785b05082e47daee4df26680389817e2093056f088ad 100% [K
parsing GGUF [K
verifying conversion ⠧ [K[?25h[?2026l[?2026h[?25l[A[A[A[1Ggathering model components [K
copying file sha256:fadc3e5f8d42bf7e894a785b05082e47daee4df26680389817e2093056f088ad 100% [K
parsing GGUF [K
verifying conversion ⠇ [K[?25h[?2026l[?2026h[?25l[A[A[A[1Ggathering model components [K
copying file sha256:fadc3e5f8d42bf7e894a785b05082e47daee4df26680389817e2093056f088ad 100% [K
parsing GGUF [K
verifying conversion ⠏ [K[?25h[?2026l[?2026h[?25l[A[A[A[1Ggathering model components [K
copying file sha256:fadc3e5f8d42bf7e894a785b05082e47daee4df26680389817e2093056f088ad 100% [K
parsing GGUF [K
verifying conversion ⠋ [K[?25h[?2026l[?2026h[?25l[A[A[A[1Ggathering model components [K
copying file sha256:fadc3e5f8d42bf7e894a785b05082e47daee4df26680389817e2093056f088ad 100% [K
parsing GGUF [K
verifying conversion ⠙ [K[?25h[?2026l[?2026h[?25l[A[A[A[1Ggathering model components [K
copying file sha256:fadc3e5f8d42bf7e894a785b05082e47daee4df26680389817e2093056f088ad 100% [K
parsing GGUF [K
verifying conversion ⠹ [K[?25h[?2026l[?2026h[?25l[A[A[A[1Ggathering model components [K
copying file sha256:fadc3e5f8d42bf7e894a785b05082e47daee4df26680389817e2093056f088ad 100% [K
parsing GGUF [K
verifying conversion ⠸ [K[?25h[?2026l[?2026h[?25l[A[A[A[1Ggathering model components [K
copying file sha256:fadc3e5f8d42bf7e894a785b05082e47daee4df26680389817e2093056f088ad 100% [K
parsing GGUF [K
verifying conversion ⠼ [K[?25h[?2026l[?2026h[?25l[A[A[A[1Ggathering model components [K
copying file sha256:fadc3e5f8d42bf7e894a785b05082e47daee4df26680389817e2093056f088ad 100% [K
parsing GGUF [K
verifying conversion ⠴ [K[?25h[?2026l[?2026h[?25l[A[A[A[1Ggathering model components [K
copying file sha256:fadc3e5f8d42bf7e894a785b05082e47daee4df26680389817e2093056f088ad 100% [K
parsing GGUF [K
verifying conversion ⠦ [K[?25h[?2026l[?2026h[?25l[A[A[A[1Ggathering model components [K
copying file sha256:fadc3e5f8d42bf7e894a785b05082e47daee4df26680389817e2093056f088ad 100% [K
parsing GGUF [K
verifying conversion ⠧ [K[?25h[?2026l[?2026h[?25l[A[A[A[1Ggathering model components [K
copying file sha256:fadc3e5f8d42bf7e894a785b05082e47daee4df26680389817e2093056f088ad 100% [K
parsing GGUF [K
verifying conversion ⠇ [K[?25h[?2026l[?2026h[?25l[A[A[A[1Ggathering model components [K
copying file sha256:fadc3e5f8d42bf7e894a785b05082e47daee4df26680389817e2093056f088ad 100% [K
parsing GGUF [K
verifying conversion ⠏ [K[?25h[?2026l[?2026h[?25l[A[A[A[1Ggathering model components [K
copying file sha256:fadc3e5f8d42bf7e894a785b05082e47daee4df26680389817e2093056f088ad 100% [K
parsing GGUF [K
verifying conversion ⠋ [K[?25h[?2026l[?2026h[?25l[A[A[A[1Ggathering model components [K
copying file sha256:fadc3e5f8d42bf7e894a785b05082e47daee4df26680389817e2093056f088ad 100% [K
parsing GGUF [K
verifying conversion ⠙ [K[?25h[?2026l[?2026h[?25l[A[A[A[1Ggathering model components [K
copying file sha256:fadc3e5f8d42bf7e894a785b05082e47daee4df26680389817e2093056f088ad 100% [K
parsing GGUF [K
verifying conversion ⠹ [K[?25h[?2026l[?2026h[?25l[A[A[A[1Ggathering model components [K
copying file sha256:fadc3e5f8d42bf7e894a785b05082e47daee4df26680389817e2093056f088ad 100% [K
parsing GGUF [K
verifying conversion ⠸ [K[?25h[?2026l[?2026h[?25l[A[A[A[1Ggathering model components [K
copying file sha256:fadc3e5f8d42bf7e894a785b05082e47daee4df26680389817e2093056f088ad 100% [K
parsing GGUF [K
verifying conversion ⠼ [K[?25h[?2026l[?2026h[?25l[A[A[A[1Ggathering model components [K
copying file sha256:fadc3e5f8d42bf7e894a785b05082e47daee4df26680389817e2093056f088ad 100% [K
parsing GGUF [K
verifying conversion ⠴ [K[?25h[?2026l[?2026h[?25l[A[A[A[1Ggathering model components [K
copying file sha256:fadc3e5f8d42bf7e894a785b05082e47daee4df26680389817e2093056f088ad 100% [K
parsing GGUF [K
verifying conversion ⠦ [K[?25h[?2026l[?2026h[?25l[A[A[A[1Ggathering model components [K
copying file sha256:fadc3e5f8d42bf7e894a785b05082e47daee4df26680389817e2093056f088ad 100% [K
parsing GGUF [K
verifying conversion ⠧ [K[?25h[?2026l[?2026h[?25l[A[A[A[1Ggathering model components [K
copying file sha256:fadc3e5f8d42bf7e894a785b05082e47daee4df26680389817e2093056f088ad 100% [K
parsing GGUF [K
verifying conversion ⠇ [K[?25h[?2026l[?2026h[?25l[A[A[A[1Ggathering model components [K
copying file sha256:fadc3e5f8d42bf7e894a785b05082e47daee4df26680389817e2093056f088ad 100% [K
parsing GGUF [K
verifying conversion ⠏ [K[?25h[?2026l[?2026h[?25l[A[A[A[1Ggathering model components [K
copying file sha256:fadc3e5f8d42bf7e894a785b05082e47daee4df26680389817e2093056f088ad 100% [K
parsing GGUF [K
verifying conversion ⠋ [K[?25h[?2026l[?2026h[?25l[A[A[A[1Ggathering model components [K
copying file sha256:fadc3e5f8d42bf7e894a785b05082e47daee4df26680389817e2093056f088ad 100% [K
parsing GGUF [K
verifying conversion ⠙ [K[?25h[?2026l[?2026h[?25l[A[A[A[1Ggathering model components [K
copying file sha256:fadc3e5f8d42bf7e894a785b05082e47daee4df26680389817e2093056f088ad 100% [K
parsing GGUF [K
verifying conversion ⠹ [K[?25h[?2026l[?2026h[?25l[A[A[A[1Ggathering model components [K
copying file sha256:fadc3e5f8d42bf7e894a785b05082e47daee4df26680389817e2093056f088ad 100% [K
parsing GGUF [K
verifying conversion ⠸ [K[?25h[?2026l[?2026h[?25l[A[A[A[1Ggathering model components [K
copying file sha256:fadc3e5f8d42bf7e894a785b05082e47daee4df26680389817e2093056f088ad 100% [K
parsing GGUF [K
verifying conversion ⠼ [K[?25h[?2026l[?2026h[?25l[A[A[A[1Ggathering model components [K
copying file sha256:fadc3e5f8d42bf7e894a785b05082e47daee4df26680389817e2093056f088ad 100% [K
parsing GGUF [K
verifying conversion ⠴ [K[?25h[?2026l[?2026h[?25l[A[A[A[1Ggathering model components [K
copying file sha256:fadc3e5f8d42bf7e894a785b05082e47daee4df26680389817e2093056f088ad 100% [K
parsing GGUF [K
verifying conversion ⠦ [K[?25h[?2026l[?2026h[?25l[A[A[A[1Ggathering model components [K
copying file sha256:fadc3e5f8d42bf7e894a785b05082e47daee4df26680389817e2093056f088ad 100% [K
parsing GGUF [K
verifying conversion ⠧ [K[?25h[?2026l[?2026h[?25l[A[A[A[1Ggathering model components [K
copying file sha256:fadc3e5f8d42bf7e894a785b05082e47daee4df26680389817e2093056f088ad 100% [K
parsing GGUF [K
verifying conversion ⠇ [K[?25h[?2026l[?2026h[?25l[A[A[A[1Ggathering model components [K
copying file sha256:fadc3e5f8d42bf7e894a785b05082e47daee4df26680389817e2093056f088ad 100% [K
parsing GGUF [K
verifying conversion ⠏ [K[?25h[?2026l[?2026h[?25l[A[A[A[1Ggathering model components [K
copying file sha256:fadc3e5f8d42bf7e894a785b05082e47daee4df26680389817e2093056f088ad 100% [K
parsing GGUF [K
verifying conversion ⠋ [K[?25h[?2026l[?2026h[?25l[A[A[A[1Ggathering model components [K
copying file sha256:fadc3e5f8d42bf7e894a785b05082e47daee4df26680389817e2093056f088ad 100% [K
parsing GGUF [K
verifying conversion ⠙ [K[?25h[?2026l[?2026h[?25l[A[A[A[1Ggathering model components [K
copying file sha256:fadc3e5f8d42bf7e894a785b05082e47daee4df26680389817e2093056f088ad 100% [K
parsing GGUF [K
verifying conversion ⠹ [K[?25h[?2026l[?2026h[?25l[A[A[A[1Ggathering model components [K
copying file sha256:fadc3e5f8d42bf7e894a785b05082e47daee4df26680389817e2093056f088ad 100% [K
parsing GGUF [K
verifying conversion ⠸ [K[?25h[?2026l[?2026h[?25l[A[A[A[1Ggathering model components [K
copying file sha256:fadc3e5f8d42bf7e894a785b05082e47daee4df26680389817e2093056f088ad 100% [K
parsing GGUF [K
verifying conversion ⠼ [K[?25h[?2026l[?2026h[?25l[A[A[A[1Ggathering model components [K
copying file sha256:fadc3e5f8d42bf7e894a785b05082e47daee4df26680389817e2093056f088ad 100% [K
parsing GGUF [K
verifying conversion ⠴ [K[?25h[?2026l[?2026h[?25l[A[A[A[1Ggathering model components [K
copying file sha256:fadc3e5f8d42bf7e894a785b05082e47daee4df26680389817e2093056f088ad 100% [K
parsing GGUF [K
verifying conversion ⠦ [K[?25h[?2026l[?2026h[?25l[A[A[A[1Ggathering model components [K
copying file sha256:fadc3e5f8d42bf7e894a785b05082e47daee4df26680389817e2093056f088ad 100% [K
parsing GGUF [K
verifying conversion ⠧ [K[?25h[?2026l[?2026h[?25l[A[A[A[1Ggathering model components [K
copying file sha256:fadc3e5f8d42bf7e894a785b05082e47daee4df26680389817e2093056f088ad 100% [K
parsing GGUF [K
verifying conversion ⠇ [K[?25h[?2026l[?2026h[?25l[A[A[A[1Ggathering model components [K
copying file sha256:fadc3e5f8d42bf7e894a785b05082e47daee4df26680389817e2093056f088ad 100% [K
parsing GGUF [K
verifying conversion ⠏ [K[?25h[?2026l[?2026h[?25l[A[A[A[1Ggathering model components [K
copying file sha256:fadc3e5f8d42bf7e894a785b05082e47daee4df26680389817e2093056f088ad 100% [K
parsing GGUF [K
verifying conversion ⠋ [K[?25h[?2026l[?2026h[?25l[A[A[A[1Ggathering model components [K
copying file sha256:fadc3e5f8d42bf7e894a785b05082e47daee4df26680389817e2093056f088ad 100% [K
parsing GGUF [K
verifying conversion ⠙ [K[?25h[?2026l[?2026h[?25l[A[A[A[1Ggathering model components [K
copying file sha256:fadc3e5f8d42bf7e894a785b05082e47daee4df26680389817e2093056f088ad 100% [K
parsing GGUF [K
verifying conversion ⠹ [K[?25h[?2026l[?2026h[?25l[A[A[A[1Ggathering model components [K
copying file sha256:fadc3e5f8d42bf7e894a785b05082e47daee4df26680389817e2093056f088ad 100% [K
parsing GGUF [K
verifying conversion ⠸ [K[?25h[?2026l[?2026h[?25l[A[A[A[1Ggathering model components [K
copying file sha256:fadc3e5f8d42bf7e894a785b05082e47daee4df26680389817e2093056f088ad 100% [K
parsing GGUF [K
verifying conversion ⠼ [K[?25h[?2026l[?2026h[?25l[A[A[A[1Ggathering model components [K
copying file sha256:fadc3e5f8d42bf7e894a785b05082e47daee4df26680389817e2093056f088ad 100% [K
parsing GGUF [K
verifying conversion ⠴ [K[?25h[?2026l[?2026h[?25l[A[A[A[1Ggathering model components [K
copying file sha256:fadc3e5f8d42bf7e894a785b05082e47daee4df26680389817e2093056f088ad 100% [K
parsing GGUF [K
verifying conversion ⠦ [K[?25h[?2026l[?2026h[?25l[A[A[A[1Ggathering model components [K
copying file sha256:fadc3e5f8d42bf7e894a785b05082e47daee4df26680389817e2093056f088ad 100% [K
parsing GGUF [K
verifying conversion ⠧ [K[?25h[?2026l[?2026h[?25l[A[A[A[1Ggathering model components [K
copying file sha256:fadc3e5f8d42bf7e894a785b05082e47daee4df26680389817e2093056f088ad 100% [K
parsing GGUF [K
verifying conversion ⠇ [K[?25h[?2026l[?2026h[?25l[A[A[A[1Ggathering model components [K
copying file sha256:fadc3e5f8d42bf7e894a785b05082e47daee4df26680389817e2093056f088ad 100% [K
parsing GGUF [K
verifying conversion ⠏ [K[?25h[?2026l[?2026h[?25l[A[A[A[1Ggathering model components [K
copying file sha256:fadc3e5f8d42bf7e894a785b05082e47daee4df26680389817e2093056f088ad 100% [K
parsing GGUF [K
verifying conversion ⠋ [K[?25h[?2026l[?2026h[?25l[A[A[A[1Ggathering model components [K
copying file sha256:fadc3e5f8d42bf7e894a785b05082e47daee4df26680389817e2093056f088ad 100% [K
parsing GGUF [K
verifying conversion ⠙ [K[?25h[?2026l[?2026h[?25l[A[A[A[1Ggathering model components [K
copying file sha256:fadc3e5f8d42bf7e894a785b05082e47daee4df26680389817e2093056f088ad 100% [K
parsing GGUF [K
verifying conversion ⠹ [K[?25h[?2026l[?2026h[?25l[A[A[A[1Ggathering model components [K
copying file sha256:fadc3e5f8d42bf7e894a785b05082e47daee4df26680389817e2093056f088ad 100% [K
parsing GGUF [K
verifying conversion ⠸ [K[?25h[?2026l[?2026h[?25l[A[A[A[1Ggathering model components [K
copying file sha256:fadc3e5f8d42bf7e894a785b05082e47daee4df26680389817e2093056f088ad 100% [K
parsing GGUF [K
verifying conversion ⠼ [K[?25h[?2026l[?2026h[?25l[A[A[A[1Ggathering model components [K
copying file sha256:fadc3e5f8d42bf7e894a785b05082e47daee4df26680389817e2093056f088ad 100% [K
parsing GGUF [K
verifying conversion ⠴ [K[?25h[?2026l[?2026h[?25l[A[A[A[1Ggathering model components [K
copying file sha256:fadc3e5f8d42bf7e894a785b05082e47daee4df26680389817e2093056f088ad 100% [K
parsing GGUF [K
verifying conversion ⠦ [K[?25h[?2026l[?2026h[?25l[A[A[A[1Ggathering model components [K
copying file sha256:fadc3e5f8d42bf7e894a785b05082e47daee4df26680389817e2093056f088ad 100% [K
parsing GGUF [K
verifying conversion ⠧ [K[?25h[?2026l[?2026h[?25l[A[A[A[1Ggathering model components [K
copying file sha256:fadc3e5f8d42bf7e894a785b05082e47daee4df26680389817e2093056f088ad 100% [K
parsing GGUF [K
verifying conversion ⠇ [K[?25h[?2026l[?2026h[?25l[A[A[A[1Ggathering model components [K
copying file sha256:fadc3e5f8d42bf7e894a785b05082e47daee4df26680389817e2093056f088ad 100% [K
parsing GGUF [K
verifying conversion ⠏ [K[?25h[?2026l[?2026h[?25l[A[A[A[1Ggathering model components [K
copying file sha256:fadc3e5f8d42bf7e894a785b05082e47daee4df26680389817e2093056f088ad 100% [K
parsing GGUF [K
verifying conversion ⠋ [K[?25h[?2026l[?2026h[?25l[A[A[A[1Ggathering model components [K
copying file sha256:fadc3e5f8d42bf7e894a785b05082e47daee4df26680389817e2093056f088ad 100% [K
parsing GGUF [K
verifying conversion ⠙ [K[?25h[?2026l[?2026h[?25l[A[A[A[1Ggathering model components [K
copying file sha256:fadc3e5f8d42bf7e894a785b05082e47daee4df26680389817e2093056f088ad 100% [K
parsing GGUF [K
verifying conversion ⠹ [K[?25h[?2026l[?2026h[?25l[A[A[A[1Ggathering model components [K
copying file sha256:fadc3e5f8d42bf7e894a785b05082e47daee4df26680389817e2093056f088ad 100% [K
parsing GGUF [K
verifying conversion ⠸ [K[?25h[?2026l[?2026h[?25l[A[A[A[1Ggathering model components [K
copying file sha256:fadc3e5f8d42bf7e894a785b05082e47daee4df26680389817e2093056f088ad 100% [K
parsing GGUF [K
verifying conversion ⠼ [K[?25h[?2026l[?2026h[?25l[A[A[A[1Ggathering model components [K
copying file sha256:fadc3e5f8d42bf7e894a785b05082e47daee4df26680389817e2093056f088ad 100% [K
parsing GGUF [K
verifying conversion ⠴ [K[?25h[?2026l[?2026h[?25l[A[A[A[1Ggathering model components [K
copying file sha256:fadc3e5f8d42bf7e894a785b05082e47daee4df26680389817e2093056f088ad 100% [K
parsing GGUF [K
verifying conversion ⠦ [K[?25h[?2026l[?2026h[?25l[A[A[A[1Ggathering model components [K
copying file sha256:fadc3e5f8d42bf7e894a785b05082e47daee4df26680389817e2093056f088ad 100% [K
parsing GGUF [K
verifying conversion ⠧ [K[?25h[?2026l[?2026h[?25l[A[A[A[1Ggathering model components [K
copying file sha256:fadc3e5f8d42bf7e894a785b05082e47daee4df26680389817e2093056f088ad 100% [K
parsing GGUF [K
verifying conversion ⠇ [K[?25h[?2026l[?2026h[?25l[A[A[A[1Ggathering model components [K
copying file sha256:fadc3e5f8d42bf7e894a785b05082e47daee4df26680389817e2093056f088ad 100% [K
parsing GGUF [K
verifying conversion ⠏ [K[?25h[?2026l[?2026h[?25l[A[A[A[1Ggathering model components [K
copying file sha256:fadc3e5f8d42bf7e894a785b05082e47daee4df26680389817e2093056f088ad 100% [K
parsing GGUF [K
verifying conversion ⠋ [K[?25h[?2026l[?2026h[?25l[A[A[A[1Ggathering model components [K
copying file sha256:fadc3e5f8d42bf7e894a785b05082e47daee4df26680389817e2093056f088ad 100% [K
parsing GGUF [K
verifying conversion ⠙ [K[?25h[?2026l[?2026h[?25l[A[A[A[1Ggathering model components [K
copying file sha256:fadc3e5f8d42bf7e894a785b05082e47daee4df26680389817e2093056f088ad 100% [K
parsing GGUF [K
verifying conversion ⠹ [K[?25h[?2026l[?2026h[?25l[A[A[A[1Ggathering model components [K
copying file sha256:fadc3e5f8d42bf7e894a785b05082e47daee4df26680389817e2093056f088ad 100% [K
parsing GGUF [K
verifying conversion ⠸ [K[?25h[?2026l[?2026h[?25l[A[A[A[1Ggathering model components [K
copying file sha256:fadc3e5f8d42bf7e894a785b05082e47daee4df26680389817e2093056f088ad 100% [K
parsing GGUF [K
verifying conversion ⠼ [K[?25h[?2026l[?2026h[?25l[A[A[A[1Ggathering model components [K
copying file sha256:fadc3e5f8d42bf7e894a785b05082e47daee4df26680389817e2093056f088ad 100% [K
parsing GGUF [K
verifying conversion ⠴ [K[?25h[?2026l[?2026h[?25l[A[A[A[1Ggathering model components [K
copying file sha256:fadc3e5f8d42bf7e894a785b05082e47daee4df26680389817e2093056f088ad 100% [K
parsing GGUF [K
verifying conversion ⠦ [K[?25h[?2026l[?2026h[?25l[A[A[A[1Ggathering model components [K
copying file sha256:fadc3e5f8d42bf7e894a785b05082e47daee4df26680389817e2093056f088ad 100% [K
parsing GGUF [K
verifying conversion ⠧ [K[?25h[?2026l[?2026h[?25l[A[A[A[1Ggathering model components [K
copying file sha256:fadc3e5f8d42bf7e894a785b05082e47daee4df26680389817e2093056f088ad 100% [K
parsing GGUF [K
verifying conversion ⠇ [K[?25h[?2026l[?2026h[?25l[A[A[A[1Ggathering model components [K
copying file sha256:fadc3e5f8d42bf7e894a785b05082e47daee4df26680389817e2093056f088ad 100% [K
parsing GGUF [K
verifying conversion ⠏ [K[?25h[?2026l[?2026h[?25l[A[A[A[1Ggathering model components [K
copying file sha256:fadc3e5f8d42bf7e894a785b05082e47daee4df26680389817e2093056f088ad 100% [K
parsing GGUF [K
verifying conversion ⠋ [K[?25h[?2026l[?2026h[?25l[A[A[A[1Ggathering model components [K
copying file sha256:fadc3e5f8d42bf7e894a785b05082e47daee4df26680389817e2093056f088ad 100% [K
parsing GGUF [K
verifying conversion ⠙ [K[?25h[?2026l[?2026h[?25l[A[A[A[1Ggathering model components [K
copying file sha256:fadc3e5f8d42bf7e894a785b05082e47daee4df26680389817e2093056f088ad 100% [K
parsing GGUF [K
verifying conversion ⠹ [K[?25h[?2026l[?2026h[?25l[A[A[A[1Ggathering model components [K
copying file sha256:fadc3e5f8d42bf7e894a785b05082e47daee4df26680389817e2093056f088ad 100% [K
parsing GGUF [K
verifying conversion ⠸ [K[?25h[?2026l[?2026h[?25l[A[A[A[1Ggathering model components [K
copying file sha256:fadc3e5f8d42bf7e894a785b05082e47daee4df26680389817e2093056f088ad 100% [K
parsing GGUF [K
verifying conversion ⠼ [K[?25h[?2026l[?2026h[?25l[A[A[A[1Ggathering model components [K
copying file sha256:fadc3e5f8d42bf7e894a785b05082e47daee4df26680389817e2093056f088ad 100% [K
parsing GGUF [K
verifying conversion ⠴ [K[?25h[?2026l[?2026h[?25l[A[A[A[1Ggathering model components [K
copying file sha256:fadc3e5f8d42bf7e894a785b05082e47daee4df26680389817e2093056f088ad 100% [K
parsing GGUF [K
verifying conversion ⠦ [K[?25h[?2026l[?2026h[?25l[A[A[A[1Ggathering model components [K
copying file sha256:fadc3e5f8d42bf7e894a785b05082e47daee4df26680389817e2093056f088ad 100% [K
parsing GGUF [K
verifying conversion ⠧ [K[?25h[?2026l[?2026h[?25l[A[A[A[1Ggathering model components [K
copying file sha256:fadc3e5f8d42bf7e894a785b05082e47daee4df26680389817e2093056f088ad 100% [K
parsing GGUF [K
verifying conversion ⠇ [K[?25h[?2026l[?2026h[?25l[A[A[A[1Ggathering model components [K
copying file sha256:fadc3e5f8d42bf7e894a785b05082e47daee4df26680389817e2093056f088ad 100% [K
parsing GGUF [K
verifying conversion ⠏ [K[?25h[?2026l[?2026h[?25l[A[A[A[1Ggathering model components [K
copying file sha256:fadc3e5f8d42bf7e894a785b05082e47daee4df26680389817e2093056f088ad 100% [K
parsing GGUF [K
verifying conversion ⠋ [K[?25h[?2026l[?2026h[?25l[A[A[A[1Ggathering model components [K
copying file sha256:fadc3e5f8d42bf7e894a785b05082e47daee4df26680389817e2093056f088ad 100% [K
parsing GGUF [K
verifying conversion ⠙ [K[?25h[?2026l[?2026h[?25l[A[A[A[1Ggathering model components [K
copying file sha256:fadc3e5f8d42bf7e894a785b05082e47daee4df26680389817e2093056f088ad 100% [K
parsing GGUF [K
verifying conversion ⠹ [K[?25h[?2026l[?2026h[?25l[A[A[A[1Ggathering model components [K
copying file sha256:fadc3e5f8d42bf7e894a785b05082e47daee4df26680389817e2093056f088ad 100% [K
parsing GGUF [K
verifying conversion ⠸ [K[?25h[?2026l[?2026h[?25l[A[A[A[1Ggathering model components [K
copying file sha256:fadc3e5f8d42bf7e894a785b05082e47daee4df26680389817e2093056f088ad 100% [K
parsing GGUF [K
verifying conversion ⠼ [K[?25h[?2026l[?2026h[?25l[A[A[A[1Ggathering model components [K
copying file sha256:fadc3e5f8d42bf7e894a785b05082e47daee4df26680389817e2093056f088ad 100% [K
parsing GGUF [K
verifying conversion ⠴ [K[?25h[?2026l[?2026h[?25l[A[A[A[1Ggathering model components [K
copying file sha256:fadc3e5f8d42bf7e894a785b05082e47daee4df26680389817e2093056f088ad 100% [K
parsing GGUF [K
verifying conversion ⠦ [K[?25h[?2026l[?2026h[?25l[A[A[A[1Ggathering model components [K
copying file sha256:fadc3e5f8d42bf7e894a785b05082e47daee4df26680389817e2093056f088ad 100% [K
parsing GGUF [K
verifying conversion ⠧ [K[?25h[?2026l[?2026h[?25l[A[A[A[1Ggathering model components [K
copying file sha256:fadc3e5f8d42bf7e894a785b05082e47daee4df26680389817e2093056f088ad 100% [K
parsing GGUF [K
verifying conversion ⠇ [K[?25h[?2026l[?2026h[?25l[A[A[A[1Ggathering model components [K
copying file sha256:fadc3e5f8d42bf7e894a785b05082e47daee4df26680389817e2093056f088ad 100% [K
parsing GGUF [K
verifying conversion ⠏ [K[?25h[?2026l[?2026h[?25l[A[A[A[1Ggathering model components [K
copying file sha256:fadc3e5f8d42bf7e894a785b05082e47daee4df26680389817e2093056f088ad 100% [K
parsing GGUF [K
verifying conversion ⠋ [K[?25h[?2026l[?2026h[?25l[A[A[A[1Ggathering model components [K
copying file sha256:fadc3e5f8d42bf7e894a785b05082e47daee4df26680389817e2093056f088ad 100% [K
parsing GGUF [K
verifying conversion ⠙ [K[?25h[?2026l[?2026h[?25l[A[A[A[1Ggathering model components [K
copying file sha256:fadc3e5f8d42bf7e894a785b05082e47daee4df26680389817e2093056f088ad 100% [K
parsing GGUF [K
verifying conversion ⠹ [K[?25h[?2026l[?2026h[?25l[A[A[A[1Ggathering model components [K
copying file sha256:fadc3e5f8d42bf7e894a785b05082e47daee4df26680389817e2093056f088ad 100% [K
parsing GGUF [K
verifying conversion ⠸ [K[?25h[?2026l[?2026h[?25l[A[A[A[1Ggathering model components [K
copying file sha256:fadc3e5f8d42bf7e894a785b05082e47daee4df26680389817e2093056f088ad 100% [K
parsing GGUF [K
verifying conversion ⠼ [K[?25h[?2026l[?2026h[?25l[A[A[A[1Ggathering model components [K
copying file sha256:fadc3e5f8d42bf7e894a785b05082e47daee4df26680389817e2093056f088ad 100% [K
parsing GGUF [K
verifying conversion ⠴ [K[?25h[?2026l[?2026h[?25l[A[A[A[1Ggathering model components [K
copying file sha256:fadc3e5f8d42bf7e894a785b05082e47daee4df26680389817e2093056f088ad 100% [K
parsing GGUF [K
verifying conversion ⠦ [K[?25h[?2026l[?2026h[?25l[A[A[A[1Ggathering model components [K
copying file sha256:fadc3e5f8d42bf7e894a785b05082e47daee4df26680389817e2093056f088ad 100% [K
parsing GGUF [K
verifying conversion ⠧ [K[?25h[?2026l[?2026h[?25l[A[A[A[1Ggathering model components [K
copying file sha256:fadc3e5f8d42bf7e894a785b05082e47daee4df26680389817e2093056f088ad 100% [K
parsing GGUF [K
verifying conversion ⠇ [K[?25h[?2026l[?2026h[?25l[A[A[A[1Ggathering model components [K
copying file sha256:fadc3e5f8d42bf7e894a785b05082e47daee4df26680389817e2093056f088ad 100% [K
parsing GGUF [K
verifying conversion ⠏ [K[?25h[?2026l[?2026h[?25l[A[A[A[1Ggathering model components [K
copying file sha256:fadc3e5f8d42bf7e894a785b05082e47daee4df26680389817e2093056f088ad 100% [K
parsing GGUF [K
verifying conversion ⠋ [K[?25h[?2026l[?2026h[?25l[A[A[A[1Ggathering model components [K
copying file sha256:fadc3e5f8d42bf7e894a785b05082e47daee4df26680389817e2093056f088ad 100% [K
parsing GGUF [K
verifying conversion ⠙ [K[?25h[?2026l[?2026h[?25l[A[A[A[1Ggathering model components [K
copying file sha256:fadc3e5f8d42bf7e894a785b05082e47daee4df26680389817e2093056f088ad 100% [K
parsing GGUF [K
verifying conversion ⠹ [K[?25h[?2026l[?2026h[?25l[A[A[A[1Ggathering model components [K
copying file sha256:fadc3e5f8d42bf7e894a785b05082e47daee4df26680389817e2093056f088ad 100% [K
parsing GGUF [K
verifying conversion ⠸ [K[?25h[?2026l[?2026h[?25l[A[A[A[1Ggathering model components [K
copying file sha256:fadc3e5f8d42bf7e894a785b05082e47daee4df26680389817e2093056f088ad 100% [K
parsing GGUF [K
verifying conversion ⠼ [K[?25h[?2026l[?2026h[?25l[A[A[A[1Ggathering model components [K
copying file sha256:fadc3e5f8d42bf7e894a785b05082e47daee4df26680389817e2093056f088ad 100% [K
parsing GGUF [K
verifying conversion ⠴ [K[?25h[?2026l[?2026h[?25l[A[A[A[1Ggathering model components [K
copying file sha256:fadc3e5f8d42bf7e894a785b05082e47daee4df26680389817e2093056f088ad 100% [K
parsing GGUF [K
verifying conversion ⠦ [K[?25h[?2026l[?2026h[?25l[A[A[A[1Ggathering model components [K
copying file sha256:fadc3e5f8d42bf7e894a785b05082e47daee4df26680389817e2093056f088ad 100% [K
parsing GGUF [K
verifying conversion ⠧ [K[?25h[?2026l[?2026h[?25l[A[A[A[1Ggathering model components [K
copying file sha256:fadc3e5f8d42bf7e894a785b05082e47daee4df26680389817e2093056f088ad 100% [K
parsing GGUF [K
verifying conversion ⠇ [K[?25h[?2026l[?2026h[?25l[A[A[A[1Ggathering model components [K
copying file sha256:fadc3e5f8d42bf7e894a785b05082e47daee4df26680389817e2093056f088ad 100% [K
parsing GGUF [K
verifying conversion ⠏ [K[?25h[?2026l[?2026h[?25l[A[A[A[1Ggathering model components [K
copying file sha256:fadc3e5f8d42bf7e894a785b05082e47daee4df26680389817e2093056f088ad 100% [K
parsing GGUF [K
verifying conversion ⠋ [K[?25h[?2026l[?2026h[?25l[A[A[A[1Ggathering model components [K
copying file sha256:fadc3e5f8d42bf7e894a785b05082e47daee4df26680389817e2093056f088ad 100% [K
parsing GGUF [K
verifying conversion ⠙ [K[?25h[?2026l[?2026h[?25l[A[A[A[1Ggathering model components [K
copying file sha256:fadc3e5f8d42bf7e894a785b05082e47daee4df26680389817e2093056f088ad 100% [K
parsing GGUF [K
verifying conversion ⠹ [K[?25h[?2026l[?2026h[?25l[A[A[A[1Ggathering model components [K
copying file sha256:fadc3e5f8d42bf7e894a785b05082e47daee4df26680389817e2093056f088ad 100% [K
parsing GGUF [K
verifying conversion ⠸ [K[?25h[?2026l[?2026h[?25l[A[A[A[1Ggathering model components [K
copying file sha256:fadc3e5f8d42bf7e894a785b05082e47daee4df26680389817e2093056f088ad 100% [K
parsing GGUF [K
verifying conversion ⠼ [K[?25h[?2026l[?2026h[?25l[A[A[A[1Ggathering model components [K
copying file sha256:fadc3e5f8d42bf7e894a785b05082e47daee4df26680389817e2093056f088ad 100% [K
parsing GGUF [K
verifying conversion ⠴ [K[?25h[?2026l[?2026h[?25l[A[A[A[1Ggathering model components [K
copying file sha256:fadc3e5f8d42bf7e894a785b05082e47daee4df26680389817e2093056f088ad 100% [K
parsing GGUF [K
verifying conversion ⠦ [K[?25h[?2026l[?2026h[?25l[A[A[A[1Ggathering model components [K
copying file sha256:fadc3e5f8d42bf7e894a785b05082e47daee4df26680389817e2093056f088ad 100% [K
parsing GGUF [K
verifying conversion ⠧ [K[?25h[?2026l[?2026h[?25l[A[A[A[1Ggathering model components [K
copying file sha256:fadc3e5f8d42bf7e894a785b05082e47daee4df26680389817e2093056f088ad 100% [K
parsing GGUF [K
verifying conversion ⠇ [K[?25h[?2026l[?2026h[?25l[A[A[A[1Ggathering model components [K
copying file sha256:fadc3e5f8d42bf7e894a785b05082e47daee4df26680389817e2093056f088ad 100% [K
parsing GGUF [K
verifying conversion ⠏ [K[?25h[?2026l[?2026h[?25l[A[A[A[1Ggathering model components [K
copying file sha256:fadc3e5f8d42bf7e894a785b05082e47daee4df26680389817e2093056f088ad 100% [K
parsing GGUF [K
verifying conversion ⠋ [K[?25h[?2026l[?2026h[?25l[A[A[A[1Ggathering model components [K
copying file sha256:fadc3e5f8d42bf7e894a785b05082e47daee4df26680389817e2093056f088ad 100% [K
parsing GGUF [K
verifying conversion ⠙ [K[?25h[?2026l[?2026h[?25l[A[A[A[1Ggathering model components [K
copying file sha256:fadc3e5f8d42bf7e894a785b05082e47daee4df26680389817e2093056f088ad 100% [K
parsing GGUF [K
verifying conversion ⠹ [K[?25h[?2026l[?2026h[?25l[A[A[A[1Ggathering model components [K
copying file sha256:fadc3e5f8d42bf7e894a785b05082e47daee4df26680389817e2093056f088ad 100% [K
parsing GGUF [K
verifying conversion ⠸ [K[?25h[?2026l[?2026h[?25l[A[A[A[1Ggathering model components [K
copying file sha256:fadc3e5f8d42bf7e894a785b05082e47daee4df26680389817e2093056f088ad 100% [K
parsing GGUF [K
verifying conversion ⠼ [K[?25h[?2026l[?2026h[?25l[A[A[A[1Ggathering model components [K
copying file sha256:fadc3e5f8d42bf7e894a785b05082e47daee4df26680389817e2093056f088ad 100% [K
parsing GGUF [K
verifying conversion ⠴ [K[?25h[?2026l[?2026h[?25l[A[A[A[1Ggathering model components [K
copying file sha256:fadc3e5f8d42bf7e894a785b05082e47daee4df26680389817e2093056f088ad 100% [K
parsing GGUF [K
verifying conversion ⠦ [K[?25h[?2026l[?2026h[?25l[A[A[A[1Ggathering model components [K
copying file sha256:fadc3e5f8d42bf7e894a785b05082e47daee4df26680389817e2093056f088ad 100% [K
parsing GGUF [K
verifying conversion ⠧ [K[?25h[?2026l[?2026h[?25l[A[A[A[1Ggathering model components [K
copying file sha256:fadc3e5f8d42bf7e894a785b05082e47daee4df26680389817e2093056f088ad 100% [K
parsing GGUF [K
verifying conversion ⠇ [K[?25h[?2026l[?2026h[?25l[A[A[A[1Ggathering model components [K
copying file sha256:fadc3e5f8d42bf7e894a785b05082e47daee4df26680389817e2093056f088ad 100% [K
parsing GGUF [K
verifying conversion ⠏ [K[?25h[?2026l[?2026h[?25l[A[A[A[1Ggathering model components [K
copying file sha256:fadc3e5f8d42bf7e894a785b05082e47daee4df26680389817e2093056f088ad 100% [K
parsing GGUF [K
verifying conversion ⠋ [K[?25h[?2026l[?2026h[?25l[A[A[A[1Ggathering model components [K
copying file sha256:fadc3e5f8d42bf7e894a785b05082e47daee4df26680389817e2093056f088ad 100% [K
parsing GGUF [K
verifying conversion ⠙ [K[?25h[?2026l[?2026h[?25l[A[A[A[1Ggathering model components [K
copying file sha256:fadc3e5f8d42bf7e894a785b05082e47daee4df26680389817e2093056f088ad 100% [K
parsing GGUF [K
verifying conversion ⠹ [K[?25h[?2026l[?2026h[?25l[A[A[A[1Ggathering model components [K
copying file sha256:fadc3e5f8d42bf7e894a785b05082e47daee4df26680389817e2093056f088ad 100% [K
parsing GGUF [K
verifying conversion ⠸ [K[?25h[?2026l[?2026h[?25l[A[A[A[1Ggathering model components [K
copying file sha256:fadc3e5f8d42bf7e894a785b05082e47daee4df26680389817e2093056f088ad 100% [K
parsing GGUF [K
verifying conversion ⠼ [K[?25h[?2026l[?2026h[?25l[A[A[A[1Ggathering model components [K
copying file sha256:fadc3e5f8d42bf7e894a785b05082e47daee4df26680389817e2093056f088ad 100% [K
parsing GGUF [K
verifying conversion ⠴ [K[?25h[?2026l[?2026h[?25l[A[A[A[1Ggathering model components [K
copying file sha256:fadc3e5f8d42bf7e894a785b05082e47daee4df26680389817e2093056f088ad 100% [K
parsing GGUF [K
verifying conversion ⠦ [K[?25h[?2026l[?2026h[?25l[A[A[A[1Ggathering model components [K
copying file sha256:fadc3e5f8d42bf7e894a785b05082e47daee4df26680389817e2093056f088ad 100% [K
parsing GGUF [K
verifying conversion ⠧ [K[?25h[?2026l[?2026h[?25l[A[A[A[1Ggathering model components [K
copying file sha256:fadc3e5f8d42bf7e894a785b05082e47daee4df26680389817e2093056f088ad 100% [K
parsing GGUF [K
verifying conversion ⠇ [K[?25h[?2026l[?2026h[?25l[A[A[A[1Ggathering model components [K
copying file sha256:fadc3e5f8d42bf7e894a785b05082e47daee4df26680389817e2093056f088ad 100% [K
parsing GGUF [K
verifying conversion ⠏ [K[?25h[?2026l[?2026h[?25l[A[A[A[1Ggathering model components [K
copying file sha256:fadc3e5f8d42bf7e894a785b05082e47daee4df26680389817e2093056f088ad 100% [K
parsing GGUF [K
verifying conversion ⠋ [K[?25h[?2026l[?2026h[?25l[A[A[A[1Ggathering model components [K
copying file sha256:fadc3e5f8d42bf7e894a785b05082e47daee4df26680389817e2093056f088ad 100% [K
parsing GGUF [K
verifying conversion ⠙ [K[?25h[?2026l[?2026h[?25l[A[A[A[1Ggathering model components [K
copying file sha256:fadc3e5f8d42bf7e894a785b05082e47daee4df26680389817e2093056f088ad 100% [K
parsing GGUF [K
verifying conversion ⠹ [K[?25h[?2026l[?2026h[?25l[A[A[A[1Ggathering model components [K
copying file sha256:fadc3e5f8d42bf7e894a785b05082e47daee4df26680389817e2093056f088ad 100% [K
parsing GGUF [K
verifying conversion ⠸ [K[?25h[?2026l[?2026h[?25l[A[A[A[1Ggathering model components [K
copying file sha256:fadc3e5f8d42bf7e894a785b05082e47daee4df26680389817e2093056f088ad 100% [K
parsing GGUF [K
verifying conversion ⠼ [K[?25h[?2026l[?2026h[?25l[A[A[A[1Ggathering model components [K
copying file sha256:fadc3e5f8d42bf7e894a785b05082e47daee4df26680389817e2093056f088ad 100% [K
parsing GGUF [K
verifying conversion ⠴ [K[?25h[?2026l[?2026h[?25l[A[A[A[1Ggathering model components [K
copying file sha256:fadc3e5f8d42bf7e894a785b05082e47daee4df26680389817e2093056f088ad 100% [K
parsing GGUF [K
verifying conversion ⠦ [K[?25h[?2026l[?2026h[?25l[A[A[A[1Ggathering model components [K
copying file sha256:fadc3e5f8d42bf7e894a785b05082e47daee4df26680389817e2093056f088ad 100% [K
parsing GGUF [K
verifying conversion ⠧ [K[?25h[?2026l[?2026h[?25l[A[A[A[1Ggathering model components [K
copying file sha256:fadc3e5f8d42bf7e894a785b05082e47daee4df26680389817e2093056f088ad 100% [K
parsing GGUF [K
verifying conversion ⠇ [K[?25h[?2026l[?2026h[?25l[A[A[A[1Ggathering model components [K
copying file sha256:fadc3e5f8d42bf7e894a785b05082e47daee4df26680389817e2093056f088ad 100% [K
parsing GGUF [K
verifying conversion ⠏ [K[?25h[?2026l[?2026h[?25l[A[A[A[1Ggathering model components [K
copying file sha256:fadc3e5f8d42bf7e894a785b05082e47daee4df26680389817e2093056f088ad 100% [K
parsing GGUF [K
verifying conversion ⠋ [K[?25h[?2026l[?2026h[?25l[A[A[A[1Ggathering model components [K
copying file sha256:fadc3e5f8d42bf7e894a785b05082e47daee4df26680389817e2093056f088ad 100% [K
parsing GGUF [K
verifying conversion ⠙ [K[?25h[?2026l[?2026h[?25l[A[A[A[1Ggathering model components [K
copying file sha256:fadc3e5f8d42bf7e894a785b05082e47daee4df26680389817e2093056f088ad 100% [K
parsing GGUF [K
verifying conversion ⠹ [K[?25h[?2026l[?2026h[?25l[A[A[A[1Ggathering model components [K
copying file sha256:fadc3e5f8d42bf7e894a785b05082e47daee4df26680389817e2093056f088ad 100% [K
parsing GGUF [K
verifying conversion ⠸ [K[?25h[?2026l[?2026h[?25l[A[A[A[1Ggathering model components [K
copying file sha256:fadc3e5f8d42bf7e894a785b05082e47daee4df26680389817e2093056f088ad 100% [K
parsing GGUF [K
verifying conversion ⠼ [K[?25h[?2026l[?2026h[?25l[A[A[A[1Ggathering model components [K
copying file sha256:fadc3e5f8d42bf7e894a785b05082e47daee4df26680389817e2093056f088ad 100% [K
parsing GGUF [K
verifying conversion ⠴ [K[?25h[?2026l[?2026h[?25l[A[A[A[1Ggathering model components [K
copying file sha256:fadc3e5f8d42bf7e894a785b05082e47daee4df26680389817e2093056f088ad 100% [K
parsing GGUF [K
verifying conversion ⠦ [K[?25h[?2026l[?2026h[?25l[A[A[A[1Ggathering model components [K
copying file sha256:fadc3e5f8d42bf7e894a785b05082e47daee4df26680389817e2093056f088ad 100% [K
parsing GGUF [K
verifying conversion ⠧ [K[?25h[?2026l[?2026h[?25l[A[A[A[1Ggathering model components [K
copying file sha256:fadc3e5f8d42bf7e894a785b05082e47daee4df26680389817e2093056f088ad 100% [K
parsing GGUF [K
verifying conversion ⠇ [K[?25h[?2026l[?2026h[?25l[A[A[A[1Ggathering model components [K
copying file sha256:fadc3e5f8d42bf7e894a785b05082e47daee4df26680389817e2093056f088ad 100% [K
parsing GGUF [K
verifying conversion ⠏ [K[?25h[?2026l[?2026h[?25l[A[A[A[1Ggathering model components [K
copying file sha256:fadc3e5f8d42bf7e894a785b05082e47daee4df26680389817e2093056f088ad 100% [K
parsing GGUF [K
verifying conversion ⠋ [K[?25h[?2026l[?2026h[?25l[A[A[A[1Ggathering model components [K
copying file sha256:fadc3e5f8d42bf7e894a785b05082e47daee4df26680389817e2093056f088ad 100% [K
parsing GGUF [K
verifying conversion ⠙ [K[?25h[?2026l[?2026h[?25l[A[A[A[1Ggathering model components [K
copying file sha256:fadc3e5f8d42bf7e894a785b05082e47daee4df26680389817e2093056f088ad 100% [K
parsing GGUF [K
verifying conversion ⠹ [K[?25h[?2026l[?2026h[?25l[A[A[A[1Ggathering model components [K
copying file sha256:fadc3e5f8d42bf7e894a785b05082e47daee4df26680389817e2093056f088ad 100% [K
parsing GGUF [K
verifying conversion ⠸ [K[?25h[?2026l[?2026h[?25l[A[A[A[1Ggathering model components [K
copying file sha256:fadc3e5f8d42bf7e894a785b05082e47daee4df26680389817e2093056f088ad 100% [K
parsing GGUF [K
verifying conversion ⠼ [K[?25h[?2026l[?2026h[?25l[A[A[A[1Ggathering model components [K
copying file sha256:fadc3e5f8d42bf7e894a785b05082e47daee4df26680389817e2093056f088ad 100% [K
parsing GGUF [K
verifying conversion ⠴ [K[?25h[?2026l[?2026h[?25l[A[A[A[1Ggathering model components [K
copying file sha256:fadc3e5f8d42bf7e894a785b05082e47daee4df26680389817e2093056f088ad 100% [K
parsing GGUF [K
verifying conversion ⠦ [K[?25h[?2026l[?2026h[?25l[A[A[A[1Ggathering model components [K
copying file sha256:fadc3e5f8d42bf7e894a785b05082e47daee4df26680389817e2093056f088ad 100% [K
parsing GGUF [K
verifying conversion ⠧ [K[?25h[?2026l[?2026h[?25l[A[A[A[1Ggathering model components [K
copying file sha256:fadc3e5f8d42bf7e894a785b05082e47daee4df26680389817e2093056f088ad 100% [K
parsing GGUF [K
verifying conversion ⠇ [K[?25h[?2026l[?2026h[?25l[A[A[A[1Ggathering model components [K
copying file sha256:fadc3e5f8d42bf7e894a785b05082e47daee4df26680389817e2093056f088ad 100% [K
parsing GGUF [K
verifying conversion ⠏ [K[?25h[?2026l[?2026h[?25l[A[A[A[1Ggathering model components [K
copying file sha256:fadc3e5f8d42bf7e894a785b05082e47daee4df26680389817e2093056f088ad 100% [K
parsing GGUF [K
verifying conversion ⠋ [K[?25h[?2026l[?2026h[?25l[A[A[A[1Ggathering model components [K
copying file sha256:fadc3e5f8d42bf7e894a785b05082e47daee4df26680389817e2093056f088ad 100% [K
parsing GGUF [K
verifying conversion ⠙ [K[?25h[?2026l[?2026h[?25l[A[A[A[1Ggathering model components [K
copying file sha256:fadc3e5f8d42bf7e894a785b05082e47daee4df26680389817e2093056f088ad 100% [K
parsing GGUF [K
verifying conversion ⠹ [K[?25h[?2026l[?2026h[?25l[A[A[A[1Ggathering model components [K
copying file sha256:fadc3e5f8d42bf7e894a785b05082e47daee4df26680389817e2093056f088ad 100% [K
parsing GGUF [K
verifying conversion ⠸ [K[?25h[?2026l[?2026h[?25l[A[A[A[1Ggathering model components [K
copying file sha256:fadc3e5f8d42bf7e894a785b05082e47daee4df26680389817e2093056f088ad 100% [K
parsing GGUF [K
verifying conversion ⠼ [K[?25h[?2026l[?2026h[?25l[A[A[A[1Ggathering model components [K
copying file sha256:fadc3e5f8d42bf7e894a785b05082e47daee4df26680389817e2093056f088ad 100% [K
parsing GGUF [K
verifying conversion ⠴ [K[?25h[?2026l[?2026h[?25l[A[A[A[1Ggathering model components [K
copying file sha256:fadc3e5f8d42bf7e894a785b05082e47daee4df26680389817e2093056f088ad 100% [K
parsing GGUF [K
verifying conversion ⠦ [K[?25h[?2026l[?2026h[?25l[A[A[A[1Ggathering model components [K
copying file sha256:fadc3e5f8d42bf7e894a785b05082e47daee4df26680389817e2093056f088ad 100% [K
parsing GGUF [K
verifying conversion ⠧ [K[?25h[?2026l[?2026h[?25l[A[A[A[1Ggathering model components [K
copying file sha256:fadc3e5f8d42bf7e894a785b05082e47daee4df26680389817e2093056f088ad 100% [K
parsing GGUF [K
verifying conversion ⠇ [K[?25h[?2026l[?2026h[?25l[A[A[A[1Ggathering model components [K
copying file sha256:fadc3e5f8d42bf7e894a785b05082e47daee4df26680389817e2093056f088ad 100% [K
parsing GGUF [K
verifying conversion ⠏ [K[?25h[?2026l[?2026h[?25l[A[A[A[1Ggathering model components [K
copying file sha256:fadc3e5f8d42bf7e894a785b05082e47daee4df26680389817e2093056f088ad 100% [K
parsing GGUF [K
verifying conversion ⠋ [K[?25h[?2026l[?2026h[?25l[A[A[A[1Ggathering model components [K
copying file sha256:fadc3e5f8d42bf7e894a785b05082e47daee4df26680389817e2093056f088ad 100% [K
parsing GGUF [K
verifying conversion ⠙ [K[?25h[?2026l[?2026h[?25l[A[A[A[1Ggathering model components [K
copying file sha256:fadc3e5f8d42bf7e894a785b05082e47daee4df26680389817e2093056f088ad 100% [K
parsing GGUF [K
verifying conversion ⠹ [K[?25h[?2026l[?2026h[?25l[A[A[A[1Ggathering model components [K
copying file sha256:fadc3e5f8d42bf7e894a785b05082e47daee4df26680389817e2093056f088ad 100% [K
parsing GGUF [K
verifying conversion ⠸ [K[?25h[?2026l[?2026h[?25l[A[A[A[1Ggathering model components [K
copying file sha256:fadc3e5f8d42bf7e894a785b05082e47daee4df26680389817e2093056f088ad 100% [K
parsing GGUF [K
verifying conversion ⠼ [K[?25h[?2026l[?2026h[?25l[A[A[A[1Ggathering model components [K
copying file sha256:fadc3e5f8d42bf7e894a785b05082e47daee4df26680389817e2093056f088ad 100% [K
parsing GGUF [K
verifying conversion ⠴ [K[?25h[?2026l[?2026h[?25l[A[A[A[1Ggathering model components [K
copying file sha256:fadc3e5f8d42bf7e894a785b05082e47daee4df26680389817e2093056f088ad 100% [K
parsing GGUF [K
verifying conversion ⠦ [K[?25h[?2026l[?2026h[?25l[A[A[A[1Ggathering model components [K
copying file sha256:fadc3e5f8d42bf7e894a785b05082e47daee4df26680389817e2093056f088ad 100% [K
parsing GGUF [K
verifying conversion ⠧ [K[?25h[?2026l[?2026h[?25l[A[A[A[1Ggathering model components [K
copying file sha256:fadc3e5f8d42bf7e894a785b05082e47daee4df26680389817e2093056f088ad 100% [K
parsing GGUF [K
verifying conversion ⠇ [K[?25h[?2026l[?2026h[?25l[A[A[A[1Ggathering model components [K
copying file sha256:fadc3e5f8d42bf7e894a785b05082e47daee4df26680389817e2093056f088ad 100% [K
parsing GGUF [K
verifying conversion ⠏ [K[?25h[?2026l[?2026h[?25l[A[A[A[1Ggathering model components [K
copying file sha256:fadc3e5f8d42bf7e894a785b05082e47daee4df26680389817e2093056f088ad 100% [K
parsing GGUF [K
verifying conversion ⠋ [K[?25h[?2026l[?2026h[?25l[A[A[A[1Ggathering model components [K
copying file sha256:fadc3e5f8d42bf7e894a785b05082e47daee4df26680389817e2093056f088ad 100% [K
parsing GGUF [K
verifying conversion ⠙ [K[?25h[?2026l[?2026h[?25l[A[A[A[1Ggathering model components [K
copying file sha256:fadc3e5f8d42bf7e894a785b05082e47daee4df26680389817e2093056f088ad 100% [K
parsing GGUF [K
verifying conversion ⠹ [K[?25h[?2026l[?2026h[?25l[A[A[A[1Ggathering model components [K
copying file sha256:fadc3e5f8d42bf7e894a785b05082e47daee4df26680389817e2093056f088ad 100% [K
parsing GGUF [K
verifying conversion ⠸ [K[?25h[?2026l[?2026h[?25l[A[A[A[1Ggathering model components [K
copying file sha256:fadc3e5f8d42bf7e894a785b05082e47daee4df26680389817e2093056f088ad 100% [K
parsing GGUF [K
verifying conversion ⠼ [K[?25h[?2026l[?2026h[?25l[A[A[A[1Ggathering model components [K
copying file sha256:fadc3e5f8d42bf7e894a785b05082e47daee4df26680389817e2093056f088ad 100% [K
parsing GGUF [K
verifying conversion ⠴ [K[?25h[?2026l[?2026h[?25l[A[A[A[1Ggathering model components [K
copying file sha256:fadc3e5f8d42bf7e894a785b05082e47daee4df26680389817e2093056f088ad 100% [K
parsing GGUF [K
verifying conversion ⠦ [K[?25h[?2026l[?2026h[?25l[A[A[A[1Ggathering model components [K
copying file sha256:fadc3e5f8d42bf7e894a785b05082e47daee4df26680389817e2093056f088ad 100% [K
parsing GGUF [K
verifying conversion ⠧ [K[?25h[?2026l[?2026h[?25l[A[A[A[1Ggathering model components [K
copying file sha256:fadc3e5f8d42bf7e894a785b05082e47daee4df26680389817e2093056f088ad 100% [K
parsing GGUF [K
verifying conversion ⠇ [K[?25h[?2026l[?2026h[?25l[A[A[A[1Ggathering model components [K
copying file sha256:fadc3e5f8d42bf7e894a785b05082e47daee4df26680389817e2093056f088ad 100% [K
parsing GGUF [K
verifying conversion ⠏ [K[?25h[?2026l[?2026h[?25l[A[A[A[1Ggathering model components [K
copying file sha256:fadc3e5f8d42bf7e894a785b05082e47daee4df26680389817e2093056f088ad 100% [K
parsing GGUF [K
verifying conversion ⠋ [K[?25h[?2026l[?2026h[?25l[A[A[A[1Ggathering model components [K
copying file sha256:fadc3e5f8d42bf7e894a785b05082e47daee4df26680389817e2093056f088ad 100% [K
parsing GGUF [K
verifying conversion ⠙ [K[?25h[?2026l[?2026h[?25l[A[A[A[1Ggathering model components [K
copying file sha256:fadc3e5f8d42bf7e894a785b05082e47daee4df26680389817e2093056f088ad 100% [K
parsing GGUF [K
verifying conversion ⠹ [K[?25h[?2026l[?2026h[?25l[A[A[A[1Ggathering model components [K
copying file sha256:fadc3e5f8d42bf7e894a785b05082e47daee4df26680389817e2093056f088ad 100% [K
parsing GGUF [K
verifying conversion ⠸ [K[?25h[?2026l[?2026h[?25l[A[A[A[1Ggathering model components [K
copying file sha256:fadc3e5f8d42bf7e894a785b05082e47daee4df26680389817e2093056f088ad 100% [K
parsing GGUF [K
verifying conversion ⠼ [K[?25h[?2026l[?2026h[?25l[A[A[A[1Ggathering model components [K
copying file sha256:fadc3e5f8d42bf7e894a785b05082e47daee4df26680389817e2093056f088ad 100% [K
parsing GGUF [K
verifying conversion ⠴ [K[?25h[?2026l[?2026h[?25l[A[A[A[1Ggathering model components [K
copying file sha256:fadc3e5f8d42bf7e894a785b05082e47daee4df26680389817e2093056f088ad 100% [K
parsing GGUF [K
verifying conversion ⠦ [K[?25h[?2026l[?2026h[?25l[A[A[A[1Ggathering model components [K
copying file sha256:fadc3e5f8d42bf7e894a785b05082e47daee4df26680389817e2093056f088ad 100% [K
parsing GGUF [K
verifying conversion ⠧ [K[?25h[?2026l[?2026h[?25l[A[A[A[1Ggathering model components [K
copying file sha256:fadc3e5f8d42bf7e894a785b05082e47daee4df26680389817e2093056f088ad 100% [K
parsing GGUF [K
verifying conversion ⠇ [K[?25h[?2026l[?2026h[?25l[A[A[A[1Ggathering model components [K
copying file sha256:fadc3e5f8d42bf7e894a785b05082e47daee4df26680389817e2093056f088ad 100% [K
parsing GGUF [K
verifying conversion ⠏ [K[?25h[?2026l[?2026h[?25l[A[A[A[1Ggathering model components [K
copying file sha256:fadc3e5f8d42bf7e894a785b05082e47daee4df26680389817e2093056f088ad 100% [K
parsing GGUF [K
verifying conversion ⠋ [K[?25h[?2026l[?2026h[?25l[A[A[A[1Ggathering model components [K
copying file sha256:fadc3e5f8d42bf7e894a785b05082e47daee4df26680389817e2093056f088ad 100% [K
parsing GGUF [K
verifying conversion ⠙ [K[?25h[?2026l[?2026h[?25l[A[A[A[1Ggathering model components [K
copying file sha256:fadc3e5f8d42bf7e894a785b05082e47daee4df26680389817e2093056f088ad 100% [K
parsing GGUF [K
verifying conversion ⠹ [K[?25h[?2026l[?2026h[?25l[A[A[A[1Ggathering model components [K
copying file sha256:fadc3e5f8d42bf7e894a785b05082e47daee4df26680389817e2093056f088ad 100% [K
parsing GGUF [K
verifying conversion ⠸ [K[?25h[?2026l[?2026h[?25l[A[A[A[1Ggathering model components [K
copying file sha256:fadc3e5f8d42bf7e894a785b05082e47daee4df26680389817e2093056f088ad 100% [K
parsing GGUF [K
verifying conversion ⠼ [K[?25h[?2026l[?2026h[?25l[A[A[A[1Ggathering model components [K
copying file sha256:fadc3e5f8d42bf7e894a785b05082e47daee4df26680389817e2093056f088ad 100% [K
parsing GGUF [K
verifying conversion ⠴ [K[?25h[?2026l[?2026h[?25l[A[A[A[1Ggathering model components [K
copying file sha256:fadc3e5f8d42bf7e894a785b05082e47daee4df26680389817e2093056f088ad 100% [K
parsing GGUF [K
verifying conversion ⠦ [K[?25h[?2026l[?2026h[?25l[A[A[A[1Ggathering model components [K
copying file sha256:fadc3e5f8d42bf7e894a785b05082e47daee4df26680389817e2093056f088ad 100% [K
parsing GGUF [K
verifying conversion ⠧ [K[?25h[?2026l[?2026h[?25l[A[A[A[1Ggathering model components [K
copying file sha256:fadc3e5f8d42bf7e894a785b05082e47daee4df26680389817e2093056f088ad 100% [K
parsing GGUF [K
verifying conversion ⠇ [K[?25h[?2026l[?2026h[?25l[A[A[A[1Ggathering model components [K
copying file sha256:fadc3e5f8d42bf7e894a785b05082e47daee4df26680389817e2093056f088ad 100% [K
parsing GGUF [K
verifying conversion ⠏ [K[?25h[?2026l[?2026h[?25l[A[A[A[1Ggathering model components [K
copying file sha256:fadc3e5f8d42bf7e894a785b05082e47daee4df26680389817e2093056f088ad 100% [K
parsing GGUF [K
verifying conversion ⠋ [K[?25h[?2026l[?2026h[?25l[A[A[A[1Ggathering model components [K
copying file sha256:fadc3e5f8d42bf7e894a785b05082e47daee4df26680389817e2093056f088ad 100% [K
parsing GGUF [K
verifying conversion ⠙ [K[?25h[?2026l[?2026h[?25l[A[A[A[1Ggathering model components [K
copying file sha256:fadc3e5f8d42bf7e894a785b05082e47daee4df26680389817e2093056f088ad 100% [K
parsing GGUF [K
verifying conversion ⠹ [K[?25h[?2026l[?2026h[?25l[A[A[A[1Ggathering model components [K
copying file sha256:fadc3e5f8d42bf7e894a785b05082e47daee4df26680389817e2093056f088ad 100% [K
parsing GGUF [K
verifying conversion ⠸ [K[?25h[?2026l[?2026h[?25l[A[A[A[1Ggathering model components [K
copying file sha256:fadc3e5f8d42bf7e894a785b05082e47daee4df26680389817e2093056f088ad 100% [K
parsing GGUF [K
verifying conversion ⠼ [K[?25h[?2026l[?2026h[?25l[A[A[A[1Ggathering model components [K
copying file sha256:fadc3e5f8d42bf7e894a785b05082e47daee4df26680389817e2093056f088ad 100% [K
parsing GGUF [K
verifying conversion ⠴ [K[?25h[?2026l[?2026h[?25l[A[A[A[1Ggathering model components [K
copying file sha256:fadc3e5f8d42bf7e894a785b05082e47daee4df26680389817e2093056f088ad 100% [K
parsing GGUF [K
verifying conversion ⠦ [K[?25h[?2026l[?2026h[?25l[A[A[A[1Ggathering model components [K
copying file sha256:fadc3e5f8d42bf7e894a785b05082e47daee4df26680389817e2093056f088ad 100% [K
parsing GGUF [K
verifying conversion ⠧ [K[?25h[?2026l[?2026h[?25l[A[A[A[1Ggathering model components [K
copying file sha256:fadc3e5f8d42bf7e894a785b05082e47daee4df26680389817e2093056f088ad 100% [K
parsing GGUF [K
verifying conversion ⠇ [K[?25h[?2026l[?2026h[?25l[A[A[A[1Ggathering model components [K
copying file sha256:fadc3e5f8d42bf7e894a785b05082e47daee4df26680389817e2093056f088ad 100% [K
parsing GGUF [K
verifying conversion ⠏ [K[?25h[?2026l[?2026h[?25l[A[A[A[1Ggathering model components [K
copying file sha256:fadc3e5f8d42bf7e894a785b05082e47daee4df26680389817e2093056f088ad 100% [K
parsing GGUF [K
verifying conversion ⠋ [K[?25h[?2026l[?2026h[?25l[A[A[A[1Ggathering model components [K
copying file sha256:fadc3e5f8d42bf7e894a785b05082e47daee4df26680389817e2093056f088ad 100% [K
parsing GGUF [K
verifying conversion ⠙ [K[?25h[?2026l[?2026h[?25l[A[A[A[1Ggathering model components [K
copying file sha256:fadc3e5f8d42bf7e894a785b05082e47daee4df26680389817e2093056f088ad 100% [K
parsing GGUF [K
verifying conversion ⠹ [K[?25h[?2026l[?2026h[?25l[A[A[A[1Ggathering model components [K
copying file sha256:fadc3e5f8d42bf7e894a785b05082e47daee4df26680389817e2093056f088ad 100% [K
parsing GGUF [K
verifying conversion ⠸ [K[?25h[?2026l[?2026h[?25l[A[A[A[1Ggathering model components [K
copying file sha256:fadc3e5f8d42bf7e894a785b05082e47daee4df26680389817e2093056f088ad 100% [K
parsing GGUF [K
verifying conversion ⠼ [K[?25h[?2026l[?2026h[?25l[A[A[A[1Ggathering model components [K
copying file sha256:fadc3e5f8d42bf7e894a785b05082e47daee4df26680389817e2093056f088ad 100% [K
parsing GGUF [K
verifying conversion ⠴ [K[?25h[?2026l[?2026h[?25l[A[A[A[1Ggathering model components [K
copying file sha256:fadc3e5f8d42bf7e894a785b05082e47daee4df26680389817e2093056f088ad 100% [K
parsing GGUF [K
verifying conversion ⠦ [K[?25h[?2026l[?2026h[?25l[A[A[A[1Ggathering model components [K
copying file sha256:fadc3e5f8d42bf7e894a785b05082e47daee4df26680389817e2093056f088ad 100% [K
parsing GGUF [K
verifying conversion ⠧ [K[?25h[?2026l[?2026h[?25l[A[A[A[1Ggathering model components [K
copying file sha256:fadc3e5f8d42bf7e894a785b05082e47daee4df26680389817e2093056f088ad 100% [K
parsing GGUF [K
verifying conversion ⠇ [K[?25h[?2026l[?2026h[?25l[A[A[A[1Ggathering model components [K
copying file sha256:fadc3e5f8d42bf7e894a785b05082e47daee4df26680389817e2093056f088ad 100% [K
parsing GGUF [K
verifying conversion ⠏ [K[?25h[?2026l[?2026h[?25l[A[A[A[1Ggathering model components [K
copying file sha256:fadc3e5f8d42bf7e894a785b05082e47daee4df26680389817e2093056f088ad 100% [K
parsing GGUF [K
verifying conversion ⠋ [K[?25h[?2026l[?2026h[?25l[A[A[A[1Ggathering model components [K
copying file sha256:fadc3e5f8d42bf7e894a785b05082e47daee4df26680389817e2093056f088ad 100% [K
parsing GGUF [K
verifying conversion ⠙ [K[?25h[?2026l[?2026h[?25l[A[A[A[1Ggathering model components [K
copying file sha256:fadc3e5f8d42bf7e894a785b05082e47daee4df26680389817e2093056f088ad 100% [K
parsing GGUF [K
verifying conversion ⠹ [K[?25h[?2026l[?2026h[?25l[A[A[A[1Ggathering model components [K
copying file sha256:fadc3e5f8d42bf7e894a785b05082e47daee4df26680389817e2093056f088ad 100% [K
parsing GGUF [K
verifying conversion ⠸ [K[?25h[?2026l[?2026h[?25l[A[A[A[1Ggathering model components [K
copying file sha256:fadc3e5f8d42bf7e894a785b05082e47daee4df26680389817e2093056f088ad 100% [K
parsing GGUF [K
verifying conversion ⠼ [K[?25h[?2026l[?2026h[?25l[A[A[A[1Ggathering model components [K
copying file sha256:fadc3e5f8d42bf7e894a785b05082e47daee4df26680389817e2093056f088ad 100% [K
parsing GGUF [K
verifying conversion ⠴ [K[?25h[?2026l[?2026h[?25l[A[A[A[1Ggathering model components [K
copying file sha256:fadc3e5f8d42bf7e894a785b05082e47daee4df26680389817e2093056f088ad 100% [K
parsing GGUF [K
verifying conversion ⠦ [K[?25h[?2026l[?2026h[?25l[A[A[A[1Ggathering model components [K
copying file sha256:fadc3e5f8d42bf7e894a785b05082e47daee4df26680389817e2093056f088ad 100% [K
parsing GGUF [K
verifying conversion ⠧ [K[?25h[?2026l[?2026h[?25l[A[A[A[1Ggathering model components [K
copying file sha256:fadc3e5f8d42bf7e894a785b05082e47daee4df26680389817e2093056f088ad 100% [K
parsing GGUF [K
verifying conversion ⠇ [K[?25h[?2026l[?2026h[?25l[A[A[A[1Ggathering model components [K
copying file sha256:fadc3e5f8d42bf7e894a785b05082e47daee4df26680389817e2093056f088ad 100% [K
parsing GGUF [K
verifying conversion ⠏ [K[?25h[?2026l[?2026h[?25l[A[A[A[1Ggathering model components [K
copying file sha256:fadc3e5f8d42bf7e894a785b05082e47daee4df26680389817e2093056f088ad 100% [K
parsing GGUF [K
verifying conversion ⠋ [K[?25h[?2026l[?2026h[?25l[A[A[A[1Ggathering model components [K
copying file sha256:fadc3e5f8d42bf7e894a785b05082e47daee4df26680389817e2093056f088ad 100% [K
parsing GGUF [K
verifying conversion ⠙ [K[?25h[?2026l[?2026h[?25l[A[A[A[1Ggathering model components [K
copying file sha256:fadc3e5f8d42bf7e894a785b05082e47daee4df26680389817e2093056f088ad 100% [K
parsing GGUF [K
verifying conversion ⠹ [K[?25h[?2026l[?2026h[?25l[A[A[A[1Ggathering model components [K
copying file sha256:fadc3e5f8d42bf7e894a785b05082e47daee4df26680389817e2093056f088ad 100% [K
parsing GGUF [K
verifying conversion ⠸ [K[?25h[?2026l[?2026h[?25l[A[A[A[1Ggathering model components [K
copying file sha256:fadc3e5f8d42bf7e894a785b05082e47daee4df26680389817e2093056f088ad 100% [K
parsing GGUF [K
verifying conversion ⠼ [K[?25h[?2026l[?2026h[?25l[A[A[A[1Ggathering model components [K
copying file sha256:fadc3e5f8d42bf7e894a785b05082e47daee4df26680389817e2093056f088ad 100% [K
parsing GGUF [K
verifying conversion ⠴ [K[?25h[?2026l[?2026h[?25l[A[A[A[1Ggathering model components [K
copying file sha256:fadc3e5f8d42bf7e894a785b05082e47daee4df26680389817e2093056f088ad 100% [K
parsing GGUF [K
verifying conversion ⠦ [K[?25h[?2026l[?2026h[?25l[A[A[A[1Ggathering model components [K
copying file sha256:fadc3e5f8d42bf7e894a785b05082e47daee4df26680389817e2093056f088ad 100% [K
parsing GGUF [K
verifying conversion ⠧ [K[?25h[?2026l[?2026h[?25l[A[A[A[1Ggathering model components [K
copying file sha256:fadc3e5f8d42bf7e894a785b05082e47daee4df26680389817e2093056f088ad 100% [K
parsing GGUF [K
verifying conversion ⠇ [K[?25h[?2026l[?2026h[?25l[A[A[A[1Ggathering model components [K
copying file sha256:fadc3e5f8d42bf7e894a785b05082e47daee4df26680389817e2093056f088ad 100% [K
parsing GGUF [K
verifying conversion ⠏ [K[?25h[?2026l[?2026h[?25l[A[A[A[1Ggathering model components [K
copying file sha256:fadc3e5f8d42bf7e894a785b05082e47daee4df26680389817e2093056f088ad 100% [K
parsing GGUF [K
verifying conversion ⠋ [K[?25h[?2026l[?2026h[?25l[A[A[A[1Ggathering model components [K
copying file sha256:fadc3e5f8d42bf7e894a785b05082e47daee4df26680389817e2093056f088ad 100% [K
parsing GGUF [K
verifying conversion ⠙ [K[?25h[?2026l[?2026h[?25l[A[A[A[1Ggathering model components [K
copying file sha256:fadc3e5f8d42bf7e894a785b05082e47daee4df26680389817e2093056f088ad 100% [K
parsing GGUF [K
verifying conversion ⠹ [K[?25h[?2026l[?2026h[?25l[A[A[A[1Ggathering model components [K
copying file sha256:fadc3e5f8d42bf7e894a785b05082e47daee4df26680389817e2093056f088ad 100% [K
parsing GGUF [K
verifying conversion ⠸ [K[?25h[?2026l[?2026h[?25l[A[A[A[1Ggathering model components [K
copying file sha256:fadc3e5f8d42bf7e894a785b05082e47daee4df26680389817e2093056f088ad 100% [K
parsing GGUF [K
verifying conversion ⠼ [K[?25h[?2026l[?2026h[?25l[A[A[A[1Ggathering model components [K
copying file sha256:fadc3e5f8d42bf7e894a785b05082e47daee4df26680389817e2093056f088ad 100% [K
parsing GGUF [K
verifying conversion ⠴ [K[?25h[?2026l[?2026h[?25l[A[A[A[1Ggathering model components [K
copying file sha256:fadc3e5f8d42bf7e894a785b05082e47daee4df26680389817e2093056f088ad 100% [K
parsing GGUF [K
verifying conversion ⠦ [K[?25h[?2026l[?2026h[?25l[A[A[A[1Ggathering model components [K
copying file sha256:fadc3e5f8d42bf7e894a785b05082e47daee4df26680389817e2093056f088ad 100% [K
parsing GGUF [K
verifying conversion ⠧ [K[?25h[?2026l[?2026h[?25l[A[A[A[1Ggathering model components [K
copying file sha256:fadc3e5f8d42bf7e894a785b05082e47daee4df26680389817e2093056f088ad 100% [K
parsing GGUF [K
verifying conversion ⠇ [K[?25h[?2026l[?2026h[?25l[A[A[A[1Ggathering model components [K
copying file sha256:fadc3e5f8d42bf7e894a785b05082e47daee4df26680389817e2093056f088ad 100% [K
parsing GGUF [K
verifying conversion ⠏ [K[?25h[?2026l[?2026h[?25l[A[A[A[1Ggathering model components [K
copying file sha256:fadc3e5f8d42bf7e894a785b05082e47daee4df26680389817e2093056f088ad 100% [K
parsing GGUF [K
verifying conversion ⠋ [K[?25h[?2026l[?2026h[?25l[A[A[A[1Ggathering model components [K
copying file sha256:fadc3e5f8d42bf7e894a785b05082e47daee4df26680389817e2093056f088ad 100% [K
parsing GGUF [K
verifying conversion ⠙ [K[?25h[?2026l[?2026h[?25l[A[A[A[1Ggathering model components [K
copying file sha256:fadc3e5f8d42bf7e894a785b05082e47daee4df26680389817e2093056f088ad 100% [K
parsing GGUF [K
verifying conversion ⠹ [K[?25h[?2026l[?2026h[?25l[A[A[A[1Ggathering model components [K
copying file sha256:fadc3e5f8d42bf7e894a785b05082e47daee4df26680389817e2093056f088ad 100% [K
parsing GGUF [K
verifying conversion ⠸ [K[?25h[?2026l[?2026h[?25l[A[A[A[1Ggathering model components [K
copying file sha256:fadc3e5f8d42bf7e894a785b05082e47daee4df26680389817e2093056f088ad 100% [K
parsing GGUF [K
verifying conversion ⠼ [K[?25h[?2026l[?2026h[?25l[A[A[A[1Ggathering model components [K
copying file sha256:fadc3e5f8d42bf7e894a785b05082e47daee4df26680389817e2093056f088ad 100% [K
parsing GGUF [K
verifying conversion ⠴ [K[?25h[?2026l[?2026h[?25l[A[A[A[1Ggathering model components [K
copying file sha256:fadc3e5f8d42bf7e894a785b05082e47daee4df26680389817e2093056f088ad 100% [K
parsing GGUF [K
verifying conversion ⠦ [K[?25h[?2026l[?2026h[?25l[A[A[A[1Ggathering model components [K
copying file sha256:fadc3e5f8d42bf7e894a785b05082e47daee4df26680389817e2093056f088ad 100% [K
parsing GGUF [K
verifying conversion ⠧ [K[?25h[?2026l[?2026h[?25l[A[A[A[1Ggathering model components [K
copying file sha256:fadc3e5f8d42bf7e894a785b05082e47daee4df26680389817e2093056f088ad 100% [K
parsing GGUF [K
verifying conversion ⠇ [K[?25h[?2026l[?2026h[?25l[A[A[A[1Ggathering model components [K
copying file sha256:fadc3e5f8d42bf7e894a785b05082e47daee4df26680389817e2093056f088ad 100% [K
parsing GGUF [K
verifying conversion ⠏ [K[?25h[?2026l[?2026h[?25l[A[A[A[1Ggathering model components [K
copying file sha256:fadc3e5f8d42bf7e894a785b05082e47daee4df26680389817e2093056f088ad 100% [K
parsing GGUF [K
verifying conversion ⠋ [K[?25h[?2026l[?2026h[?25l[A[A[A[1Ggathering model components [K
copying file sha256:fadc3e5f8d42bf7e894a785b05082e47daee4df26680389817e2093056f088ad 100% [K
parsing GGUF [K
verifying conversion ⠙ [K[?25h[?2026l[?2026h[?25l[A[A[A[1Ggathering model components [K
copying file sha256:fadc3e5f8d42bf7e894a785b05082e47daee4df26680389817e2093056f088ad 100% [K
parsing GGUF [K
verifying conversion ⠹ [K[?25h[?2026l[?2026h[?25l[A[A[A[1Ggathering model components [K
copying file sha256:fadc3e5f8d42bf7e894a785b05082e47daee4df26680389817e2093056f088ad 100% [K
parsing GGUF [K
verifying conversion ⠸ [K[?25h[?2026l[?2026h[?25l[A[A[A[1Ggathering model components [K
copying file sha256:fadc3e5f8d42bf7e894a785b05082e47daee4df26680389817e2093056f088ad 100% [K
parsing GGUF [K
verifying conversion ⠼ [K[?25h[?2026l[?2026h[?25l[A[A[A[1Ggathering model components [K
copying file sha256:fadc3e5f8d42bf7e894a785b05082e47daee4df26680389817e2093056f088ad 100% [K
parsing GGUF [K
verifying conversion ⠴ [K[?25h[?2026l[?2026h[?25l[A[A[A[1Ggathering model components [K
copying file sha256:fadc3e5f8d42bf7e894a785b05082e47daee4df26680389817e2093056f088ad 100% [K
parsing GGUF [K
verifying conversion ⠦ [K[?25h[?2026l[?2026h[?25l[A[A[A[1Ggathering model components [K
copying file sha256:fadc3e5f8d42bf7e894a785b05082e47daee4df26680389817e2093056f088ad 100% [K
parsing GGUF [K
verifying conversion ⠧ [K[?25h[?2026l[?2026h[?25l[A[A[A[1Ggathering model components [K
copying file sha256:fadc3e5f8d42bf7e894a785b05082e47daee4df26680389817e2093056f088ad 100% [K
parsing GGUF [K
verifying conversion ⠇ [K[?25h[?2026l[?2026h[?25l[A[A[A[1Ggathering model components [K
copying file sha256:fadc3e5f8d42bf7e894a785b05082e47daee4df26680389817e2093056f088ad 100% [K
parsing GGUF [K
verifying conversion ⠏ [K[?25h[?2026l[?2026h[?25l[A[A[A[1Ggathering model components [K
copying file sha256:fadc3e5f8d42bf7e894a785b05082e47daee4df26680389817e2093056f088ad 100% [K
parsing GGUF [K
verifying conversion ⠋ [K[?25h[?2026l[?2026h[?25l[A[A[A[1Ggathering model components [K
copying file sha256:fadc3e5f8d42bf7e894a785b05082e47daee4df26680389817e2093056f088ad 100% [K
parsing GGUF [K
verifying conversion ⠙ [K[?25h[?2026l[?2026h[?25l[A[A[A[1Ggathering model components [K
copying file sha256:fadc3e5f8d42bf7e894a785b05082e47daee4df26680389817e2093056f088ad 100% [K
parsing GGUF [K
verifying conversion ⠹ [K[?25h[?2026l[?2026h[?25l[A[A[A[1Ggathering model components [K
copying file sha256:fadc3e5f8d42bf7e894a785b05082e47daee4df26680389817e2093056f088ad 100% [K
parsing GGUF [K
verifying conversion ⠸ [K[?25h[?2026l[?2026h[?25l[A[A[A[1Ggathering model components [K
copying file sha256:fadc3e5f8d42bf7e894a785b05082e47daee4df26680389817e2093056f088ad 100% [K
parsing GGUF [K
verifying conversion ⠼ [K[?25h[?2026l[?2026h[?25l[A[A[A[1Ggathering model components [K
copying file sha256:fadc3e5f8d42bf7e894a785b05082e47daee4df26680389817e2093056f088ad 100% [K
parsing GGUF [K
verifying conversion ⠴ [K[?25h[?2026l[?2026h[?25l[A[A[A[1Ggathering model components [K
copying file sha256:fadc3e5f8d42bf7e894a785b05082e47daee4df26680389817e2093056f088ad 100% [K
parsing GGUF [K
verifying conversion ⠦ [K[?25h[?2026l[?2026h[?25l[A[A[A[1Ggathering model components [K
copying file sha256:fadc3e5f8d42bf7e894a785b05082e47daee4df26680389817e2093056f088ad 100% [K
parsing GGUF [K
verifying conversion ⠧ [K[?25h[?2026l[?2026h[?25l[A[A[A[1Ggathering model components [K
copying file sha256:fadc3e5f8d42bf7e894a785b05082e47daee4df26680389817e2093056f088ad 100% [K
parsing GGUF [K
verifying conversion ⠇ [K[?25h[?2026l[?2026h[?25l[A[A[A[1Ggathering model components [K
copying file sha256:fadc3e5f8d42bf7e894a785b05082e47daee4df26680389817e2093056f088ad 100% [K
parsing GGUF [K
verifying conversion ⠏ [K[?25h[?2026l[?2026h[?25l[A[A[A[1Ggathering model components [K
copying file sha256:fadc3e5f8d42bf7e894a785b05082e47daee4df26680389817e2093056f088ad 100% [K
parsing GGUF [K
verifying conversion ⠋ [K[?25h[?2026l[?2026h[?25l[A[A[A[1Ggathering model components [K
copying file sha256:fadc3e5f8d42bf7e894a785b05082e47daee4df26680389817e2093056f088ad 100% [K
parsing GGUF [K
verifying conversion ⠙ [K[?25h[?2026l[?2026h[?25l[A[A[A[1Ggathering model components [K
copying file sha256:fadc3e5f8d42bf7e894a785b05082e47daee4df26680389817e2093056f088ad 100% [K
parsing GGUF [K
verifying conversion ⠹ [K[?25h[?2026l[?2026h[?25l[A[A[A[1Ggathering model components [K
copying file sha256:fadc3e5f8d42bf7e894a785b05082e47daee4df26680389817e2093056f088ad 100% [K
parsing GGUF [K
verifying conversion ⠸ [K[?25h[?2026l[?2026h[?25l[A[A[A[1Ggathering model components [K
copying file sha256:fadc3e5f8d42bf7e894a785b05082e47daee4df26680389817e2093056f088ad 100% [K
parsing GGUF [K
verifying conversion ⠼ [K[?25h[?2026l[?2026h[?25l[A[A[A[1Ggathering model components [K
copying file sha256:fadc3e5f8d42bf7e894a785b05082e47daee4df26680389817e2093056f088ad 100% [K
parsing GGUF [K
verifying conversion ⠴ [K[?25h[?2026l[?2026h[?25l[A[A[A[1Ggathering model components [K
copying file sha256:fadc3e5f8d42bf7e894a785b05082e47daee4df26680389817e2093056f088ad 100% [K
parsing GGUF [K
verifying conversion ⠦ [K[?25h[?2026l[?2026h[?25l[A[A[A[1Ggathering model components [K
copying file sha256:fadc3e5f8d42bf7e894a785b05082e47daee4df26680389817e2093056f088ad 100% [K
parsing GGUF [K
verifying conversion ⠧ [K[?25h[?2026l[?2026h[?25l[A[A[A[1Ggathering model components [K
copying file sha256:fadc3e5f8d42bf7e894a785b05082e47daee4df26680389817e2093056f088ad 100% [K
parsing GGUF [K
verifying conversion ⠇ [K[?25h[?2026l[?2026h[?25l[A[A[A[1Ggathering model components [K
copying file sha256:fadc3e5f8d42bf7e894a785b05082e47daee4df26680389817e2093056f088ad 100% [K
parsing GGUF [K
verifying conversion ⠏ [K[?25h[?2026l[?2026h[?25l[A[A[A[1Ggathering model components [K
copying file sha256:fadc3e5f8d42bf7e894a785b05082e47daee4df26680389817e2093056f088ad 100% [K
parsing GGUF [K
verifying conversion ⠋ [K[?25h[?2026l[?2026h[?25l[A[A[A[1Ggathering model components [K
copying file sha256:fadc3e5f8d42bf7e894a785b05082e47daee4df26680389817e2093056f088ad 100% [K
parsing GGUF [K
verifying conversion ⠙ [K[?25h[?2026l[?2026h[?25l[A[A[A[1Ggathering model components [K
copying file sha256:fadc3e5f8d42bf7e894a785b05082e47daee4df26680389817e2093056f088ad 100% [K
parsing GGUF [K
verifying conversion ⠹ [K[?25h[?2026l[?2026h[?25l[A[A[A[1Ggathering model components [K
copying file sha256:fadc3e5f8d42bf7e894a785b05082e47daee4df26680389817e2093056f088ad 100% [K
parsing GGUF [K
verifying conversion ⠸ [K[?25h[?2026l[?2026h[?25l[A[A[A[1Ggathering model components [K
copying file sha256:fadc3e5f8d42bf7e894a785b05082e47daee4df26680389817e2093056f088ad 100% [K
parsing GGUF [K
verifying conversion ⠼ [K[?25h[?2026l[?2026h[?25l[A[A[A[1Ggathering model components [K
copying file sha256:fadc3e5f8d42bf7e894a785b05082e47daee4df26680389817e2093056f088ad 100% [K
parsing GGUF [K
verifying conversion ⠴ [K[?25h[?2026l[?2026h[?25l[A[A[A[1Ggathering model components [K
copying file sha256:fadc3e5f8d42bf7e894a785b05082e47daee4df26680389817e2093056f088ad 100% [K
parsing GGUF [K
verifying conversion ⠦ [K[?25h[?2026l[?2026h[?25l[A[A[A[1Ggathering model components [K
copying file sha256:fadc3e5f8d42bf7e894a785b05082e47daee4df26680389817e2093056f088ad 100% [K
parsing GGUF [K
verifying conversion ⠧ [K[?25h[?2026l[?2026h[?25l[A[A[A[1Ggathering model components [K
copying file sha256:fadc3e5f8d42bf7e894a785b05082e47daee4df26680389817e2093056f088ad 100% [K
parsing GGUF [K
verifying conversion ⠇ [K[?25h[?2026l[?2026h[?25l[A[A[A[1Ggathering model components [K
copying file sha256:fadc3e5f8d42bf7e894a785b05082e47daee4df26680389817e2093056f088ad 100% [K
parsing GGUF [K
verifying conversion ⠏ [K[?25h[?2026l[?2026h[?25l[A[A[A[1Ggathering model components [K
copying file sha256:fadc3e5f8d42bf7e894a785b05082e47daee4df26680389817e2093056f088ad 100% [K
parsing GGUF [K
verifying conversion ⠋ [K[?25h[?2026l[?2026h[?25l[A[A[A[1Ggathering model components [K
copying file sha256:fadc3e5f8d42bf7e894a785b05082e47daee4df26680389817e2093056f088ad 100% [K
parsing GGUF [K
verifying conversion ⠙ [K[?25h[?2026l[?2026h[?25l[A[A[A[1Ggathering model components [K
copying file sha256:fadc3e5f8d42bf7e894a785b05082e47daee4df26680389817e2093056f088ad 100% [K
parsing GGUF [K
verifying conversion ⠹ [K[?25h[?2026l[?2026h[?25l[A[A[A[1Ggathering model components [K
copying file sha256:fadc3e5f8d42bf7e894a785b05082e47daee4df26680389817e2093056f088ad 100% [K
parsing GGUF [K
verifying conversion ⠸ [K[?25h[?2026l[?2026h[?25l[A[A[A[1Ggathering model components [K
copying file sha256:fadc3e5f8d42bf7e894a785b05082e47daee4df26680389817e2093056f088ad 100% [K
parsing GGUF [K
verifying conversion ⠼ [K[?25h[?2026l[?2026h[?25l[A[A[A[1Ggathering model components [K
copying file sha256:fadc3e5f8d42bf7e894a785b05082e47daee4df26680389817e2093056f088ad 100% [K
parsing GGUF [K
verifying conversion ⠴ [K[?25h[?2026l[?2026h[?25l[A[A[A[1Ggathering model components [K
copying file sha256:fadc3e5f8d42bf7e894a785b05082e47daee4df26680389817e2093056f088ad 100% [K
parsing GGUF [K
verifying conversion ⠦ [K[?25h[?2026l[?2026h[?25l[A[A[A[1Ggathering model components [K
copying file sha256:fadc3e5f8d42bf7e894a785b05082e47daee4df26680389817e2093056f088ad 100% [K
parsing GGUF [K
verifying conversion ⠧ [K[?25h[?2026l[?2026h[?25l[A[A[A[1Ggathering model components [K
copying file sha256:fadc3e5f8d42bf7e894a785b05082e47daee4df26680389817e2093056f088ad 100% [K
parsing GGUF [K
verifying conversion ⠇ [K[?25h[?2026l[?2026h[?25l[A[A[A[1Ggathering model components [K
copying file sha256:fadc3e5f8d42bf7e894a785b05082e47daee4df26680389817e2093056f088ad 100% [K
parsing GGUF [K
verifying conversion ⠏ [K[?25h[?2026l[?2026h[?25l[A[A[A[1Ggathering model components [K
copying file sha256:fadc3e5f8d42bf7e894a785b05082e47daee4df26680389817e2093056f088ad 100% [K
parsing GGUF [K
verifying conversion ⠋ [K[?25h[?2026l[?2026h[?25l[A[A[A[1Ggathering model components [K
copying file sha256:fadc3e5f8d42bf7e894a785b05082e47daee4df26680389817e2093056f088ad 100% [K
parsing GGUF [K
verifying conversion ⠙ [K[?25h[?2026l[?2026h[?25l[A[A[A[1Ggathering model components [K
copying file sha256:fadc3e5f8d42bf7e894a785b05082e47daee4df26680389817e2093056f088ad 100% [K
parsing GGUF [K
verifying conversion ⠹ [K[?25h[?2026l[?2026h[?25l[A[A[A[1Ggathering model components [K
copying file sha256:fadc3e5f8d42bf7e894a785b05082e47daee4df26680389817e2093056f088ad 100% [K
parsing GGUF [K
verifying conversion ⠸ [K[?25h[?2026l[?2026h[?25l[A[A[A[1Ggathering model components [K
copying file sha256:fadc3e5f8d42bf7e894a785b05082e47daee4df26680389817e2093056f088ad 100% [K
parsing GGUF [K
verifying conversion ⠼ [K[?25h[?2026l[?2026h[?25l[A[A[A[1Ggathering model components [K
copying file sha256:fadc3e5f8d42bf7e894a785b05082e47daee4df26680389817e2093056f088ad 100% [K
parsing GGUF [K
verifying conversion ⠴ [K[?25h[?2026l[?2026h[?25l[A[A[A[1Ggathering model components [K
copying file sha256:fadc3e5f8d42bf7e894a785b05082e47daee4df26680389817e2093056f088ad 100% [K
parsing GGUF [K
verifying conversion ⠦ [K[?25h[?2026l[?2026h[?25l[A[A[A[1Ggathering model components [K
copying file sha256:fadc3e5f8d42bf7e894a785b05082e47daee4df26680389817e2093056f088ad 100% [K
parsing GGUF [K
verifying conversion ⠧ [K[?25h[?2026l[?2026h[?25l[A[A[A[1Ggathering model components [K
copying file sha256:fadc3e5f8d42bf7e894a785b05082e47daee4df26680389817e2093056f088ad 100% [K
parsing GGUF [K
verifying conversion [K
creating new layer sha256:696dd86adb1ed54f138e199c0278a412fbcb30b997a880d4bf3e04a6dd5b7792 [K
creating new layer sha256:3e31d096acd2325674885ac3c83f1d21d13abc4b0903ea4bcdb4b6f976572d46 [K
writing manifest ⠋ [K[?25h[?2026l[?2026h[?25l[A[A[A[A[A[A[1Ggathering model components [K
copying file sha256:fadc3e5f8d42bf7e894a785b05082e47daee4df26680389817e2093056f088ad 100% [K
parsing GGUF [K
verifying conversion [K
creating new layer sha256:696dd86adb1ed54f138e199c0278a412fbcb30b997a880d4bf3e04a6dd5b7792 [K
creating new layer sha256:3e31d096acd2325674885ac3c83f1d21d13abc4b0903ea4bcdb4b6f976572d46 [K
writing manifest ⠙ [K[?25h[?2026l[?2026h[?25l[A[A[A[A[A[A[1Ggathering model components [K
copying file sha256:fadc3e5f8d42bf7e894a785b05082e47daee4df26680389817e2093056f088ad 100% [K
parsing GGUF [K
verifying conversion [K
creating new layer sha256:696dd86adb1ed54f138e199c0278a412fbcb30b997a880d4bf3e04a6dd5b7792 [K
creating new layer sha256:3e31d096acd2325674885ac3c83f1d21d13abc4b0903ea4bcdb4b6f976572d46 [K
writing manifest ⠹ [K[?25h[?2026l[?2026h[?25l[A[A[A[A[A[A[1Ggathering model components [K
copying file sha256:fadc3e5f8d42bf7e894a785b05082e47daee4df26680389817e2093056f088ad 100% [K
parsing GGUF [K
verifying conversion [K
creating new layer sha256:696dd86adb1ed54f138e199c0278a412fbcb30b997a880d4bf3e04a6dd5b7792 [K
creating new layer sha256:3e31d096acd2325674885ac3c83f1d21d13abc4b0903ea4bcdb4b6f976572d46 [K
writing manifest ⠸ [K[?25h[?2026l[?2026h[?25l[A[A[A[A[A[A[1Ggathering model components [K
copying file sha256:fadc3e5f8d42bf7e894a785b05082e47daee4df26680389817e2093056f088ad 100% [K
parsing GGUF [K
verifying conversion [K
creating new layer sha256:696dd86adb1ed54f138e199c0278a412fbcb30b997a880d4bf3e04a6dd5b7792 [K
creating new layer sha256:3e31d096acd2325674885ac3c83f1d21d13abc4b0903ea4bcdb4b6f976572d46 [K
writing manifest ⠼ [K[?25h[?2026l[?2026h[?25l[A[A[A[A[A[A[1Ggathering model components [K
copying file sha256:fadc3e5f8d42bf7e894a785b05082e47daee4df26680389817e2093056f088ad 100% [K
parsing GGUF [K
verifying conversion [K
creating new layer sha256:696dd86adb1ed54f138e199c0278a412fbcb30b997a880d4bf3e04a6dd5b7792 [K
creating new layer sha256:3e31d096acd2325674885ac3c83f1d21d13abc4b0903ea4bcdb4b6f976572d46 [K
writing manifest ⠴ [K[?25h[?2026l[?2026h[?25l[A[A[A[A[A[A[1Ggathering model components [K
copying file sha256:fadc3e5f8d42bf7e894a785b05082e47daee4df26680389817e2093056f088ad 100% [K
parsing GGUF [K
verifying conversion [K
creating new layer sha256:696dd86adb1ed54f138e199c0278a412fbcb30b997a880d4bf3e04a6dd5b7792 [K
creating new layer sha256:3e31d096acd2325674885ac3c83f1d21d13abc4b0903ea4bcdb4b6f976572d46 [K
writing manifest ⠦ [K[?25h[?2026l[?2026h[?25l[A[A[A[A[A[A[1Ggathering model components [K
copying file sha256:fadc3e5f8d42bf7e894a785b05082e47daee4df26680389817e2093056f088ad 100% [K
parsing GGUF [K
verifying conversion [K
creating new layer sha256:696dd86adb1ed54f138e199c0278a412fbcb30b997a880d4bf3e04a6dd5b7792 [K
creating new layer sha256:3e31d096acd2325674885ac3c83f1d21d13abc4b0903ea4bcdb4b6f976572d46 [K
writing manifest ⠧ [K[?25h[?2026l[?2026h[?25l[A[A[A[A[A[A[1Ggathering model components [K
copying file sha256:fadc3e5f8d42bf7e894a785b05082e47daee4df26680389817e2093056f088ad 100% [K
parsing GGUF [K
verifying conversion [K
creating new layer sha256:696dd86adb1ed54f138e199c0278a412fbcb30b997a880d4bf3e04a6dd5b7792 [K
creating new layer sha256:3e31d096acd2325674885ac3c83f1d21d13abc4b0903ea4bcdb4b6f976572d46 [K
writing manifest ⠇ [K[?25h[?2026l[?2026h[?25l[A[A[A[A[A[A[1Ggathering model components [K
copying file sha256:fadc3e5f8d42bf7e894a785b05082e47daee4df26680389817e2093056f088ad 100% [K
parsing GGUF [K
verifying conversion [K
creating new layer sha256:696dd86adb1ed54f138e199c0278a412fbcb30b997a880d4bf3e04a6dd5b7792 [K
creating new layer sha256:3e31d096acd2325674885ac3c83f1d21d13abc4b0903ea4bcdb4b6f976572d46 [K
writing manifest ⠏ [K[?25h[?2026l[?2026h[?25l[A[A[A[A[A[A[1Ggathering model components [K
copying file sha256:fadc3e5f8d42bf7e894a785b05082e47daee4df26680389817e2093056f088ad 100% [K
parsing GGUF [K
verifying conversion [K
creating new layer sha256:696dd86adb1ed54f138e199c0278a412fbcb30b997a880d4bf3e04a6dd5b7792 [K
creating new layer sha256:3e31d096acd2325674885ac3c83f1d21d13abc4b0903ea4bcdb4b6f976572d46 [K
writing manifest ⠋ [K[?25h[?2026l[?2026h[?25l[A[A[A[A[A[A[1Ggathering model components [K
copying file sha256:fadc3e5f8d42bf7e894a785b05082e47daee4df26680389817e2093056f088ad 100% [K
parsing GGUF [K
verifying conversion [K
creating new layer sha256:696dd86adb1ed54f138e199c0278a412fbcb30b997a880d4bf3e04a6dd5b7792 [K
creating new layer sha256:3e31d096acd2325674885ac3c83f1d21d13abc4b0903ea4bcdb4b6f976572d46 [K
writing manifest [K
success [K[?25h[?2026l
