.............FFFFFF.F.................FFFFFFFFFFFFFFFFFFFFFFFFFFFFFFFFFF [ 60%]
FFFFFFFFFFFFFFFFFFFFFFFFFFFFFFF...........FFFFFF                         [100%]
=================================== FAILURES ===================================
_______ test_d00_strict_invocation_rejects_an_empty_trace_as_a_downgrade _______

    def test_d00_strict_invocation_rejects_an_empty_trace_as_a_downgrade() -> None:
        subject = _subject()
        invocation = _invocation(subject)
    
>       with pytest.raises(
            ValueError,
            match=r"(?i)(?=.*strict)(?=.*(?:binding|trace|dialect))",
        ):
E       Failed: DID NOT RAISE ValueError

tests/unit/kernel/test_process_receipt_v3_deadline_hostile.py:1516: Failed
____ test_d00_strict_invocation_rejects_a_legacy_only_trace_as_a_downgrade _____

    def test_d00_strict_invocation_rejects_a_legacy_only_trace_as_a_downgrade() -> None:
        subject = _subject()
        invocation = _invocation(subject)
        legacy_only_events = _append(
            (),
            OperationAttempt.failed(
                ProcessStage.PROCESS_START,
                ProcessTarget.PROCESS,
                kind=FailureKind.NOT_FOUND,
                mechanism_errno=errno.ENOENT,
                role=FailureRole.PRIMARY,
            ),
        )
    
>       with pytest.raises(
            ValueError,
            match=r"(?i)(?=.*strict)(?=.*(?:legacy|dialect|binding|trace))",
        ):
E       Failed: DID NOT RAISE ValueError

tests/unit/kernel/test_process_receipt_v3_deadline_hostile.py:1537: Failed
_____________ test_d00_strict_subject_rejects_a_legacy_invocation ______________

    def test_d00_strict_subject_rejects_a_legacy_invocation() -> None:
        subject = _subject()
        strict_invocation = _invocation(subject)
>       _binding_value, _child_value, strict_events = _started(
            subject,
            strict_invocation,
        )

tests/unit/kernel/test_process_receipt_v3_deadline_hostile.py:1547: 
_ _ _ _ _ _ _ _ _ _ _ _ _ _ _ _ _ _ _ _ _ _ _ _ _ _ _ _ _ _ _ _ _ _ _ _ _ _ _ _ 
tests/unit/kernel/test_process_receipt_v3_deadline_hostile.py:989: in _started
    child = _child(binding, invocation)
            ^^^^^^^^^^^^^^^^^^^^^^^^^^^
_ _ _ _ _ _ _ _ _ _ _ _ _ _ _ _ _ _ _ _ _ _ _ _ _ _ _ _ _ _ _ _ _ _ _ _ _ _ _ _ 

binding = DeadlineBinding(invocation_occurrence_id='226930a19f0c89cea9b1770214bbe7fd3052740f79e6c7376386e0a0e50a07a5', started_m...b5771289e040379e3dafadcd2fa', deadline_binding_hash='22152e09026c34e9682f529b0b85cc905b96b30320705ea7dd9a7699c41b55eb')
invocation = MaterializedInvocation(command_subject_hash='1d31b64b78656c7851c9ffd9a20ca9b6e7633ad811c25109be9a9c0c10379ff6', host_n...cc21c3cb7ab5fe24fa4f', select_timeout_contract_hash='579bf368ae4a8059e8464175e08bac9ccf19cbe6db9dc96018f90e79a3cbda00')
pid = 501

    def _child(
        binding: object, invocation: MaterializedInvocation, pid: int = 501
    ) -> ChildIdentityBound:
        required = {
            "invocation_occurrence_id",
            "deadline_binding_hash",
            "child_occurrence_id",
        }
        fields = ChildIdentityBound.__dataclass_fields__
>       assert required <= set(fields), (
            "ChildIdentityBound must derive an exact child occurrence from invocation "
            "and deadline binding"
        )
E       AssertionError: ChildIdentityBound must derive an exact child occurrence from invocation and deadline binding
E       assert {'child_occur...ccurrence_id'} <= {'child_pid',...ess_group_id'}
E         
E         Extra items in the left set:
E         'child_occurrence_id'
E         'invocation_occurrence_id'
E         'deadline_binding_hash'

tests/unit/kernel/test_process_receipt_v3_deadline_hostile.py:663: AssertionError
_____________ test_d00_legacy_lane_rejects_an_effect_bound_payload _____________

    def test_d00_legacy_lane_rejects_an_effect_bound_payload() -> None:
        subject = _legacy_subject()
        invocation = _legacy_invocation(subject)
        legacy_failed_start = OperationAttempt.failed(
            ProcessStage.PROCESS_START,
            ProcessTarget.PROCESS,
            kind=FailureKind.NOT_FOUND,
            mechanism_errno=errno.ENOENT,
            role=FailureRole.PRIMARY,
        )
        effect_bound_payload = _forge(
            legacy_failed_start,
            effect_occurrence_id=HEX_C,
            attempt_ordinal=1,
        )
        events = _append((), effect_bound_payload)
    
>       with pytest.raises(
            ValueError,
            match=r"(?i)(?=.*legacy)(?=.*(?:effect|bound|dialect))",
        ):
E       Failed: DID NOT RAISE ValueError

tests/unit/kernel/test_process_receipt_v3_deadline_hostile.py:1577: Failed
____________ test_d00_strict_trace_rejects_an_unbound_legacy_result ____________

    def test_d00_strict_trace_rejects_an_unbound_legacy_result() -> None:
        subject = _subject()
        invocation = _invocation(subject)
>       binding, child, events = _status_registered_prefix(subject, invocation)
                                 ^^^^^^^^^^^^^^^^^^^^^^^^^^^^^^^^^^^^^^^^^^^^^^

tests/unit/kernel/test_process_receipt_v3_deadline_hostile.py:1591: 
_ _ _ _ _ _ _ _ _ _ _ _ _ _ _ _ _ _ _ _ _ _ _ _ _ _ _ _ _ _ _ _ _ _ _ _ _ _ _ _ 
tests/unit/kernel/test_process_receipt_v3_deadline_hostile.py:1048: in _status_registered_prefix
    binding, child, events = _started(subject, invocation)
                             ^^^^^^^^^^^^^^^^^^^^^^^^^^^^^
tests/unit/kernel/test_process_receipt_v3_deadline_hostile.py:989: in _started
    child = _child(binding, invocation)
            ^^^^^^^^^^^^^^^^^^^^^^^^^^^
_ _ _ _ _ _ _ _ _ _ _ _ _ _ _ _ _ _ _ _ _ _ _ _ _ _ _ _ _ _ _ _ _ _ _ _ _ _ _ _ 

binding = DeadlineBinding(invocation_occurrence_id='226930a19f0c89cea9b1770214bbe7fd3052740f79e6c7376386e0a0e50a07a5', started_m...b5771289e040379e3dafadcd2fa', deadline_binding_hash='22152e09026c34e9682f529b0b85cc905b96b30320705ea7dd9a7699c41b55eb')
invocation = MaterializedInvocation(command_subject_hash='1d31b64b78656c7851c9ffd9a20ca9b6e7633ad811c25109be9a9c0c10379ff6', host_n...cc21c3cb7ab5fe24fa4f', select_timeout_contract_hash='579bf368ae4a8059e8464175e08bac9ccf19cbe6db9dc96018f90e79a3cbda00')
pid = 501

    def _child(
        binding: object, invocation: MaterializedInvocation, pid: int = 501
    ) -> ChildIdentityBound:
        required = {
            "invocation_occurrence_id",
            "deadline_binding_hash",
            "child_occurrence_id",
        }
        fields = ChildIdentityBound.__dataclass_fields__
>       assert required <= set(fields), (
            "ChildIdentityBound must derive an exact child occurrence from invocation "
            "and deadline binding"
        )
E       AssertionError: ChildIdentityBound must derive an exact child occurrence from invocation and deadline binding
E       assert {'child_occur...ccurrence_id'} <= {'child_pid',...ess_group_id'}
E         
E         Extra items in the left set:
E         'child_occurrence_id'
E         'invocation_occurrence_id'
E         'deadline_binding_hash'

tests/unit/kernel/test_process_receipt_v3_deadline_hostile.py:663: AssertionError
____ test_d00_verifier_rejects_strict_events_under_legacy_reducer_identity _____

    def test_d00_verifier_rejects_strict_events_under_legacy_reducer_identity() -> None:
        subject = _subject()
        invocation = _invocation(subject)
>       _binding_value, _child_value, events = _started(subject, invocation)
                                               ^^^^^^^^^^^^^^^^^^^^^^^^^^^^^

tests/unit/kernel/test_process_receipt_v3_deadline_hostile.py:1623: 
_ _ _ _ _ _ _ _ _ _ _ _ _ _ _ _ _ _ _ _ _ _ _ _ _ _ _ _ _ _ _ _ _ _ _ _ _ _ _ _ 
tests/unit/kernel/test_process_receipt_v3_deadline_hostile.py:989: in _started
    child = _child(binding, invocation)
            ^^^^^^^^^^^^^^^^^^^^^^^^^^^
_ _ _ _ _ _ _ _ _ _ _ _ _ _ _ _ _ _ _ _ _ _ _ _ _ _ _ _ _ _ _ _ _ _ _ _ _ _ _ _ 

binding = DeadlineBinding(invocation_occurrence_id='226930a19f0c89cea9b1770214bbe7fd3052740f79e6c7376386e0a0e50a07a5', started_m...b5771289e040379e3dafadcd2fa', deadline_binding_hash='22152e09026c34e9682f529b0b85cc905b96b30320705ea7dd9a7699c41b55eb')
invocation = MaterializedInvocation(command_subject_hash='1d31b64b78656c7851c9ffd9a20ca9b6e7633ad811c25109be9a9c0c10379ff6', host_n...cc21c3cb7ab5fe24fa4f', select_timeout_contract_hash='579bf368ae4a8059e8464175e08bac9ccf19cbe6db9dc96018f90e79a3cbda00')
pid = 501

    def _child(
        binding: object, invocation: MaterializedInvocation, pid: int = 501
    ) -> ChildIdentityBound:
        required = {
            "invocation_occurrence_id",
            "deadline_binding_hash",
            "child_occurrence_id",
        }
        fields = ChildIdentityBound.__dataclass_fields__
>       assert required <= set(fields), (
            "ChildIdentityBound must derive an exact child occurrence from invocation "
            "and deadline binding"
        )
E       AssertionError: ChildIdentityBound must derive an exact child occurrence from invocation and deadline binding
E       assert {'child_occur...ccurrence_id'} <= {'child_pid',...ess_group_id'}
E         
E         Extra items in the left set:
E         'child_occurrence_id'
E         'invocation_occurrence_id'
E         'deadline_binding_hash'

tests/unit/kernel/test_process_receipt_v3_deadline_hostile.py:663: AssertionError
________ test_d00_strict_events_cannot_be_relinked_into_the_legacy_lane ________

    def test_d00_strict_events_cannot_be_relinked_into_the_legacy_lane() -> None:
        strict_subject = _subject()
        strict_invocation = _invocation(strict_subject)
        strict_binding = _binding(strict_invocation)
        legacy_subject = _legacy_subject()
        legacy_invocation = _legacy_invocation(legacy_subject)
        relinked = _append((), strict_binding)
    
>       with pytest.raises(
            ValueError,
            match=r"(?i)(?=.*strict)(?=.*legacy)",
        ):
E       AssertionError: Regex pattern did not match.
E         Expected regex: re.compile('(?i)(?=.*strict)(?=.*legacy)', re.IGNORECASE)
E         Actual message: 'deadline prefix is bound to another invocation occurrence'

tests/unit/kernel/test_process_receipt_v3_deadline_hostile.py:1667: AssertionError
_________ test_d04_spawn_cannot_omit_the_prospective_deadline_binding __________

    def test_d04_spawn_cannot_omit_the_prospective_deadline_binding() -> None:
        subject = _subject()
        invocation = _invocation(subject)
        events = _append(
            (),
            OperationAttempt.succeeded(ProcessStage.PROCESS_START, ProcessTarget.PROCESS),
        )
>       with pytest.raises(ValueError, match="deadline|binding|start|admission"):
             ^^^^^^^^^^^^^^^^^^^^^^^^^^^^^^^^^^^^^^^^^^^^^^^^^^^^^^^^^^^^^^^^^^^
E       Failed: DID NOT RAISE ValueError

tests/unit/kernel/test_process_receipt_v3_deadline_hostile.py:1896: Failed
_______ test_d04_generic_timeout_event_cannot_replace_a_deadline_binding _______

    def test_d04_generic_timeout_event_cannot_replace_a_deadline_binding() -> None:
        subject = _subject()
        invocation = _invocation(subject)
        events = _append(
            (),
            OperationAttempt.succeeded(ProcessStage.PROCESS_START, ProcessTarget.PROCESS),
        )
        events = _append(events, ChildIdentityBound(501, 501, REQUESTED_DEADLINE_NS))
        events = _append(
            events,
            TimeoutObservation(
                deadline_monotonic_ns=REQUESTED_DEADLINE_NS,
                observed_monotonic_ns=REQUESTED_DEADLINE_NS,
                crossed=True,
                handoff_state=HandoffState.NOT_REACHED,
            ),
        )
>       with pytest.raises(ValueError, match="deadline|binding|occurrence|timeout|strict"):
             ^^^^^^^^^^^^^^^^^^^^^^^^^^^^^^^^^^^^^^^^^^^^^^^^^^^^^^^^^^^^^^^^^^^^^^^^^^^^^
E       Failed: DID NOT RAISE ValueError

tests/unit/kernel/test_process_receipt_v3_deadline_hostile.py:1917: Failed
______ test_d04_spawn_requires_post_return_completion_after_child_binding ______

    def test_d04_spawn_requires_post_return_completion_after_child_binding() -> None:
        subject = _subject()
        invocation = _invocation(subject)
        binding = _binding(invocation)
        events = _append((), binding)
        events = _append(
            events,
            OperationAttempt.succeeded(ProcessStage.PROCESS_START, ProcessTarget.PROCESS),
        )
>       events = _append(events, _child(binding, invocation))
                                 ^^^^^^^^^^^^^^^^^^^^^^^^^^^

tests/unit/kernel/test_process_receipt_v3_deadline_hostile.py:1930: 
_ _ _ _ _ _ _ _ _ _ _ _ _ _ _ _ _ _ _ _ _ _ _ _ _ _ _ _ _ _ _ _ _ _ _ _ _ _ _ _ 

binding = DeadlineBinding(invocation_occurrence_id='226930a19f0c89cea9b1770214bbe7fd3052740f79e6c7376386e0a0e50a07a5', started_m...b5771289e040379e3dafadcd2fa', deadline_binding_hash='22152e09026c34e9682f529b0b85cc905b96b30320705ea7dd9a7699c41b55eb')
invocation = MaterializedInvocation(command_subject_hash='1d31b64b78656c7851c9ffd9a20ca9b6e7633ad811c25109be9a9c0c10379ff6', host_n...cc21c3cb7ab5fe24fa4f', select_timeout_contract_hash='579bf368ae4a8059e8464175e08bac9ccf19cbe6db9dc96018f90e79a3cbda00')
pid = 501

    def _child(
        binding: object, invocation: MaterializedInvocation, pid: int = 501
    ) -> ChildIdentityBound:
        required = {
            "invocation_occurrence_id",
            "deadline_binding_hash",
            "child_occurrence_id",
        }
        fields = ChildIdentityBound.__dataclass_fields__
>       assert required <= set(fields), (
            "ChildIdentityBound must derive an exact child occurrence from invocation "
            "and deadline binding"
        )
E       AssertionError: ChildIdentityBound must derive an exact child occurrence from invocation and deadline binding
E       assert {'child_occur...ccurrence_id'} <= {'child_pid',...ess_group_id'}
E         
E         Extra items in the left set:
E         'child_occurrence_id'
E         'invocation_occurrence_id'
E         'deadline_binding_hash'

tests/unit/kernel/test_process_receipt_v3_deadline_hostile.py:663: AssertionError
__________ test_d04_failed_spawn_also_requires_post_return_completion __________

    def test_d04_failed_spawn_also_requires_post_return_completion() -> None:
        subject = _subject()
        invocation = _invocation(subject)
        binding = _binding(invocation)
        events = _append((), binding)
        events = _append(
            events,
            OperationAttempt.failed(
                ProcessStage.PROCESS_START,
                ProcessTarget.PROCESS,
                kind=FailureKind.IO,
                mechanism_errno=errno.EIO,
                role=FailureRole.PRIMARY,
            ),
        )
    
>       with pytest.raises(ValueError, match="start|spawn|completion|pending|post"):
             ^^^^^^^^^^^^^^^^^^^^^^^^^^^^^^^^^^^^^^^^^^^^^^^^^^^^^^^^^^^^^^^^^^^^^^
E       Failed: DID NOT RAISE ValueError

tests/unit/kernel/test_process_receipt_v3_deadline_hostile.py:1951: Failed
_____ test_d04_failed_spawn_completion_at_deadline_latches_without_a_child _____

    def test_d04_failed_spawn_completion_at_deadline_latches_without_a_child() -> None:
        subject = _subject()
        invocation = _invocation(subject)
        binding = _binding(invocation)
        events = _append((), binding)
        events = _append(
            events,
            OperationAttempt.failed(
                ProcessStage.PROCESS_START,
                ProcessTarget.PROCESS,
                kind=FailureKind.IO,
                mechanism_errno=errno.EIO,
                role=FailureRole.PRIMARY,
            ),
        )
        completion = _start_completion(
            events,
            invocation,
            binding,
            None,
            REQUESTED_DEADLINE_NS,
        )
        events = _append(events, completion)
        state = _reduce_strict(subject, invocation, events)
    
        assert state.process_state is process_receipt.ProcessState.NOT_STARTED
        assert state.child_pid is None and state.process_group_id is None
        assert state.main_work.git_process_starts == 0
        assert state.first_primary is not None
        assert state.first_primary.kind is FailureKind.IO
>       assert any(
            occurrence.kind is FailureKind.TIMEOUT
            for occurrence in state.failure_occurrences
        )
E       assert False
E        +  where False = any(<generator object test_d04_failed_spawn_completion_at_deadline_latches_without_a_child.<locals>.<genexpr> at 0x10bf58ba0>)

tests/unit/kernel/test_process_receipt_v3_deadline_hostile.py:1985: AssertionError
______ test_d04_start_completion_observation_cannot_regress_before_start _______

    def test_d04_start_completion_observation_cannot_regress_before_start() -> None:
        subject = _subject()
        invocation = _invocation(subject)
        binding = _binding(invocation)
        events = _append((), binding)
        events = _append(
            events,
            OperationAttempt.failed(
                ProcessStage.PROCESS_START,
                ProcessTarget.PROCESS,
                kind=FailureKind.IO,
                mechanism_errno=errno.EIO,
                role=FailureRole.PRIMARY,
            ),
        )
        regressed = _start_completion(
            events,
            invocation,
            binding,
            None,
            START_NS - 1,
        )
        candidate = _append(events, regressed)
    
>       with pytest.raises(
            ValueError, match="start|completion|monotonic|regress|chronology"
        ):
E       Failed: DID NOT RAISE ValueError

tests/unit/kernel/test_process_receipt_v3_deadline_hostile.py:2016: Failed
_ test_d04_start_completion_chain_coordinates_are_rederived[completion_event_index] _

coordinate = 'completion_event_index'

    @pytest.mark.parametrize(
        "coordinate",
        ("completion_event_index", "completion_previous_event_hash"),
    )
    def test_d04_start_completion_chain_coordinates_are_rederived(
        coordinate: str,
    ) -> None:
        subject = _subject()
        invocation = _invocation(subject)
>       binding, child, events = _started(subject, invocation)
                                 ^^^^^^^^^^^^^^^^^^^^^^^^^^^^^

tests/unit/kernel/test_process_receipt_v3_deadline_hostile.py:2031: 
_ _ _ _ _ _ _ _ _ _ _ _ _ _ _ _ _ _ _ _ _ _ _ _ _ _ _ _ _ _ _ _ _ _ _ _ _ _ _ _ 
tests/unit/kernel/test_process_receipt_v3_deadline_hostile.py:989: in _started
    child = _child(binding, invocation)
            ^^^^^^^^^^^^^^^^^^^^^^^^^^^
_ _ _ _ _ _ _ _ _ _ _ _ _ _ _ _ _ _ _ _ _ _ _ _ _ _ _ _ _ _ _ _ _ _ _ _ _ _ _ _ 

binding = DeadlineBinding(invocation_occurrence_id='226930a19f0c89cea9b1770214bbe7fd3052740f79e6c7376386e0a0e50a07a5', started_m...b5771289e040379e3dafadcd2fa', deadline_binding_hash='22152e09026c34e9682f529b0b85cc905b96b30320705ea7dd9a7699c41b55eb')
invocation = MaterializedInvocation(command_subject_hash='1d31b64b78656c7851c9ffd9a20ca9b6e7633ad811c25109be9a9c0c10379ff6', host_n...cc21c3cb7ab5fe24fa4f', select_timeout_contract_hash='579bf368ae4a8059e8464175e08bac9ccf19cbe6db9dc96018f90e79a3cbda00')
pid = 501

    def _child(
        binding: object, invocation: MaterializedInvocation, pid: int = 501
    ) -> ChildIdentityBound:
        required = {
            "invocation_occurrence_id",
            "deadline_binding_hash",
            "child_occurrence_id",
        }
        fields = ChildIdentityBound.__dataclass_fields__
>       assert required <= set(fields), (
            "ChildIdentityBound must derive an exact child occurrence from invocation "
            "and deadline binding"
        )
E       AssertionError: ChildIdentityBound must derive an exact child occurrence from invocation and deadline binding
E       assert {'child_occur...ccurrence_id'} <= {'child_pid',...ess_group_id'}
E         
E         Extra items in the left set:
E         'child_occurrence_id'
E         'invocation_occurrence_id'
E         'deadline_binding_hash'

tests/unit/kernel/test_process_receipt_v3_deadline_hostile.py:663: AssertionError
_ test_d04_start_completion_chain_coordinates_are_rederived[completion_previous_event_hash] _

coordinate = 'completion_previous_event_hash'

    @pytest.mark.parametrize(
        "coordinate",
        ("completion_event_index", "completion_previous_event_hash"),
    )
    def test_d04_start_completion_chain_coordinates_are_rederived(
        coordinate: str,
    ) -> None:
        subject = _subject()
        invocation = _invocation(subject)
>       binding, child, events = _started(subject, invocation)
                                 ^^^^^^^^^^^^^^^^^^^^^^^^^^^^^

tests/unit/kernel/test_process_receipt_v3_deadline_hostile.py:2031: 
_ _ _ _ _ _ _ _ _ _ _ _ _ _ _ _ _ _ _ _ _ _ _ _ _ _ _ _ _ _ _ _ _ _ _ _ _ _ _ _ 
tests/unit/kernel/test_process_receipt_v3_deadline_hostile.py:989: in _started
    child = _child(binding, invocation)
            ^^^^^^^^^^^^^^^^^^^^^^^^^^^
_ _ _ _ _ _ _ _ _ _ _ _ _ _ _ _ _ _ _ _ _ _ _ _ _ _ _ _ _ _ _ _ _ _ _ _ _ _ _ _ 

binding = DeadlineBinding(invocation_occurrence_id='226930a19f0c89cea9b1770214bbe7fd3052740f79e6c7376386e0a0e50a07a5', started_m...b5771289e040379e3dafadcd2fa', deadline_binding_hash='22152e09026c34e9682f529b0b85cc905b96b30320705ea7dd9a7699c41b55eb')
invocation = MaterializedInvocation(command_subject_hash='1d31b64b78656c7851c9ffd9a20ca9b6e7633ad811c25109be9a9c0c10379ff6', host_n...cc21c3cb7ab5fe24fa4f', select_timeout_contract_hash='579bf368ae4a8059e8464175e08bac9ccf19cbe6db9dc96018f90e79a3cbda00')
pid = 501

    def _child(
        binding: object, invocation: MaterializedInvocation, pid: int = 501
    ) -> ChildIdentityBound:
        required = {
            "invocation_occurrence_id",
            "deadline_binding_hash",
            "child_occurrence_id",
        }
        fields = ChildIdentityBound.__dataclass_fields__
>       assert required <= set(fields), (
            "ChildIdentityBound must derive an exact child occurrence from invocation "
            "and deadline binding"
        )
E       AssertionError: ChildIdentityBound must derive an exact child occurrence from invocation and deadline binding
E       assert {'child_occur...ccurrence_id'} <= {'child_pid',...ess_group_id'}
E         
E         Extra items in the left set:
E         'child_occurrence_id'
E         'invocation_occurrence_id'
E         'deadline_binding_hash'

tests/unit/kernel/test_process_receipt_v3_deadline_hostile.py:663: AssertionError
_ test_d04_start_completion_provenance_is_rederived[invocation_occurrence_id] __

coordinate = 'invocation_occurrence_id'

    @pytest.mark.parametrize(
        "coordinate",
        (
            "invocation_occurrence_id",
            "deadline_binding_hash",
            "clock_domain_occurrence_id",
        ),
    )
    def test_d04_start_completion_provenance_is_rederived(coordinate: str) -> None:
        subject = _subject()
        invocation = _invocation(subject)
>       _binding_value, _child_value, events = _started(subject, invocation)
                                               ^^^^^^^^^^^^^^^^^^^^^^^^^^^^^

tests/unit/kernel/test_process_receipt_v3_deadline_hostile.py:2059: 
_ _ _ _ _ _ _ _ _ _ _ _ _ _ _ _ _ _ _ _ _ _ _ _ _ _ _ _ _ _ _ _ _ _ _ _ _ _ _ _ 
tests/unit/kernel/test_process_receipt_v3_deadline_hostile.py:989: in _started
    child = _child(binding, invocation)
            ^^^^^^^^^^^^^^^^^^^^^^^^^^^
_ _ _ _ _ _ _ _ _ _ _ _ _ _ _ _ _ _ _ _ _ _ _ _ _ _ _ _ _ _ _ _ _ _ _ _ _ _ _ _ 

binding = DeadlineBinding(invocation_occurrence_id='226930a19f0c89cea9b1770214bbe7fd3052740f79e6c7376386e0a0e50a07a5', started_m...b5771289e040379e3dafadcd2fa', deadline_binding_hash='22152e09026c34e9682f529b0b85cc905b96b30320705ea7dd9a7699c41b55eb')
invocation = MaterializedInvocation(command_subject_hash='1d31b64b78656c7851c9ffd9a20ca9b6e7633ad811c25109be9a9c0c10379ff6', host_n...cc21c3cb7ab5fe24fa4f', select_timeout_contract_hash='579bf368ae4a8059e8464175e08bac9ccf19cbe6db9dc96018f90e79a3cbda00')
pid = 501

    def _child(
        binding: object, invocation: MaterializedInvocation, pid: int = 501
    ) -> ChildIdentityBound:
        required = {
            "invocation_occurrence_id",
            "deadline_binding_hash",
            "child_occurrence_id",
        }
        fields = ChildIdentityBound.__dataclass_fields__
>       assert required <= set(fields), (
            "ChildIdentityBound must derive an exact child occurrence from invocation "
            "and deadline binding"
        )
E       AssertionError: ChildIdentityBound must derive an exact child occurrence from invocation and deadline binding
E       assert {'child_occur...ccurrence_id'} <= {'child_pid',...ess_group_id'}
E         
E         Extra items in the left set:
E         'child_occurrence_id'
E         'invocation_occurrence_id'
E         'deadline_binding_hash'

tests/unit/kernel/test_process_receipt_v3_deadline_hostile.py:663: AssertionError
___ test_d04_start_completion_provenance_is_rederived[deadline_binding_hash] ___

coordinate = 'deadline_binding_hash'

    @pytest.mark.parametrize(
        "coordinate",
        (
            "invocation_occurrence_id",
            "deadline_binding_hash",
            "clock_domain_occurrence_id",
        ),
    )
    def test_d04_start_completion_provenance_is_rederived(coordinate: str) -> None:
        subject = _subject()
        invocation = _invocation(subject)
>       _binding_value, _child_value, events = _started(subject, invocation)
                                               ^^^^^^^^^^^^^^^^^^^^^^^^^^^^^

tests/unit/kernel/test_process_receipt_v3_deadline_hostile.py:2059: 
_ _ _ _ _ _ _ _ _ _ _ _ _ _ _ _ _ _ _ _ _ _ _ _ _ _ _ _ _ _ _ _ _ _ _ _ _ _ _ _ 
tests/unit/kernel/test_process_receipt_v3_deadline_hostile.py:989: in _started
    child = _child(binding, invocation)
            ^^^^^^^^^^^^^^^^^^^^^^^^^^^
_ _ _ _ _ _ _ _ _ _ _ _ _ _ _ _ _ _ _ _ _ _ _ _ _ _ _ _ _ _ _ _ _ _ _ _ _ _ _ _ 

binding = DeadlineBinding(invocation_occurrence_id='226930a19f0c89cea9b1770214bbe7fd3052740f79e6c7376386e0a0e50a07a5', started_m...b5771289e040379e3dafadcd2fa', deadline_binding_hash='22152e09026c34e9682f529b0b85cc905b96b30320705ea7dd9a7699c41b55eb')
invocation = MaterializedInvocation(command_subject_hash='1d31b64b78656c7851c9ffd9a20ca9b6e7633ad811c25109be9a9c0c10379ff6', host_n...cc21c3cb7ab5fe24fa4f', select_timeout_contract_hash='579bf368ae4a8059e8464175e08bac9ccf19cbe6db9dc96018f90e79a3cbda00')
pid = 501

    def _child(
        binding: object, invocation: MaterializedInvocation, pid: int = 501
    ) -> ChildIdentityBound:
        required = {
            "invocation_occurrence_id",
            "deadline_binding_hash",
            "child_occurrence_id",
        }
        fields = ChildIdentityBound.__dataclass_fields__
>       assert required <= set(fields), (
            "ChildIdentityBound must derive an exact child occurrence from invocation "
            "and deadline binding"
        )
E       AssertionError: ChildIdentityBound must derive an exact child occurrence from invocation and deadline binding
E       assert {'child_occur...ccurrence_id'} <= {'child_pid',...ess_group_id'}
E         
E         Extra items in the left set:
E         'child_occurrence_id'
E         'invocation_occurrence_id'
E         'deadline_binding_hash'

tests/unit/kernel/test_process_receipt_v3_deadline_hostile.py:663: AssertionError
_ test_d04_start_completion_provenance_is_rederived[clock_domain_occurrence_id] _

coordinate = 'clock_domain_occurrence_id'

    @pytest.mark.parametrize(
        "coordinate",
        (
            "invocation_occurrence_id",
            "deadline_binding_hash",
            "clock_domain_occurrence_id",
        ),
    )
    def test_d04_start_completion_provenance_is_rederived(coordinate: str) -> None:
        subject = _subject()
        invocation = _invocation(subject)
>       _binding_value, _child_value, events = _started(subject, invocation)
                                               ^^^^^^^^^^^^^^^^^^^^^^^^^^^^^

tests/unit/kernel/test_process_receipt_v3_deadline_hostile.py:2059: 
_ _ _ _ _ _ _ _ _ _ _ _ _ _ _ _ _ _ _ _ _ _ _ _ _ _ _ _ _ _ _ _ _ _ _ _ _ _ _ _ 
tests/unit/kernel/test_process_receipt_v3_deadline_hostile.py:989: in _started
    child = _child(binding, invocation)
            ^^^^^^^^^^^^^^^^^^^^^^^^^^^
_ _ _ _ _ _ _ _ _ _ _ _ _ _ _ _ _ _ _ _ _ _ _ _ _ _ _ _ _ _ _ _ _ _ _ _ _ _ _ _ 

binding = DeadlineBinding(invocation_occurrence_id='226930a19f0c89cea9b1770214bbe7fd3052740f79e6c7376386e0a0e50a07a5', started_m...b5771289e040379e3dafadcd2fa', deadline_binding_hash='22152e09026c34e9682f529b0b85cc905b96b30320705ea7dd9a7699c41b55eb')
invocation = MaterializedInvocation(command_subject_hash='1d31b64b78656c7851c9ffd9a20ca9b6e7633ad811c25109be9a9c0c10379ff6', host_n...cc21c3cb7ab5fe24fa4f', select_timeout_contract_hash='579bf368ae4a8059e8464175e08bac9ccf19cbe6db9dc96018f90e79a3cbda00')
pid = 501

    def _child(
        binding: object, invocation: MaterializedInvocation, pid: int = 501
    ) -> ChildIdentityBound:
        required = {
            "invocation_occurrence_id",
            "deadline_binding_hash",
            "child_occurrence_id",
        }
        fields = ChildIdentityBound.__dataclass_fields__
>       assert required <= set(fields), (
            "ChildIdentityBound must derive an exact child occurrence from invocation "
            "and deadline binding"
        )
E       AssertionError: ChildIdentityBound must derive an exact child occurrence from invocation and deadline binding
E       assert {'child_occur...ccurrence_id'} <= {'child_pid',...ess_group_id'}
E         
E         Extra items in the left set:
E         'child_occurrence_id'
E         'invocation_occurrence_id'
E         'deadline_binding_hash'

tests/unit/kernel/test_process_receipt_v3_deadline_hostile.py:663: AssertionError
__________ test_d04_successful_spawn_completion_cannot_omit_the_child __________

    def test_d04_successful_spawn_completion_cannot_omit_the_child() -> None:
        subject = _subject()
        invocation = _invocation(subject)
        binding = _binding(invocation)
        events = _append((), binding)
        events = _append(
            events,
            OperationAttempt.succeeded(
                ProcessStage.PROCESS_START,
                ProcessTarget.PROCESS,
            ),
        )
        completion = _start_completion(events, invocation, binding, None, START_NS)
        candidate = _append(events, completion)
>       with pytest.raises(ValueError, match="start|success|child|completion"):
             ^^^^^^^^^^^^^^^^^^^^^^^^^^^^^^^^^^^^^^^^^^^^^^^^^^^^^^^^^^^^^^^^^
E       Failed: DID NOT RAISE ValueError

tests/unit/kernel/test_process_receipt_v3_deadline_hostile.py:2086: Failed
_________ test_d04_failed_spawn_cannot_forge_a_child_before_completion _________

    def test_d04_failed_spawn_cannot_forge_a_child_before_completion() -> None:
        subject = _subject()
        invocation = _invocation(subject)
        binding = _binding(invocation)
        events = _append((), binding)
        events = _append(
            events,
            OperationAttempt.failed(
                ProcessStage.PROCESS_START,
                ProcessTarget.PROCESS,
                kind=FailureKind.IO,
                mechanism_errno=errno.EIO,
                role=FailureRole.PRIMARY,
            ),
        )
>       child = _child(binding, invocation)
                ^^^^^^^^^^^^^^^^^^^^^^^^^^^

tests/unit/kernel/test_process_receipt_v3_deadline_hostile.py:2105: 
_ _ _ _ _ _ _ _ _ _ _ _ _ _ _ _ _ _ _ _ _ _ _ _ _ _ _ _ _ _ _ _ _ _ _ _ _ _ _ _ 

binding = DeadlineBinding(invocation_occurrence_id='226930a19f0c89cea9b1770214bbe7fd3052740f79e6c7376386e0a0e50a07a5', started_m...b5771289e040379e3dafadcd2fa', deadline_binding_hash='22152e09026c34e9682f529b0b85cc905b96b30320705ea7dd9a7699c41b55eb')
invocation = MaterializedInvocation(command_subject_hash='1d31b64b78656c7851c9ffd9a20ca9b6e7633ad811c25109be9a9c0c10379ff6', host_n...cc21c3cb7ab5fe24fa4f', select_timeout_contract_hash='579bf368ae4a8059e8464175e08bac9ccf19cbe6db9dc96018f90e79a3cbda00')
pid = 501

    def _child(
        binding: object, invocation: MaterializedInvocation, pid: int = 501
    ) -> ChildIdentityBound:
        required = {
            "invocation_occurrence_id",
            "deadline_binding_hash",
            "child_occurrence_id",
        }
        fields = ChildIdentityBound.__dataclass_fields__
>       assert required <= set(fields), (
            "ChildIdentityBound must derive an exact child occurrence from invocation "
            "and deadline binding"
        )
E       AssertionError: ChildIdentityBound must derive an exact child occurrence from invocation and deadline binding
E       assert {'child_occur...ccurrence_id'} <= {'child_pid',...ess_group_id'}
E         
E         Extra items in the left set:
E         'child_occurrence_id'
E         'invocation_occurrence_id'
E         'deadline_binding_hash'

tests/unit/kernel/test_process_receipt_v3_deadline_hostile.py:663: AssertionError
___ test_d04_spawn_completion_at_deadline_retains_child_and_latches_timeout ____

    def test_d04_spawn_completion_at_deadline_retains_child_and_latches_timeout() -> None:
        subject = _subject()
        invocation = _invocation(subject)
>       binding, child, events = _started(
            subject,
            invocation,
            completion_ns=REQUESTED_DEADLINE_NS,
        )

tests/unit/kernel/test_process_receipt_v3_deadline_hostile.py:2116: 
_ _ _ _ _ _ _ _ _ _ _ _ _ _ _ _ _ _ _ _ _ _ _ _ _ _ _ _ _ _ _ _ _ _ _ _ _ _ _ _ 
tests/unit/kernel/test_process_receipt_v3_deadline_hostile.py:989: in _started
    child = _child(binding, invocation)
            ^^^^^^^^^^^^^^^^^^^^^^^^^^^
_ _ _ _ _ _ _ _ _ _ _ _ _ _ _ _ _ _ _ _ _ _ _ _ _ _ _ _ _ _ _ _ _ _ _ _ _ _ _ _ 

binding = DeadlineBinding(invocation_occurrence_id='226930a19f0c89cea9b1770214bbe7fd3052740f79e6c7376386e0a0e50a07a5', started_m...b5771289e040379e3dafadcd2fa', deadline_binding_hash='22152e09026c34e9682f529b0b85cc905b96b30320705ea7dd9a7699c41b55eb')
invocation = MaterializedInvocation(command_subject_hash='1d31b64b78656c7851c9ffd9a20ca9b6e7633ad811c25109be9a9c0c10379ff6', host_n...cc21c3cb7ab5fe24fa4f', select_timeout_contract_hash='579bf368ae4a8059e8464175e08bac9ccf19cbe6db9dc96018f90e79a3cbda00')
pid = 501

    def _child(
        binding: object, invocation: MaterializedInvocation, pid: int = 501
    ) -> ChildIdentityBound:
        required = {
            "invocation_occurrence_id",
            "deadline_binding_hash",
            "child_occurrence_id",
        }
        fields = ChildIdentityBound.__dataclass_fields__
>       assert required <= set(fields), (
            "ChildIdentityBound must derive an exact child occurrence from invocation "
            "and deadline binding"
        )
E       AssertionError: ChildIdentityBound must derive an exact child occurrence from invocation and deadline binding
E       assert {'child_occur...ccurrence_id'} <= {'child_pid',...ess_group_id'}
E         
E         Extra items in the left set:
E         'child_occurrence_id'
E         'invocation_occurrence_id'
E         'deadline_binding_hash'

tests/unit/kernel/test_process_receipt_v3_deadline_hostile.py:663: AssertionError
______ test_d04_late_spawn_still_allows_independent_finalize_wait_reserve ______

    def test_d04_late_spawn_still_allows_independent_finalize_wait_reserve() -> None:
        subject = _subject()
        invocation = _invocation(subject)
>       _binding_value, child, events = _started(
            subject,
            invocation,
            completion_ns=REQUESTED_DEADLINE_NS,
        )

tests/unit/kernel/test_process_receipt_v3_deadline_hostile.py:2146: 
_ _ _ _ _ _ _ _ _ _ _ _ _ _ _ _ _ _ _ _ _ _ _ _ _ _ _ _ _ _ _ _ _ _ _ _ _ _ _ _ 
tests/unit/kernel/test_process_receipt_v3_deadline_hostile.py:989: in _started
    child = _child(binding, invocation)
            ^^^^^^^^^^^^^^^^^^^^^^^^^^^
_ _ _ _ _ _ _ _ _ _ _ _ _ _ _ _ _ _ _ _ _ _ _ _ _ _ _ _ _ _ _ _ _ _ _ _ _ _ _ _ 

binding = DeadlineBinding(invocation_occurrence_id='226930a19f0c89cea9b1770214bbe7fd3052740f79e6c7376386e0a0e50a07a5', started_m...b5771289e040379e3dafadcd2fa', deadline_binding_hash='22152e09026c34e9682f529b0b85cc905b96b30320705ea7dd9a7699c41b55eb')
invocation = MaterializedInvocation(command_subject_hash='1d31b64b78656c7851c9ffd9a20ca9b6e7633ad811c25109be9a9c0c10379ff6', host_n...cc21c3cb7ab5fe24fa4f', select_timeout_contract_hash='579bf368ae4a8059e8464175e08bac9ccf19cbe6db9dc96018f90e79a3cbda00')
pid = 501

    def _child(
        binding: object, invocation: MaterializedInvocation, pid: int = 501
    ) -> ChildIdentityBound:
        required = {
            "invocation_occurrence_id",
            "deadline_binding_hash",
            "child_occurrence_id",
        }
        fields = ChildIdentityBound.__dataclass_fields__
>       assert required <= set(fields), (
            "ChildIdentityBound must derive an exact child occurrence from invocation "
            "and deadline binding"
        )
E       AssertionError: ChildIdentityBound must derive an exact child occurrence from invocation and deadline binding
E       assert {'child_occur...ccurrence_id'} <= {'child_pid',...ess_group_id'}
E         
E         Extra items in the left set:
E         'child_occurrence_id'
E         'invocation_occurrence_id'
E         'deadline_binding_hash'

tests/unit/kernel/test_process_receipt_v3_deadline_hostile.py:663: AssertionError
_____________ test_d05_selector_create_requires_an_admission_event _____________

    def test_d05_selector_create_requires_an_admission_event() -> None:
        subject = _subject()
        invocation = _invocation(subject)
>       binding, child, events = _started(subject, invocation)
                                 ^^^^^^^^^^^^^^^^^^^^^^^^^^^^^

tests/unit/kernel/test_process_receipt_v3_deadline_hostile.py:2182: 
_ _ _ _ _ _ _ _ _ _ _ _ _ _ _ _ _ _ _ _ _ _ _ _ _ _ _ _ _ _ _ _ _ _ _ _ _ _ _ _ 
tests/unit/kernel/test_process_receipt_v3_deadline_hostile.py:989: in _started
    child = _child(binding, invocation)
            ^^^^^^^^^^^^^^^^^^^^^^^^^^^
_ _ _ _ _ _ _ _ _ _ _ _ _ _ _ _ _ _ _ _ _ _ _ _ _ _ _ _ _ _ _ _ _ _ _ _ _ _ _ _ 

binding = DeadlineBinding(invocation_occurrence_id='226930a19f0c89cea9b1770214bbe7fd3052740f79e6c7376386e0a0e50a07a5', started_m...b5771289e040379e3dafadcd2fa', deadline_binding_hash='22152e09026c34e9682f529b0b85cc905b96b30320705ea7dd9a7699c41b55eb')
invocation = MaterializedInvocation(command_subject_hash='1d31b64b78656c7851c9ffd9a20ca9b6e7633ad811c25109be9a9c0c10379ff6', host_n...cc21c3cb7ab5fe24fa4f', select_timeout_contract_hash='579bf368ae4a8059e8464175e08bac9ccf19cbe6db9dc96018f90e79a3cbda00')
pid = 501

    def _child(
        binding: object, invocation: MaterializedInvocation, pid: int = 501
    ) -> ChildIdentityBound:
        required = {
            "invocation_occurrence_id",
            "deadline_binding_hash",
            "child_occurrence_id",
        }
        fields = ChildIdentityBound.__dataclass_fields__
>       assert required <= set(fields), (
            "ChildIdentityBound must derive an exact child occurrence from invocation "
            "and deadline binding"
        )
E       AssertionError: ChildIdentityBound must derive an exact child occurrence from invocation and deadline binding
E       assert {'child_occur...ccurrence_id'} <= {'child_pid',...ess_group_id'}
E         
E         Extra items in the left set:
E         'child_occurrence_id'
E         'invocation_occurrence_id'
E         'deadline_binding_hash'

tests/unit/kernel/test_process_receipt_v3_deadline_hostile.py:663: AssertionError
__________________ test_d05_read_requires_an_admission_event ___________________

    def test_d05_read_requires_an_admission_event() -> None:
        subject = _subject()
        invocation = _invocation(subject)
>       binding, child, events = _status_ready_prefix(subject, invocation)
                                 ^^^^^^^^^^^^^^^^^^^^^^^^^^^^^^^^^^^^^^^^^

tests/unit/kernel/test_process_receipt_v3_deadline_hostile.py:2215: 
_ _ _ _ _ _ _ _ _ _ _ _ _ _ _ _ _ _ _ _ _ _ _ _ _ _ _ _ _ _ _ _ _ _ _ _ _ _ _ _ 
tests/unit/kernel/test_process_receipt_v3_deadline_hostile.py:1088: in _status_ready_prefix
    binding, child, events = _status_registered_prefix(subject, invocation)
                             ^^^^^^^^^^^^^^^^^^^^^^^^^^^^^^^^^^^^^^^^^^^^^^
tests/unit/kernel/test_process_receipt_v3_deadline_hostile.py:1048: in _status_registered_prefix
    binding, child, events = _started(subject, invocation)
                             ^^^^^^^^^^^^^^^^^^^^^^^^^^^^^
tests/unit/kernel/test_process_receipt_v3_deadline_hostile.py:989: in _started
    child = _child(binding, invocation)
            ^^^^^^^^^^^^^^^^^^^^^^^^^^^
_ _ _ _ _ _ _ _ _ _ _ _ _ _ _ _ _ _ _ _ _ _ _ _ _ _ _ _ _ _ _ _ _ _ _ _ _ _ _ _ 

binding = DeadlineBinding(invocation_occurrence_id='226930a19f0c89cea9b1770214bbe7fd3052740f79e6c7376386e0a0e50a07a5', started_m...b5771289e040379e3dafadcd2fa', deadline_binding_hash='22152e09026c34e9682f529b0b85cc905b96b30320705ea7dd9a7699c41b55eb')
invocation = MaterializedInvocation(command_subject_hash='1d31b64b78656c7851c9ffd9a20ca9b6e7633ad811c25109be9a9c0c10379ff6', host_n...cc21c3cb7ab5fe24fa4f', select_timeout_contract_hash='579bf368ae4a8059e8464175e08bac9ccf19cbe6db9dc96018f90e79a3cbda00')
pid = 501

    def _child(
        binding: object, invocation: MaterializedInvocation, pid: int = 501
    ) -> ChildIdentityBound:
        required = {
            "invocation_occurrence_id",
            "deadline_binding_hash",
            "child_occurrence_id",
        }
        fields = ChildIdentityBound.__dataclass_fields__
>       assert required <= set(fields), (
            "ChildIdentityBound must derive an exact child occurrence from invocation "
            "and deadline binding"
        )
E       AssertionError: ChildIdentityBound must derive an exact child occurrence from invocation and deadline binding
E       assert {'child_occur...ccurrence_id'} <= {'child_pid',...ess_group_id'}
E         
E         Extra items in the left set:
E         'child_occurrence_id'
E         'invocation_occurrence_id'
E         'deadline_binding_hash'

tests/unit/kernel/test_process_receipt_v3_deadline_hostile.py:663: AssertionError
_________ test_d05_admission_must_be_the_immediate_attempt_predecessor _________

    def test_d05_admission_must_be_the_immediate_attempt_predecessor() -> None:
        subject = _subject()
        invocation = _invocation(subject)
>       binding, child, events = _started(subject, invocation)
                                 ^^^^^^^^^^^^^^^^^^^^^^^^^^^^^

tests/unit/kernel/test_process_receipt_v3_deadline_hostile.py:2252: 
_ _ _ _ _ _ _ _ _ _ _ _ _ _ _ _ _ _ _ _ _ _ _ _ _ _ _ _ _ _ _ _ _ _ _ _ _ _ _ _ 
tests/unit/kernel/test_process_receipt_v3_deadline_hostile.py:989: in _started
    child = _child(binding, invocation)
            ^^^^^^^^^^^^^^^^^^^^^^^^^^^
_ _ _ _ _ _ _ _ _ _ _ _ _ _ _ _ _ _ _ _ _ _ _ _ _ _ _ _ _ _ _ _ _ _ _ _ _ _ _ _ 

binding = DeadlineBinding(invocation_occurrence_id='226930a19f0c89cea9b1770214bbe7fd3052740f79e6c7376386e0a0e50a07a5', started_m...b5771289e040379e3dafadcd2fa', deadline_binding_hash='22152e09026c34e9682f529b0b85cc905b96b30320705ea7dd9a7699c41b55eb')
invocation = MaterializedInvocation(command_subject_hash='1d31b64b78656c7851c9ffd9a20ca9b6e7633ad811c25109be9a9c0c10379ff6', host_n...cc21c3cb7ab5fe24fa4f', select_timeout_contract_hash='579bf368ae4a8059e8464175e08bac9ccf19cbe6db9dc96018f90e79a3cbda00')
pid = 501

    def _child(
        binding: object, invocation: MaterializedInvocation, pid: int = 501
    ) -> ChildIdentityBound:
        required = {
            "invocation_occurrence_id",
            "deadline_binding_hash",
            "child_occurrence_id",
        }
        fields = ChildIdentityBound.__dataclass_fields__
>       assert required <= set(fields), (
            "ChildIdentityBound must derive an exact child occurrence from invocation "
            "and deadline binding"
        )
E       AssertionError: ChildIdentityBound must derive an exact child occurrence from invocation and deadline binding
E       assert {'child_occur...ccurrence_id'} <= {'child_pid',...ess_group_id'}
E         
E         Extra items in the left set:
E         'child_occurrence_id'
E         'invocation_occurrence_id'
E         'deadline_binding_hash'

tests/unit/kernel/test_process_receipt_v3_deadline_hostile.py:663: AssertionError
____________ test_d05_select_outcome_cannot_omit_completion[ready] _____________

outcome = 'ready'

    @pytest.mark.parametrize("outcome", ("ready", "empty", "failed"))
    def test_d05_select_outcome_cannot_omit_completion(outcome: str) -> None:
        subject = _subject()
        invocation = _invocation(subject)
>       binding, child, events = _status_registered_prefix(subject, invocation)
                                 ^^^^^^^^^^^^^^^^^^^^^^^^^^^^^^^^^^^^^^^^^^^^^^

tests/unit/kernel/test_process_receipt_v3_deadline_hostile.py:2284: 
_ _ _ _ _ _ _ _ _ _ _ _ _ _ _ _ _ _ _ _ _ _ _ _ _ _ _ _ _ _ _ _ _ _ _ _ _ _ _ _ 
tests/unit/kernel/test_process_receipt_v3_deadline_hostile.py:1048: in _status_registered_prefix
    binding, child, events = _started(subject, invocation)
                             ^^^^^^^^^^^^^^^^^^^^^^^^^^^^^
tests/unit/kernel/test_process_receipt_v3_deadline_hostile.py:989: in _started
    child = _child(binding, invocation)
            ^^^^^^^^^^^^^^^^^^^^^^^^^^^
_ _ _ _ _ _ _ _ _ _ _ _ _ _ _ _ _ _ _ _ _ _ _ _ _ _ _ _ _ _ _ _ _ _ _ _ _ _ _ _ 

binding = DeadlineBinding(invocation_occurrence_id='226930a19f0c89cea9b1770214bbe7fd3052740f79e6c7376386e0a0e50a07a5', started_m...b5771289e040379e3dafadcd2fa', deadline_binding_hash='22152e09026c34e9682f529b0b85cc905b96b30320705ea7dd9a7699c41b55eb')
invocation = MaterializedInvocation(command_subject_hash='1d31b64b78656c7851c9ffd9a20ca9b6e7633ad811c25109be9a9c0c10379ff6', host_n...cc21c3cb7ab5fe24fa4f', select_timeout_contract_hash='579bf368ae4a8059e8464175e08bac9ccf19cbe6db9dc96018f90e79a3cbda00')
pid = 501

    def _child(
        binding: object, invocation: MaterializedInvocation, pid: int = 501
    ) -> ChildIdentityBound:
        required = {
            "invocation_occurrence_id",
            "deadline_binding_hash",
            "child_occurrence_id",
        }
        fields = ChildIdentityBound.__dataclass_fields__
>       assert required <= set(fields), (
            "ChildIdentityBound must derive an exact child occurrence from invocation "
            "and deadline binding"
        )
E       AssertionError: ChildIdentityBound must derive an exact child occurrence from invocation and deadline binding
E       assert {'child_occur...ccurrence_id'} <= {'child_pid',...ess_group_id'}
E         
E         Extra items in the left set:
E         'child_occurrence_id'
E         'invocation_occurrence_id'
E         'deadline_binding_hash'

tests/unit/kernel/test_process_receipt_v3_deadline_hostile.py:663: AssertionError
____________ test_d05_select_outcome_cannot_omit_completion[empty] _____________

outcome = 'empty'

    @pytest.mark.parametrize("outcome", ("ready", "empty", "failed"))
    def test_d05_select_outcome_cannot_omit_completion(outcome: str) -> None:
        subject = _subject()
        invocation = _invocation(subject)
>       binding, child, events = _status_registered_prefix(subject, invocation)
                                 ^^^^^^^^^^^^^^^^^^^^^^^^^^^^^^^^^^^^^^^^^^^^^^

tests/unit/kernel/test_process_receipt_v3_deadline_hostile.py:2284: 
_ _ _ _ _ _ _ _ _ _ _ _ _ _ _ _ _ _ _ _ _ _ _ _ _ _ _ _ _ _ _ _ _ _ _ _ _ _ _ _ 
tests/unit/kernel/test_process_receipt_v3_deadline_hostile.py:1048: in _status_registered_prefix
    binding, child, events = _started(subject, invocation)
                             ^^^^^^^^^^^^^^^^^^^^^^^^^^^^^
tests/unit/kernel/test_process_receipt_v3_deadline_hostile.py:989: in _started
    child = _child(binding, invocation)
            ^^^^^^^^^^^^^^^^^^^^^^^^^^^
_ _ _ _ _ _ _ _ _ _ _ _ _ _ _ _ _ _ _ _ _ _ _ _ _ _ _ _ _ _ _ _ _ _ _ _ _ _ _ _ 

binding = DeadlineBinding(invocation_occurrence_id='226930a19f0c89cea9b1770214bbe7fd3052740f79e6c7376386e0a0e50a07a5', started_m...b5771289e040379e3dafadcd2fa', deadline_binding_hash='22152e09026c34e9682f529b0b85cc905b96b30320705ea7dd9a7699c41b55eb')
invocation = MaterializedInvocation(command_subject_hash='1d31b64b78656c7851c9ffd9a20ca9b6e7633ad811c25109be9a9c0c10379ff6', host_n...cc21c3cb7ab5fe24fa4f', select_timeout_contract_hash='579bf368ae4a8059e8464175e08bac9ccf19cbe6db9dc96018f90e79a3cbda00')
pid = 501

    def _child(
        binding: object, invocation: MaterializedInvocation, pid: int = 501
    ) -> ChildIdentityBound:
        required = {
            "invocation_occurrence_id",
            "deadline_binding_hash",
            "child_occurrence_id",
        }
        fields = ChildIdentityBound.__dataclass_fields__
>       assert required <= set(fields), (
            "ChildIdentityBound must derive an exact child occurrence from invocation "
            "and deadline binding"
        )
E       AssertionError: ChildIdentityBound must derive an exact child occurrence from invocation and deadline binding
E       assert {'child_occur...ccurrence_id'} <= {'child_pid',...ess_group_id'}
E         
E         Extra items in the left set:
E         'child_occurrence_id'
E         'invocation_occurrence_id'
E         'deadline_binding_hash'

tests/unit/kernel/test_process_receipt_v3_deadline_hostile.py:663: AssertionError
____________ test_d05_select_outcome_cannot_omit_completion[failed] ____________

outcome = 'failed'

    @pytest.mark.parametrize("outcome", ("ready", "empty", "failed"))
    def test_d05_select_outcome_cannot_omit_completion(outcome: str) -> None:
        subject = _subject()
        invocation = _invocation(subject)
>       binding, child, events = _status_registered_prefix(subject, invocation)
                                 ^^^^^^^^^^^^^^^^^^^^^^^^^^^^^^^^^^^^^^^^^^^^^^

tests/unit/kernel/test_process_receipt_v3_deadline_hostile.py:2284: 
_ _ _ _ _ _ _ _ _ _ _ _ _ _ _ _ _ _ _ _ _ _ _ _ _ _ _ _ _ _ _ _ _ _ _ _ _ _ _ _ 
tests/unit/kernel/test_process_receipt_v3_deadline_hostile.py:1048: in _status_registered_prefix
    binding, child, events = _started(subject, invocation)
                             ^^^^^^^^^^^^^^^^^^^^^^^^^^^^^
tests/unit/kernel/test_process_receipt_v3_deadline_hostile.py:989: in _started
    child = _child(binding, invocation)
            ^^^^^^^^^^^^^^^^^^^^^^^^^^^
_ _ _ _ _ _ _ _ _ _ _ _ _ _ _ _ _ _ _ _ _ _ _ _ _ _ _ _ _ _ _ _ _ _ _ _ _ _ _ _ 

binding = DeadlineBinding(invocation_occurrence_id='226930a19f0c89cea9b1770214bbe7fd3052740f79e6c7376386e0a0e50a07a5', started_m...b5771289e040379e3dafadcd2fa', deadline_binding_hash='22152e09026c34e9682f529b0b85cc905b96b30320705ea7dd9a7699c41b55eb')
invocation = MaterializedInvocation(command_subject_hash='1d31b64b78656c7851c9ffd9a20ca9b6e7633ad811c25109be9a9c0c10379ff6', host_n...cc21c3cb7ab5fe24fa4f', select_timeout_contract_hash='579bf368ae4a8059e8464175e08bac9ccf19cbe6db9dc96018f90e79a3cbda00')
pid = 501

    def _child(
        binding: object, invocation: MaterializedInvocation, pid: int = 501
    ) -> ChildIdentityBound:
        required = {
            "invocation_occurrence_id",
            "deadline_binding_hash",
            "child_occurrence_id",
        }
        fields = ChildIdentityBound.__dataclass_fields__
>       assert required <= set(fields), (
            "ChildIdentityBound must derive an exact child occurrence from invocation "
            "and deadline binding"
        )
E       AssertionError: ChildIdentityBound must derive an exact child occurrence from invocation and deadline binding
E       assert {'child_occur...ccurrence_id'} <= {'child_pid',...ess_group_id'}
E         
E         Extra items in the left set:
E         'child_occurrence_id'
E         'invocation_occurrence_id'
E         'deadline_binding_hash'

tests/unit/kernel/test_process_receipt_v3_deadline_hostile.py:663: AssertionError
___________ test_d05_read_outcome_cannot_omit_completion[succeeded] ____________

outcome = 'succeeded'

    @pytest.mark.parametrize("outcome", ("succeeded", "retryable", "failed"))
    def test_d05_read_outcome_cannot_omit_completion(outcome: str) -> None:
        subject = _subject()
        invocation = _invocation(subject)
>       binding, child, events = _status_ready_prefix(subject, invocation)
                                 ^^^^^^^^^^^^^^^^^^^^^^^^^^^^^^^^^^^^^^^^^

tests/unit/kernel/test_process_receipt_v3_deadline_hostile.py:2322: 
_ _ _ _ _ _ _ _ _ _ _ _ _ _ _ _ _ _ _ _ _ _ _ _ _ _ _ _ _ _ _ _ _ _ _ _ _ _ _ _ 
tests/unit/kernel/test_process_receipt_v3_deadline_hostile.py:1088: in _status_ready_prefix
    binding, child, events = _status_registered_prefix(subject, invocation)
                             ^^^^^^^^^^^^^^^^^^^^^^^^^^^^^^^^^^^^^^^^^^^^^^
tests/unit/kernel/test_process_receipt_v3_deadline_hostile.py:1048: in _status_registered_prefix
    binding, child, events = _started(subject, invocation)
                             ^^^^^^^^^^^^^^^^^^^^^^^^^^^^^
tests/unit/kernel/test_process_receipt_v3_deadline_hostile.py:989: in _started
    child = _child(binding, invocation)
            ^^^^^^^^^^^^^^^^^^^^^^^^^^^
_ _ _ _ _ _ _ _ _ _ _ _ _ _ _ _ _ _ _ _ _ _ _ _ _ _ _ _ _ _ _ _ _ _ _ _ _ _ _ _ 

binding = DeadlineBinding(invocation_occurrence_id='226930a19f0c89cea9b1770214bbe7fd3052740f79e6c7376386e0a0e50a07a5', started_m...b5771289e040379e3dafadcd2fa', deadline_binding_hash='22152e09026c34e9682f529b0b85cc905b96b30320705ea7dd9a7699c41b55eb')
invocation = MaterializedInvocation(command_subject_hash='1d31b64b78656c7851c9ffd9a20ca9b6e7633ad811c25109be9a9c0c10379ff6', host_n...cc21c3cb7ab5fe24fa4f', select_timeout_contract_hash='579bf368ae4a8059e8464175e08bac9ccf19cbe6db9dc96018f90e79a3cbda00')
pid = 501

    def _child(
        binding: object, invocation: MaterializedInvocation, pid: int = 501
    ) -> ChildIdentityBound:
        required = {
            "invocation_occurrence_id",
            "deadline_binding_hash",
            "child_occurrence_id",
        }
        fields = ChildIdentityBound.__dataclass_fields__
>       assert required <= set(fields), (
            "ChildIdentityBound must derive an exact child occurrence from invocation "
            "and deadline binding"
        )
E       AssertionError: ChildIdentityBound must derive an exact child occurrence from invocation and deadline binding
E       assert {'child_occur...ccurrence_id'} <= {'child_pid',...ess_group_id'}
E         
E         Extra items in the left set:
E         'child_occurrence_id'
E         'invocation_occurrence_id'
E         'deadline_binding_hash'

tests/unit/kernel/test_process_receipt_v3_deadline_hostile.py:663: AssertionError
___________ test_d05_read_outcome_cannot_omit_completion[retryable] ____________

outcome = 'retryable'

    @pytest.mark.parametrize("outcome", ("succeeded", "retryable", "failed"))
    def test_d05_read_outcome_cannot_omit_completion(outcome: str) -> None:
        subject = _subject()
        invocation = _invocation(subject)
>       binding, child, events = _status_ready_prefix(subject, invocation)
                                 ^^^^^^^^^^^^^^^^^^^^^^^^^^^^^^^^^^^^^^^^^

tests/unit/kernel/test_process_receipt_v3_deadline_hostile.py:2322: 
_ _ _ _ _ _ _ _ _ _ _ _ _ _ _ _ _ _ _ _ _ _ _ _ _ _ _ _ _ _ _ _ _ _ _ _ _ _ _ _ 
tests/unit/kernel/test_process_receipt_v3_deadline_hostile.py:1088: in _status_ready_prefix
    binding, child, events = _status_registered_prefix(subject, invocation)
                             ^^^^^^^^^^^^^^^^^^^^^^^^^^^^^^^^^^^^^^^^^^^^^^
tests/unit/kernel/test_process_receipt_v3_deadline_hostile.py:1048: in _status_registered_prefix
    binding, child, events = _started(subject, invocation)
                             ^^^^^^^^^^^^^^^^^^^^^^^^^^^^^
tests/unit/kernel/test_process_receipt_v3_deadline_hostile.py:989: in _started
    child = _child(binding, invocation)
            ^^^^^^^^^^^^^^^^^^^^^^^^^^^
_ _ _ _ _ _ _ _ _ _ _ _ _ _ _ _ _ _ _ _ _ _ _ _ _ _ _ _ _ _ _ _ _ _ _ _ _ _ _ _ 

binding = DeadlineBinding(invocation_occurrence_id='226930a19f0c89cea9b1770214bbe7fd3052740f79e6c7376386e0a0e50a07a5', started_m...b5771289e040379e3dafadcd2fa', deadline_binding_hash='22152e09026c34e9682f529b0b85cc905b96b30320705ea7dd9a7699c41b55eb')
invocation = MaterializedInvocation(command_subject_hash='1d31b64b78656c7851c9ffd9a20ca9b6e7633ad811c25109be9a9c0c10379ff6', host_n...cc21c3cb7ab5fe24fa4f', select_timeout_contract_hash='579bf368ae4a8059e8464175e08bac9ccf19cbe6db9dc96018f90e79a3cbda00')
pid = 501

    def _child(
        binding: object, invocation: MaterializedInvocation, pid: int = 501
    ) -> ChildIdentityBound:
        required = {
            "invocation_occurrence_id",
            "deadline_binding_hash",
            "child_occurrence_id",
        }
        fields = ChildIdentityBound.__dataclass_fields__
>       assert required <= set(fields), (
            "ChildIdentityBound must derive an exact child occurrence from invocation "
            "and deadline binding"
        )
E       AssertionError: ChildIdentityBound must derive an exact child occurrence from invocation and deadline binding
E       assert {'child_occur...ccurrence_id'} <= {'child_pid',...ess_group_id'}
E         
E         Extra items in the left set:
E         'child_occurrence_id'
E         'invocation_occurrence_id'
E         'deadline_binding_hash'

tests/unit/kernel/test_process_receipt_v3_deadline_hostile.py:663: AssertionError
_____________ test_d05_read_outcome_cannot_omit_completion[failed] _____________

outcome = 'failed'

    @pytest.mark.parametrize("outcome", ("succeeded", "retryable", "failed"))
    def test_d05_read_outcome_cannot_omit_completion(outcome: str) -> None:
        subject = _subject()
        invocation = _invocation(subject)
>       binding, child, events = _status_ready_prefix(subject, invocation)
                                 ^^^^^^^^^^^^^^^^^^^^^^^^^^^^^^^^^^^^^^^^^

tests/unit/kernel/test_process_receipt_v3_deadline_hostile.py:2322: 
_ _ _ _ _ _ _ _ _ _ _ _ _ _ _ _ _ _ _ _ _ _ _ _ _ _ _ _ _ _ _ _ _ _ _ _ _ _ _ _ 
tests/unit/kernel/test_process_receipt_v3_deadline_hostile.py:1088: in _status_ready_prefix
    binding, child, events = _status_registered_prefix(subject, invocation)
                             ^^^^^^^^^^^^^^^^^^^^^^^^^^^^^^^^^^^^^^^^^^^^^^
tests/unit/kernel/test_process_receipt_v3_deadline_hostile.py:1048: in _status_registered_prefix
    binding, child, events = _started(subject, invocation)
                             ^^^^^^^^^^^^^^^^^^^^^^^^^^^^^
tests/unit/kernel/test_process_receipt_v3_deadline_hostile.py:989: in _started
    child = _child(binding, invocation)
            ^^^^^^^^^^^^^^^^^^^^^^^^^^^
_ _ _ _ _ _ _ _ _ _ _ _ _ _ _ _ _ _ _ _ _ _ _ _ _ _ _ _ _ _ _ _ _ _ _ _ _ _ _ _ 

binding = DeadlineBinding(invocation_occurrence_id='226930a19f0c89cea9b1770214bbe7fd3052740f79e6c7376386e0a0e50a07a5', started_m...b5771289e040379e3dafadcd2fa', deadline_binding_hash='22152e09026c34e9682f529b0b85cc905b96b30320705ea7dd9a7699c41b55eb')
invocation = MaterializedInvocation(command_subject_hash='1d31b64b78656c7851c9ffd9a20ca9b6e7633ad811c25109be9a9c0c10379ff6', host_n...cc21c3cb7ab5fe24fa4f', select_timeout_contract_hash='579bf368ae4a8059e8464175e08bac9ccf19cbe6db9dc96018f90e79a3cbda00')
pid = 501

    def _child(
        binding: object, invocation: MaterializedInvocation, pid: int = 501
    ) -> ChildIdentityBound:
        required = {
            "invocation_occurrence_id",
            "deadline_binding_hash",
            "child_occurrence_id",
        }
        fields = ChildIdentityBound.__dataclass_fields__
>       assert required <= set(fields), (
            "ChildIdentityBound must derive an exact child occurrence from invocation "
            "and deadline binding"
        )
E       AssertionError: ChildIdentityBound must derive an exact child occurrence from invocation and deadline binding
E       assert {'child_occur...ccurrence_id'} <= {'child_pid',...ess_group_id'}
E         
E         Extra items in the left set:
E         'child_occurrence_id'
E         'invocation_occurrence_id'
E         'deadline_binding_hash'

tests/unit/kernel/test_process_receipt_v3_deadline_hostile.py:663: AssertionError
_____ test_d05_successful_select_requires_one_intrinsic_result_before_post _____

    def test_d05_successful_select_requires_one_intrinsic_result_before_post() -> None:
        subject = _subject()
        invocation = _invocation(subject)
>       binding, child, events = _started(subject, invocation)
                                 ^^^^^^^^^^^^^^^^^^^^^^^^^^^^^

tests/unit/kernel/test_process_receipt_v3_deadline_hostile.py:2369: 
_ _ _ _ _ _ _ _ _ _ _ _ _ _ _ _ _ _ _ _ _ _ _ _ _ _ _ _ _ _ _ _ _ _ _ _ _ _ _ _ 
tests/unit/kernel/test_process_receipt_v3_deadline_hostile.py:989: in _started
    child = _child(binding, invocation)
            ^^^^^^^^^^^^^^^^^^^^^^^^^^^
_ _ _ _ _ _ _ _ _ _ _ _ _ _ _ _ _ _ _ _ _ _ _ _ _ _ _ _ _ _ _ _ _ _ _ _ _ _ _ _ 

binding = DeadlineBinding(invocation_occurrence_id='226930a19f0c89cea9b1770214bbe7fd3052740f79e6c7376386e0a0e50a07a5', started_m...b5771289e040379e3dafadcd2fa', deadline_binding_hash='22152e09026c34e9682f529b0b85cc905b96b30320705ea7dd9a7699c41b55eb')
invocation = MaterializedInvocation(command_subject_hash='1d31b64b78656c7851c9ffd9a20ca9b6e7633ad811c25109be9a9c0c10379ff6', host_n...cc21c3cb7ab5fe24fa4f', select_timeout_contract_hash='579bf368ae4a8059e8464175e08bac9ccf19cbe6db9dc96018f90e79a3cbda00')
pid = 501

    def _child(
        binding: object, invocation: MaterializedInvocation, pid: int = 501
    ) -> ChildIdentityBound:
        required = {
            "invocation_occurrence_id",
            "deadline_binding_hash",
            "child_occurrence_id",
        }
        fields = ChildIdentityBound.__dataclass_fields__
>       assert required <= set(fields), (
            "ChildIdentityBound must derive an exact child occurrence from invocation "
            "and deadline binding"
        )
E       AssertionError: ChildIdentityBound must derive an exact child occurrence from invocation and deadline binding
E       assert {'child_occur...ccurrence_id'} <= {'child_pid',...ess_group_id'}
E         
E         Extra items in the left set:
E         'child_occurrence_id'
E         'invocation_occurrence_id'
E         'deadline_binding_hash'

tests/unit/kernel/test_process_receipt_v3_deadline_hostile.py:663: AssertionError
______ test_d05_successful_read_requires_one_intrinsic_result_before_post ______

    def test_d05_successful_read_requires_one_intrinsic_result_before_post() -> None:
        subject = _subject()
        invocation = _invocation(subject)
>       binding, child, events = _status_ready_prefix(subject, invocation)
                                 ^^^^^^^^^^^^^^^^^^^^^^^^^^^^^^^^^^^^^^^^^

tests/unit/kernel/test_process_receipt_v3_deadline_hostile.py:2402: 
_ _ _ _ _ _ _ _ _ _ _ _ _ _ _ _ _ _ _ _ _ _ _ _ _ _ _ _ _ _ _ _ _ _ _ _ _ _ _ _ 
tests/unit/kernel/test_process_receipt_v3_deadline_hostile.py:1088: in _status_ready_prefix
    binding, child, events = _status_registered_prefix(subject, invocation)
                             ^^^^^^^^^^^^^^^^^^^^^^^^^^^^^^^^^^^^^^^^^^^^^^
tests/unit/kernel/test_process_receipt_v3_deadline_hostile.py:1048: in _status_registered_prefix
    binding, child, events = _started(subject, invocation)
                             ^^^^^^^^^^^^^^^^^^^^^^^^^^^^^
tests/unit/kernel/test_process_receipt_v3_deadline_hostile.py:989: in _started
    child = _child(binding, invocation)
            ^^^^^^^^^^^^^^^^^^^^^^^^^^^
_ _ _ _ _ _ _ _ _ _ _ _ _ _ _ _ _ _ _ _ _ _ _ _ _ _ _ _ _ _ _ _ _ _ _ _ _ _ _ _ 

binding = DeadlineBinding(invocation_occurrence_id='226930a19f0c89cea9b1770214bbe7fd3052740f79e6c7376386e0a0e50a07a5', started_m...b5771289e040379e3dafadcd2fa', deadline_binding_hash='22152e09026c34e9682f529b0b85cc905b96b30320705ea7dd9a7699c41b55eb')
invocation = MaterializedInvocation(command_subject_hash='1d31b64b78656c7851c9ffd9a20ca9b6e7633ad811c25109be9a9c0c10379ff6', host_n...cc21c3cb7ab5fe24fa4f', select_timeout_contract_hash='579bf368ae4a8059e8464175e08bac9ccf19cbe6db9dc96018f90e79a3cbda00')
pid = 501

    def _child(
        binding: object, invocation: MaterializedInvocation, pid: int = 501
    ) -> ChildIdentityBound:
        required = {
            "invocation_occurrence_id",
            "deadline_binding_hash",
            "child_occurrence_id",
        }
        fields = ChildIdentityBound.__dataclass_fields__
>       assert required <= set(fields), (
            "ChildIdentityBound must derive an exact child occurrence from invocation "
            "and deadline binding"
        )
E       AssertionError: ChildIdentityBound must derive an exact child occurrence from invocation and deadline binding
E       assert {'child_occur...ccurrence_id'} <= {'child_pid',...ess_group_id'}
E         
E         Extra items in the left set:
E         'child_occurrence_id'
E         'invocation_occurrence_id'
E         'deadline_binding_hash'

tests/unit/kernel/test_process_receipt_v3_deadline_hostile.py:663: AssertionError
_________ test_d05_select_cannot_return_ready_and_empty_for_one_effect _________

    def test_d05_select_cannot_return_ready_and_empty_for_one_effect() -> None:
        subject = _subject()
        invocation = _invocation(subject)
>       binding, child, events = _status_registered_prefix(subject, invocation)
                                 ^^^^^^^^^^^^^^^^^^^^^^^^^^^^^^^^^^^^^^^^^^^^^^

tests/unit/kernel/test_process_receipt_v3_deadline_hostile.py:2425: 
_ _ _ _ _ _ _ _ _ _ _ _ _ _ _ _ _ _ _ _ _ _ _ _ _ _ _ _ _ _ _ _ _ _ _ _ _ _ _ _ 
tests/unit/kernel/test_process_receipt_v3_deadline_hostile.py:1048: in _status_registered_prefix
    binding, child, events = _started(subject, invocation)
                             ^^^^^^^^^^^^^^^^^^^^^^^^^^^^^
tests/unit/kernel/test_process_receipt_v3_deadline_hostile.py:989: in _started
    child = _child(binding, invocation)
            ^^^^^^^^^^^^^^^^^^^^^^^^^^^
_ _ _ _ _ _ _ _ _ _ _ _ _ _ _ _ _ _ _ _ _ _ _ _ _ _ _ _ _ _ _ _ _ _ _ _ _ _ _ _ 

binding = DeadlineBinding(invocation_occurrence_id='226930a19f0c89cea9b1770214bbe7fd3052740f79e6c7376386e0a0e50a07a5', started_m...b5771289e040379e3dafadcd2fa', deadline_binding_hash='22152e09026c34e9682f529b0b85cc905b96b30320705ea7dd9a7699c41b55eb')
invocation = MaterializedInvocation(command_subject_hash='1d31b64b78656c7851c9ffd9a20ca9b6e7633ad811c25109be9a9c0c10379ff6', host_n...cc21c3cb7ab5fe24fa4f', select_timeout_contract_hash='579bf368ae4a8059e8464175e08bac9ccf19cbe6db9dc96018f90e79a3cbda00')
pid = 501

    def _child(
        binding: object, invocation: MaterializedInvocation, pid: int = 501
    ) -> ChildIdentityBound:
        required = {
            "invocation_occurrence_id",
            "deadline_binding_hash",
            "child_occurrence_id",
        }
        fields = ChildIdentityBound.__dataclass_fields__
>       assert required <= set(fields), (
            "ChildIdentityBound must derive an exact child occurrence from invocation "
            "and deadline binding"
        )
E       AssertionError: ChildIdentityBound must derive an exact child occurrence from invocation and deadline binding
E       assert {'child_occur...ccurrence_id'} <= {'child_pid',...ess_group_id'}
E         
E         Extra items in the left set:
E         'child_occurrence_id'
E         'invocation_occurrence_id'
E         'deadline_binding_hash'

tests/unit/kernel/test_process_receipt_v3_deadline_hostile.py:663: AssertionError
___________ test_d05_read_cannot_return_bytes_and_eof_for_one_effect ___________

    def test_d05_read_cannot_return_bytes_and_eof_for_one_effect() -> None:
        subject = _subject()
        invocation = _invocation(subject)
>       binding, child, events = _status_ready_prefix(subject, invocation)
                                 ^^^^^^^^^^^^^^^^^^^^^^^^^^^^^^^^^^^^^^^^^

tests/unit/kernel/test_process_receipt_v3_deadline_hostile.py:2450: 
_ _ _ _ _ _ _ _ _ _ _ _ _ _ _ _ _ _ _ _ _ _ _ _ _ _ _ _ _ _ _ _ _ _ _ _ _ _ _ _ 
tests/unit/kernel/test_process_receipt_v3_deadline_hostile.py:1088: in _status_ready_prefix
    binding, child, events = _status_registered_prefix(subject, invocation)
                             ^^^^^^^^^^^^^^^^^^^^^^^^^^^^^^^^^^^^^^^^^^^^^^
tests/unit/kernel/test_process_receipt_v3_deadline_hostile.py:1048: in _status_registered_prefix
    binding, child, events = _started(subject, invocation)
                             ^^^^^^^^^^^^^^^^^^^^^^^^^^^^^
tests/unit/kernel/test_process_receipt_v3_deadline_hostile.py:989: in _started
    child = _child(binding, invocation)
            ^^^^^^^^^^^^^^^^^^^^^^^^^^^
_ _ _ _ _ _ _ _ _ _ _ _ _ _ _ _ _ _ _ _ _ _ _ _ _ _ _ _ _ _ _ _ _ _ _ _ _ _ _ _ 

binding = DeadlineBinding(invocation_occurrence_id='226930a19f0c89cea9b1770214bbe7fd3052740f79e6c7376386e0a0e50a07a5', started_m...b5771289e040379e3dafadcd2fa', deadline_binding_hash='22152e09026c34e9682f529b0b85cc905b96b30320705ea7dd9a7699c41b55eb')
invocation = MaterializedInvocation(command_subject_hash='1d31b64b78656c7851c9ffd9a20ca9b6e7633ad811c25109be9a9c0c10379ff6', host_n...cc21c3cb7ab5fe24fa4f', select_timeout_contract_hash='579bf368ae4a8059e8464175e08bac9ccf19cbe6db9dc96018f90e79a3cbda00')
pid = 501

    def _child(
        binding: object, invocation: MaterializedInvocation, pid: int = 501
    ) -> ChildIdentityBound:
        required = {
            "invocation_occurrence_id",
            "deadline_binding_hash",
            "child_occurrence_id",
        }
        fields = ChildIdentityBound.__dataclass_fields__
>       assert required <= set(fields), (
            "ChildIdentityBound must derive an exact child occurrence from invocation "
            "and deadline binding"
        )
E       AssertionError: ChildIdentityBound must derive an exact child occurrence from invocation and deadline binding
E       assert {'child_occur...ccurrence_id'} <= {'child_pid',...ess_group_id'}
E         
E         Extra items in the left set:
E         'child_occurrence_id'
E         'invocation_occurrence_id'
E         'deadline_binding_hash'

tests/unit/kernel/test_process_receipt_v3_deadline_hostile.py:663: AssertionError
_________ test_d05_unrelated_event_cannot_split_attempt_and_completion _________

    def test_d05_unrelated_event_cannot_split_attempt_and_completion() -> None:
        subject = _subject()
        invocation = _invocation(subject)
>       binding, child, events = _started(subject, invocation)
                                 ^^^^^^^^^^^^^^^^^^^^^^^^^^^^^

tests/unit/kernel/test_process_receipt_v3_deadline_hostile.py:2478: 
_ _ _ _ _ _ _ _ _ _ _ _ _ _ _ _ _ _ _ _ _ _ _ _ _ _ _ _ _ _ _ _ _ _ _ _ _ _ _ _ 
tests/unit/kernel/test_process_receipt_v3_deadline_hostile.py:989: in _started
    child = _child(binding, invocation)
            ^^^^^^^^^^^^^^^^^^^^^^^^^^^
_ _ _ _ _ _ _ _ _ _ _ _ _ _ _ _ _ _ _ _ _ _ _ _ _ _ _ _ _ _ _ _ _ _ _ _ _ _ _ _ 

binding = DeadlineBinding(invocation_occurrence_id='226930a19f0c89cea9b1770214bbe7fd3052740f79e6c7376386e0a0e50a07a5', started_m...b5771289e040379e3dafadcd2fa', deadline_binding_hash='22152e09026c34e9682f529b0b85cc905b96b30320705ea7dd9a7699c41b55eb')
invocation = MaterializedInvocation(command_subject_hash='1d31b64b78656c7851c9ffd9a20ca9b6e7633ad811c25109be9a9c0c10379ff6', host_n...cc21c3cb7ab5fe24fa4f', select_timeout_contract_hash='579bf368ae4a8059e8464175e08bac9ccf19cbe6db9dc96018f90e79a3cbda00')
pid = 501

    def _child(
        binding: object, invocation: MaterializedInvocation, pid: int = 501
    ) -> ChildIdentityBound:
        required = {
            "invocation_occurrence_id",
            "deadline_binding_hash",
            "child_occurrence_id",
        }
        fields = ChildIdentityBound.__dataclass_fields__
>       assert required <= set(fields), (
            "ChildIdentityBound must derive an exact child occurrence from invocation "
            "and deadline binding"
        )
E       AssertionError: ChildIdentityBound must derive an exact child occurrence from invocation and deadline binding
E       assert {'child_occur...ccurrence_id'} <= {'child_pid',...ess_group_id'}
E         
E         Extra items in the left set:
E         'child_occurrence_id'
E         'invocation_occurrence_id'
E         'deadline_binding_hash'

tests/unit/kernel/test_process_receipt_v3_deadline_hostile.py:663: AssertionError
_____ test_d05_one_admission_cannot_authorize_two_equal_timestamp_effects ______

    def test_d05_one_admission_cannot_authorize_two_equal_timestamp_effects() -> None:
        subject = _subject()
        invocation = _invocation(subject)
>       binding, child, events = _started(subject, invocation)
                                 ^^^^^^^^^^^^^^^^^^^^^^^^^^^^^

tests/unit/kernel/test_process_receipt_v3_deadline_hostile.py:2507: 
_ _ _ _ _ _ _ _ _ _ _ _ _ _ _ _ _ _ _ _ _ _ _ _ _ _ _ _ _ _ _ _ _ _ _ _ _ _ _ _ 
tests/unit/kernel/test_process_receipt_v3_deadline_hostile.py:989: in _started
    child = _child(binding, invocation)
            ^^^^^^^^^^^^^^^^^^^^^^^^^^^
_ _ _ _ _ _ _ _ _ _ _ _ _ _ _ _ _ _ _ _ _ _ _ _ _ _ _ _ _ _ _ _ _ _ _ _ _ _ _ _ 

binding = DeadlineBinding(invocation_occurrence_id='226930a19f0c89cea9b1770214bbe7fd3052740f79e6c7376386e0a0e50a07a5', started_m...b5771289e040379e3dafadcd2fa', deadline_binding_hash='22152e09026c34e9682f529b0b85cc905b96b30320705ea7dd9a7699c41b55eb')
invocation = MaterializedInvocation(command_subject_hash='1d31b64b78656c7851c9ffd9a20ca9b6e7633ad811c25109be9a9c0c10379ff6', host_n...cc21c3cb7ab5fe24fa4f', select_timeout_contract_hash='579bf368ae4a8059e8464175e08bac9ccf19cbe6db9dc96018f90e79a3cbda00')
pid = 501

    def _child(
        binding: object, invocation: MaterializedInvocation, pid: int = 501
    ) -> ChildIdentityBound:
        required = {
            "invocation_occurrence_id",
            "deadline_binding_hash",
            "child_occurrence_id",
        }
        fields = ChildIdentityBound.__dataclass_fields__
>       assert required <= set(fields), (
            "ChildIdentityBound must derive an exact child occurrence from invocation "
            "and deadline binding"
        )
E       AssertionError: ChildIdentityBound must derive an exact child occurrence from invocation and deadline binding
E       assert {'child_occur...ccurrence_id'} <= {'child_pid',...ess_group_id'}
E         
E         Extra items in the left set:
E         'child_occurrence_id'
E         'invocation_occurrence_id'
E         'deadline_binding_hash'

tests/unit/kernel/test_process_receipt_v3_deadline_hostile.py:663: AssertionError
____________ test_d05_stage_target_cannot_change_under_an_effect_id ____________

    def test_d05_stage_target_cannot_change_under_an_effect_id() -> None:
        subject = _subject()
        invocation = _invocation(subject)
>       binding, child, events = _started(subject, invocation)
                                 ^^^^^^^^^^^^^^^^^^^^^^^^^^^^^

tests/unit/kernel/test_process_receipt_v3_deadline_hostile.py:2538: 
_ _ _ _ _ _ _ _ _ _ _ _ _ _ _ _ _ _ _ _ _ _ _ _ _ _ _ _ _ _ _ _ _ _ _ _ _ _ _ _ 
tests/unit/kernel/test_process_receipt_v3_deadline_hostile.py:989: in _started
    child = _child(binding, invocation)
            ^^^^^^^^^^^^^^^^^^^^^^^^^^^
_ _ _ _ _ _ _ _ _ _ _ _ _ _ _ _ _ _ _ _ _ _ _ _ _ _ _ _ _ _ _ _ _ _ _ _ _ _ _ _ 

binding = DeadlineBinding(invocation_occurrence_id='226930a19f0c89cea9b1770214bbe7fd3052740f79e6c7376386e0a0e50a07a5', started_m...b5771289e040379e3dafadcd2fa', deadline_binding_hash='22152e09026c34e9682f529b0b85cc905b96b30320705ea7dd9a7699c41b55eb')
invocation = MaterializedInvocation(command_subject_hash='1d31b64b78656c7851c9ffd9a20ca9b6e7633ad811c25109be9a9c0c10379ff6', host_n...cc21c3cb7ab5fe24fa4f', select_timeout_contract_hash='579bf368ae4a8059e8464175e08bac9ccf19cbe6db9dc96018f90e79a3cbda00')
pid = 501

    def _child(
        binding: object, invocation: MaterializedInvocation, pid: int = 501
    ) -> ChildIdentityBound:
        required = {
            "invocation_occurrence_id",
            "deadline_binding_hash",
            "child_occurrence_id",
        }
        fields = ChildIdentityBound.__dataclass_fields__
>       assert required <= set(fields), (
            "ChildIdentityBound must derive an exact child occurrence from invocation "
            "and deadline binding"
        )
E       AssertionError: ChildIdentityBound must derive an exact child occurrence from invocation and deadline binding
E       assert {'child_occur...ccurrence_id'} <= {'child_pid',...ess_group_id'}
E         
E         Extra items in the left set:
E         'child_occurrence_id'
E         'invocation_occurrence_id'
E         'deadline_binding_hash'

tests/unit/kernel/test_process_receipt_v3_deadline_hostile.py:663: AssertionError
__________ test_d05_target_only_cannot_change_under_a_read_effect_id ___________

    def test_d05_target_only_cannot_change_under_a_read_effect_id() -> None:
        subject = _subject()
        invocation = _invocation(subject)
>       binding, child, events = _status_ready_prefix(subject, invocation)
                                 ^^^^^^^^^^^^^^^^^^^^^^^^^^^^^^^^^^^^^^^^^

tests/unit/kernel/test_process_receipt_v3_deadline_hostile.py:2572: 
_ _ _ _ _ _ _ _ _ _ _ _ _ _ _ _ _ _ _ _ _ _ _ _ _ _ _ _ _ _ _ _ _ _ _ _ _ _ _ _ 
tests/unit/kernel/test_process_receipt_v3_deadline_hostile.py:1088: in _status_ready_prefix
    binding, child, events = _status_registered_prefix(subject, invocation)
                             ^^^^^^^^^^^^^^^^^^^^^^^^^^^^^^^^^^^^^^^^^^^^^^
tests/unit/kernel/test_process_receipt_v3_deadline_hostile.py:1048: in _status_registered_prefix
    binding, child, events = _started(subject, invocation)
                             ^^^^^^^^^^^^^^^^^^^^^^^^^^^^^
tests/unit/kernel/test_process_receipt_v3_deadline_hostile.py:989: in _started
    child = _child(binding, invocation)
            ^^^^^^^^^^^^^^^^^^^^^^^^^^^
_ _ _ _ _ _ _ _ _ _ _ _ _ _ _ _ _ _ _ _ _ _ _ _ _ _ _ _ _ _ _ _ _ _ _ _ _ _ _ _ 

binding = DeadlineBinding(invocation_occurrence_id='226930a19f0c89cea9b1770214bbe7fd3052740f79e6c7376386e0a0e50a07a5', started_m...b5771289e040379e3dafadcd2fa', deadline_binding_hash='22152e09026c34e9682f529b0b85cc905b96b30320705ea7dd9a7699c41b55eb')
invocation = MaterializedInvocation(command_subject_hash='1d31b64b78656c7851c9ffd9a20ca9b6e7633ad811c25109be9a9c0c10379ff6', host_n...cc21c3cb7ab5fe24fa4f', select_timeout_contract_hash='579bf368ae4a8059e8464175e08bac9ccf19cbe6db9dc96018f90e79a3cbda00')
pid = 501

    def _child(
        binding: object, invocation: MaterializedInvocation, pid: int = 501
    ) -> ChildIdentityBound:
        required = {
            "invocation_occurrence_id",
            "deadline_binding_hash",
            "child_occurrence_id",
        }
        fields = ChildIdentityBound.__dataclass_fields__
>       assert required <= set(fields), (
            "ChildIdentityBound must derive an exact child occurrence from invocation "
            "and deadline binding"
        )
E       AssertionError: ChildIdentityBound must derive an exact child occurrence from invocation and deadline binding
E       assert {'child_occur...ccurrence_id'} <= {'child_pid',...ess_group_id'}
E         
E         Extra items in the left set:
E         'child_occurrence_id'
E         'invocation_occurrence_id'
E         'deadline_binding_hash'

tests/unit/kernel/test_process_receipt_v3_deadline_hostile.py:663: AssertionError
_________ test_d05_completion_cannot_move_from_one_effect_to_the_next __________

    def test_d05_completion_cannot_move_from_one_effect_to_the_next() -> None:
        subject = _subject()
        invocation = _invocation(subject)
>       binding, child, events = _started(subject, invocation)
                                 ^^^^^^^^^^^^^^^^^^^^^^^^^^^^^

tests/unit/kernel/test_process_receipt_v3_deadline_hostile.py:2606: 
_ _ _ _ _ _ _ _ _ _ _ _ _ _ _ _ _ _ _ _ _ _ _ _ _ _ _ _ _ _ _ _ _ _ _ _ _ _ _ _ 
tests/unit/kernel/test_process_receipt_v3_deadline_hostile.py:989: in _started
    child = _child(binding, invocation)
            ^^^^^^^^^^^^^^^^^^^^^^^^^^^
_ _ _ _ _ _ _ _ _ _ _ _ _ _ _ _ _ _ _ _ _ _ _ _ _ _ _ _ _ _ _ _ _ _ _ _ _ _ _ _ 

binding = DeadlineBinding(invocation_occurrence_id='226930a19f0c89cea9b1770214bbe7fd3052740f79e6c7376386e0a0e50a07a5', started_m...b5771289e040379e3dafadcd2fa', deadline_binding_hash='22152e09026c34e9682f529b0b85cc905b96b30320705ea7dd9a7699c41b55eb')
invocation = MaterializedInvocation(command_subject_hash='1d31b64b78656c7851c9ffd9a20ca9b6e7633ad811c25109be9a9c0c10379ff6', host_n...cc21c3cb7ab5fe24fa4f', select_timeout_contract_hash='579bf368ae4a8059e8464175e08bac9ccf19cbe6db9dc96018f90e79a3cbda00')
pid = 501

    def _child(
        binding: object, invocation: MaterializedInvocation, pid: int = 501
    ) -> ChildIdentityBound:
        required = {
            "invocation_occurrence_id",
            "deadline_binding_hash",
            "child_occurrence_id",
        }
        fields = ChildIdentityBound.__dataclass_fields__
>       assert required <= set(fields), (
            "ChildIdentityBound must derive an exact child occurrence from invocation "
            "and deadline binding"
        )
E       AssertionError: ChildIdentityBound must derive an exact child occurrence from invocation and deadline binding
E       assert {'child_occur...ccurrence_id'} <= {'child_pid',...ess_group_id'}
E         
E         Extra items in the left set:
E         'child_occurrence_id'
E         'invocation_occurrence_id'
E         'deadline_binding_hash'

tests/unit/kernel/test_process_receipt_v3_deadline_hostile.py:663: AssertionError
_____________ test_d05_result_payload_cannot_move_between_effects ______________

    def test_d05_result_payload_cannot_move_between_effects() -> None:
        subject = _subject()
        invocation = _invocation(subject)
>       binding, child, events = _status_registered_prefix(subject, invocation)
                                 ^^^^^^^^^^^^^^^^^^^^^^^^^^^^^^^^^^^^^^^^^^^^^^

tests/unit/kernel/test_process_receipt_v3_deadline_hostile.py:2652: 
_ _ _ _ _ _ _ _ _ _ _ _ _ _ _ _ _ _ _ _ _ _ _ _ _ _ _ _ _ _ _ _ _ _ _ _ _ _ _ _ 
tests/unit/kernel/test_process_receipt_v3_deadline_hostile.py:1048: in _status_registered_prefix
    binding, child, events = _started(subject, invocation)
                             ^^^^^^^^^^^^^^^^^^^^^^^^^^^^^
tests/unit/kernel/test_process_receipt_v3_deadline_hostile.py:989: in _started
    child = _child(binding, invocation)
            ^^^^^^^^^^^^^^^^^^^^^^^^^^^
_ _ _ _ _ _ _ _ _ _ _ _ _ _ _ _ _ _ _ _ _ _ _ _ _ _ _ _ _ _ _ _ _ _ _ _ _ _ _ _ 

binding = DeadlineBinding(invocation_occurrence_id='226930a19f0c89cea9b1770214bbe7fd3052740f79e6c7376386e0a0e50a07a5', started_m...b5771289e040379e3dafadcd2fa', deadline_binding_hash='22152e09026c34e9682f529b0b85cc905b96b30320705ea7dd9a7699c41b55eb')
invocation = MaterializedInvocation(command_subject_hash='1d31b64b78656c7851c9ffd9a20ca9b6e7633ad811c25109be9a9c0c10379ff6', host_n...cc21c3cb7ab5fe24fa4f', select_timeout_contract_hash='579bf368ae4a8059e8464175e08bac9ccf19cbe6db9dc96018f90e79a3cbda00')
pid = 501

    def _child(
        binding: object, invocation: MaterializedInvocation, pid: int = 501
    ) -> ChildIdentityBound:
        required = {
            "invocation_occurrence_id",
            "deadline_binding_hash",
            "child_occurrence_id",
        }
        fields = ChildIdentityBound.__dataclass_fields__
>       assert required <= set(fields), (
            "ChildIdentityBound must derive an exact child occurrence from invocation "
            "and deadline binding"
        )
E       AssertionError: ChildIdentityBound must derive an exact child occurrence from invocation and deadline binding
E       assert {'child_occur...ccurrence_id'} <= {'child_pid',...ess_group_id'}
E         
E         Extra items in the left set:
E         'child_occurrence_id'
E         'invocation_occurrence_id'
E         'deadline_binding_hash'

tests/unit/kernel/test_process_receipt_v3_deadline_hostile.py:663: AssertionError
___________ test_d05_read_result_cannot_move_between_effects[bytes] ____________

result_kind = 'bytes'

    @pytest.mark.parametrize("result_kind", ("bytes", "eof"))
    def test_d05_read_result_cannot_move_between_effects(result_kind: str) -> None:
        subject = _subject()
        invocation = _invocation(subject)
>       binding, child, events = _status_ready_prefix(subject, invocation)
                                 ^^^^^^^^^^^^^^^^^^^^^^^^^^^^^^^^^^^^^^^^^

tests/unit/kernel/test_process_receipt_v3_deadline_hostile.py:2681: 
_ _ _ _ _ _ _ _ _ _ _ _ _ _ _ _ _ _ _ _ _ _ _ _ _ _ _ _ _ _ _ _ _ _ _ _ _ _ _ _ 
tests/unit/kernel/test_process_receipt_v3_deadline_hostile.py:1088: in _status_ready_prefix
    binding, child, events = _status_registered_prefix(subject, invocation)
                             ^^^^^^^^^^^^^^^^^^^^^^^^^^^^^^^^^^^^^^^^^^^^^^
tests/unit/kernel/test_process_receipt_v3_deadline_hostile.py:1048: in _status_registered_prefix
    binding, child, events = _started(subject, invocation)
                             ^^^^^^^^^^^^^^^^^^^^^^^^^^^^^
tests/unit/kernel/test_process_receipt_v3_deadline_hostile.py:989: in _started
    child = _child(binding, invocation)
            ^^^^^^^^^^^^^^^^^^^^^^^^^^^
_ _ _ _ _ _ _ _ _ _ _ _ _ _ _ _ _ _ _ _ _ _ _ _ _ _ _ _ _ _ _ _ _ _ _ _ _ _ _ _ 

binding = DeadlineBinding(invocation_occurrence_id='226930a19f0c89cea9b1770214bbe7fd3052740f79e6c7376386e0a0e50a07a5', started_m...b5771289e040379e3dafadcd2fa', deadline_binding_hash='22152e09026c34e9682f529b0b85cc905b96b30320705ea7dd9a7699c41b55eb')
invocation = MaterializedInvocation(command_subject_hash='1d31b64b78656c7851c9ffd9a20ca9b6e7633ad811c25109be9a9c0c10379ff6', host_n...cc21c3cb7ab5fe24fa4f', select_timeout_contract_hash='579bf368ae4a8059e8464175e08bac9ccf19cbe6db9dc96018f90e79a3cbda00')
pid = 501

    def _child(
        binding: object, invocation: MaterializedInvocation, pid: int = 501
    ) -> ChildIdentityBound:
        required = {
            "invocation_occurrence_id",
            "deadline_binding_hash",
            "child_occurrence_id",
        }
        fields = ChildIdentityBound.__dataclass_fields__
>       assert required <= set(fields), (
            "ChildIdentityBound must derive an exact child occurrence from invocation "
            "and deadline binding"
        )
E       AssertionError: ChildIdentityBound must derive an exact child occurrence from invocation and deadline binding
E       assert {'child_occur...ccurrence_id'} <= {'child_pid',...ess_group_id'}
E         
E         Extra items in the left set:
E         'child_occurrence_id'
E         'invocation_occurrence_id'
E         'deadline_binding_hash'

tests/unit/kernel/test_process_receipt_v3_deadline_hostile.py:663: AssertionError
____________ test_d05_read_result_cannot_move_between_effects[eof] _____________

result_kind = 'eof'

    @pytest.mark.parametrize("result_kind", ("bytes", "eof"))
    def test_d05_read_result_cannot_move_between_effects(result_kind: str) -> None:
        subject = _subject()
        invocation = _invocation(subject)
>       binding, child, events = _status_ready_prefix(subject, invocation)
                                 ^^^^^^^^^^^^^^^^^^^^^^^^^^^^^^^^^^^^^^^^^

tests/unit/kernel/test_process_receipt_v3_deadline_hostile.py:2681: 
_ _ _ _ _ _ _ _ _ _ _ _ _ _ _ _ _ _ _ _ _ _ _ _ _ _ _ _ _ _ _ _ _ _ _ _ _ _ _ _ 
tests/unit/kernel/test_process_receipt_v3_deadline_hostile.py:1088: in _status_ready_prefix
    binding, child, events = _status_registered_prefix(subject, invocation)
                             ^^^^^^^^^^^^^^^^^^^^^^^^^^^^^^^^^^^^^^^^^^^^^^
tests/unit/kernel/test_process_receipt_v3_deadline_hostile.py:1048: in _status_registered_prefix
    binding, child, events = _started(subject, invocation)
                             ^^^^^^^^^^^^^^^^^^^^^^^^^^^^^
tests/unit/kernel/test_process_receipt_v3_deadline_hostile.py:989: in _started
    child = _child(binding, invocation)
            ^^^^^^^^^^^^^^^^^^^^^^^^^^^
_ _ _ _ _ _ _ _ _ _ _ _ _ _ _ _ _ _ _ _ _ _ _ _ _ _ _ _ _ _ _ _ _ _ _ _ _ _ _ _ 

binding = DeadlineBinding(invocation_occurrence_id='226930a19f0c89cea9b1770214bbe7fd3052740f79e6c7376386e0a0e50a07a5', started_m...b5771289e040379e3dafadcd2fa', deadline_binding_hash='22152e09026c34e9682f529b0b85cc905b96b30320705ea7dd9a7699c41b55eb')
invocation = MaterializedInvocation(command_subject_hash='1d31b64b78656c7851c9ffd9a20ca9b6e7633ad811c25109be9a9c0c10379ff6', host_n...cc21c3cb7ab5fe24fa4f', select_timeout_contract_hash='579bf368ae4a8059e8464175e08bac9ccf19cbe6db9dc96018f90e79a3cbda00')
pid = 501

    def _child(
        binding: object, invocation: MaterializedInvocation, pid: int = 501
    ) -> ChildIdentityBound:
        required = {
            "invocation_occurrence_id",
            "deadline_binding_hash",
            "child_occurrence_id",
        }
        fields = ChildIdentityBound.__dataclass_fields__
>       assert required <= set(fields), (
            "ChildIdentityBound must derive an exact child occurrence from invocation "
            "and deadline binding"
        )
E       AssertionError: ChildIdentityBound must derive an exact child occurrence from invocation and deadline binding
E       assert {'child_occur...ccurrence_id'} <= {'child_pid',...ess_group_id'}
E         
E         Extra items in the left set:
E         'child_occurrence_id'
E         'invocation_occurrence_id'
E         'deadline_binding_hash'

tests/unit/kernel/test_process_receipt_v3_deadline_hostile.py:663: AssertionError
_____ test_d05_later_global_ordinal_cannot_survive_removed_earlier_effect ______

    def test_d05_later_global_ordinal_cannot_survive_removed_earlier_effect() -> None:
        subject = _subject()
        invocation = _invocation(subject)
>       binding, child, events = _started(subject, invocation)
                                 ^^^^^^^^^^^^^^^^^^^^^^^^^^^^^

tests/unit/kernel/test_process_receipt_v3_deadline_hostile.py:2711: 
_ _ _ _ _ _ _ _ _ _ _ _ _ _ _ _ _ _ _ _ _ _ _ _ _ _ _ _ _ _ _ _ _ _ _ _ _ _ _ _ 
tests/unit/kernel/test_process_receipt_v3_deadline_hostile.py:989: in _started
    child = _child(binding, invocation)
            ^^^^^^^^^^^^^^^^^^^^^^^^^^^
_ _ _ _ _ _ _ _ _ _ _ _ _ _ _ _ _ _ _ _ _ _ _ _ _ _ _ _ _ _ _ _ _ _ _ _ _ _ _ _ 

binding = DeadlineBinding(invocation_occurrence_id='226930a19f0c89cea9b1770214bbe7fd3052740f79e6c7376386e0a0e50a07a5', started_m...b5771289e040379e3dafadcd2fa', deadline_binding_hash='22152e09026c34e9682f529b0b85cc905b96b30320705ea7dd9a7699c41b55eb')
invocation = MaterializedInvocation(command_subject_hash='1d31b64b78656c7851c9ffd9a20ca9b6e7633ad811c25109be9a9c0c10379ff6', host_n...cc21c3cb7ab5fe24fa4f', select_timeout_contract_hash='579bf368ae4a8059e8464175e08bac9ccf19cbe6db9dc96018f90e79a3cbda00')
pid = 501

    def _child(
        binding: object, invocation: MaterializedInvocation, pid: int = 501
    ) -> ChildIdentityBound:
        required = {
            "invocation_occurrence_id",
            "deadline_binding_hash",
            "child_occurrence_id",
        }
        fields = ChildIdentityBound.__dataclass_fields__
>       assert required <= set(fields), (
            "ChildIdentityBound must derive an exact child occurrence from invocation "
            "and deadline binding"
        )
E       AssertionError: ChildIdentityBound must derive an exact child occurrence from invocation and deadline binding
E       assert {'child_occur...ccurrence_id'} <= {'child_pid',...ess_group_id'}
E         
E         Extra items in the left set:
E         'child_occurrence_id'
E         'invocation_occurrence_id'
E         'deadline_binding_hash'

tests/unit/kernel/test_process_receipt_v3_deadline_hostile.py:663: AssertionError
________ test_d05_distinct_effects_may_have_equal_monotonic_timestamps _________

    def test_d05_distinct_effects_may_have_equal_monotonic_timestamps() -> None:
        subject = _subject()
        invocation = _invocation(subject)
>       binding, child, events = _started(subject, invocation)
                                 ^^^^^^^^^^^^^^^^^^^^^^^^^^^^^

tests/unit/kernel/test_process_receipt_v3_deadline_hostile.py:2739: 
_ _ _ _ _ _ _ _ _ _ _ _ _ _ _ _ _ _ _ _ _ _ _ _ _ _ _ _ _ _ _ _ _ _ _ _ _ _ _ _ 
tests/unit/kernel/test_process_receipt_v3_deadline_hostile.py:989: in _started
    child = _child(binding, invocation)
            ^^^^^^^^^^^^^^^^^^^^^^^^^^^
_ _ _ _ _ _ _ _ _ _ _ _ _ _ _ _ _ _ _ _ _ _ _ _ _ _ _ _ _ _ _ _ _ _ _ _ _ _ _ _ 

binding = DeadlineBinding(invocation_occurrence_id='226930a19f0c89cea9b1770214bbe7fd3052740f79e6c7376386e0a0e50a07a5', started_m...b5771289e040379e3dafadcd2fa', deadline_binding_hash='22152e09026c34e9682f529b0b85cc905b96b30320705ea7dd9a7699c41b55eb')
invocation = MaterializedInvocation(command_subject_hash='1d31b64b78656c7851c9ffd9a20ca9b6e7633ad811c25109be9a9c0c10379ff6', host_n...cc21c3cb7ab5fe24fa4f', select_timeout_contract_hash='579bf368ae4a8059e8464175e08bac9ccf19cbe6db9dc96018f90e79a3cbda00')
pid = 501

    def _child(
        binding: object, invocation: MaterializedInvocation, pid: int = 501
    ) -> ChildIdentityBound:
        required = {
            "invocation_occurrence_id",
            "deadline_binding_hash",
            "child_occurrence_id",
        }
        fields = ChildIdentityBound.__dataclass_fields__
>       assert required <= set(fields), (
            "ChildIdentityBound must derive an exact child occurrence from invocation "
            "and deadline binding"
        )
E       AssertionError: ChildIdentityBound must derive an exact child occurrence from invocation and deadline binding
E       assert {'child_occur...ccurrence_id'} <= {'child_pid',...ess_group_id'}
E         
E         Extra items in the left set:
E         'child_occurrence_id'
E         'invocation_occurrence_id'
E         'deadline_binding_hash'

tests/unit/kernel/test_process_receipt_v3_deadline_hostile.py:663: AssertionError
__________ test_d05_retry_decision_does_not_authorize_the_next_effect __________

    def test_d05_retry_decision_does_not_authorize_the_next_effect() -> None:
        subject = _subject()
        invocation = _invocation(subject)
>       binding, child, events = _started(subject, invocation)
                                 ^^^^^^^^^^^^^^^^^^^^^^^^^^^^^

tests/unit/kernel/test_process_receipt_v3_deadline_hostile.py:2779: 
_ _ _ _ _ _ _ _ _ _ _ _ _ _ _ _ _ _ _ _ _ _ _ _ _ _ _ _ _ _ _ _ _ _ _ _ _ _ _ _ 
tests/unit/kernel/test_process_receipt_v3_deadline_hostile.py:989: in _started
    child = _child(binding, invocation)
            ^^^^^^^^^^^^^^^^^^^^^^^^^^^
_ _ _ _ _ _ _ _ _ _ _ _ _ _ _ _ _ _ _ _ _ _ _ _ _ _ _ _ _ _ _ _ _ _ _ _ _ _ _ _ 

binding = DeadlineBinding(invocation_occurrence_id='226930a19f0c89cea9b1770214bbe7fd3052740f79e6c7376386e0a0e50a07a5', started_m...b5771289e040379e3dafadcd2fa', deadline_binding_hash='22152e09026c34e9682f529b0b85cc905b96b30320705ea7dd9a7699c41b55eb')
invocation = MaterializedInvocation(command_subject_hash='1d31b64b78656c7851c9ffd9a20ca9b6e7633ad811c25109be9a9c0c10379ff6', host_n...cc21c3cb7ab5fe24fa4f', select_timeout_contract_hash='579bf368ae4a8059e8464175e08bac9ccf19cbe6db9dc96018f90e79a3cbda00')
pid = 501

    def _child(
        binding: object, invocation: MaterializedInvocation, pid: int = 501
    ) -> ChildIdentityBound:
        required = {
            "invocation_occurrence_id",
            "deadline_binding_hash",
            "child_occurrence_id",
        }
        fields = ChildIdentityBound.__dataclass_fields__
>       assert required <= set(fields), (
            "ChildIdentityBound must derive an exact child occurrence from invocation "
            "and deadline binding"
        )
E       AssertionError: ChildIdentityBound must derive an exact child occurrence from invocation and deadline binding
E       assert {'child_occur...ccurrence_id'} <= {'child_pid',...ess_group_id'}
E         
E         Extra items in the left set:
E         'child_occurrence_id'
E         'invocation_occurrence_id'
E         'deadline_binding_hash'

tests/unit/kernel/test_process_receipt_v3_deadline_hostile.py:663: AssertionError
______ test_d05_internal_cpython_selector_empty_retry_uses_a_fresh_effect ______

    def test_d05_internal_cpython_selector_empty_retry_uses_a_fresh_effect() -> None:
        timeout_ns = _selector_timeout_ns()
        quantum_ns = _select_timeout_contract().backend_quantum_ns
        subject = _subject(requested_timeout_ns=timeout_ns)
        invocation = _invocation(subject)
>       binding, child, events = _started(subject, invocation)
                                 ^^^^^^^^^^^^^^^^^^^^^^^^^^^^^

tests/unit/kernel/test_process_receipt_v3_deadline_hostile.py:2834: 
_ _ _ _ _ _ _ _ _ _ _ _ _ _ _ _ _ _ _ _ _ _ _ _ _ _ _ _ _ _ _ _ _ _ _ _ _ _ _ _ 
tests/unit/kernel/test_process_receipt_v3_deadline_hostile.py:989: in _started
    child = _child(binding, invocation)
            ^^^^^^^^^^^^^^^^^^^^^^^^^^^
_ _ _ _ _ _ _ _ _ _ _ _ _ _ _ _ _ _ _ _ _ _ _ _ _ _ _ _ _ _ _ _ _ _ _ _ _ _ _ _ 

binding = DeadlineBinding(invocation_occurrence_id='226930a19f0c89cea9b1770214bbe7fd3052740f79e6c7376386e0a0e50a07a5', started_m...b5771289e040379e3dafadcd2fa', deadline_binding_hash='22152e09026c34e9682f529b0b85cc905b96b30320705ea7dd9a7699c41b55eb')
invocation = MaterializedInvocation(command_subject_hash='1d31b64b78656c7851c9ffd9a20ca9b6e7633ad811c25109be9a9c0c10379ff6', host_n...cc21c3cb7ab5fe24fa4f', select_timeout_contract_hash='579bf368ae4a8059e8464175e08bac9ccf19cbe6db9dc96018f90e79a3cbda00')
pid = 501

    def _child(
        binding: object, invocation: MaterializedInvocation, pid: int = 501
    ) -> ChildIdentityBound:
        required = {
            "invocation_occurrence_id",
            "deadline_binding_hash",
            "child_occurrence_id",
        }
        fields = ChildIdentityBound.__dataclass_fields__
>       assert required <= set(fields), (
            "ChildIdentityBound must derive an exact child occurrence from invocation "
            "and deadline binding"
        )
E       AssertionError: ChildIdentityBound must derive an exact child occurrence from invocation and deadline binding
E       assert {'child_occur...ccurrence_id'} <= {'child_pid',...ess_group_id'}
E         
E         Extra items in the left set:
E         'child_occurrence_id'
E         'invocation_occurrence_id'
E         'deadline_binding_hash'

tests/unit/kernel/test_process_receipt_v3_deadline_hostile.py:663: AssertionError
_________ test_d05_internal_retry_wrapper_rejects_visible_select_eintr _________

    def test_d05_internal_retry_wrapper_rejects_visible_select_eintr() -> None:
        subject = _subject()
        invocation = _invocation(subject)
>       binding, child, events = _started(subject, invocation)
                                 ^^^^^^^^^^^^^^^^^^^^^^^^^^^^^

tests/unit/kernel/test_process_receipt_v3_deadline_hostile.py:2897: 
_ _ _ _ _ _ _ _ _ _ _ _ _ _ _ _ _ _ _ _ _ _ _ _ _ _ _ _ _ _ _ _ _ _ _ _ _ _ _ _ 
tests/unit/kernel/test_process_receipt_v3_deadline_hostile.py:989: in _started
    child = _child(binding, invocation)
            ^^^^^^^^^^^^^^^^^^^^^^^^^^^
_ _ _ _ _ _ _ _ _ _ _ _ _ _ _ _ _ _ _ _ _ _ _ _ _ _ _ _ _ _ _ _ _ _ _ _ _ _ _ _ 

binding = DeadlineBinding(invocation_occurrence_id='226930a19f0c89cea9b1770214bbe7fd3052740f79e6c7376386e0a0e50a07a5', started_m...b5771289e040379e3dafadcd2fa', deadline_binding_hash='22152e09026c34e9682f529b0b85cc905b96b30320705ea7dd9a7699c41b55eb')
invocation = MaterializedInvocation(command_subject_hash='1d31b64b78656c7851c9ffd9a20ca9b6e7633ad811c25109be9a9c0c10379ff6', host_n...cc21c3cb7ab5fe24fa4f', select_timeout_contract_hash='579bf368ae4a8059e8464175e08bac9ccf19cbe6db9dc96018f90e79a3cbda00')
pid = 501

    def _child(
        binding: object, invocation: MaterializedInvocation, pid: int = 501
    ) -> ChildIdentityBound:
        required = {
            "invocation_occurrence_id",
            "deadline_binding_hash",
            "child_occurrence_id",
        }
        fields = ChildIdentityBound.__dataclass_fields__
>       assert required <= set(fields), (
            "ChildIdentityBound must derive an exact child occurrence from invocation "
            "and deadline binding"
        )
E       AssertionError: ChildIdentityBound must derive an exact child occurrence from invocation and deadline binding
E       assert {'child_occur...ccurrence_id'} <= {'child_pid',...ess_group_id'}
E         
E         Extra items in the left set:
E         'child_occurrence_id'
E         'invocation_occurrence_id'
E         'deadline_binding_hash'

tests/unit/kernel/test_process_receipt_v3_deadline_hostile.py:663: AssertionError
__________ test_d05_retry_observation_must_bind_the_completed_effect ___________

    def test_d05_retry_observation_must_bind_the_completed_effect() -> None:
        subject = _subject()
        invocation = _invocation(subject)
>       binding, child, events = _started(subject, invocation)
                                 ^^^^^^^^^^^^^^^^^^^^^^^^^^^^^

tests/unit/kernel/test_process_receipt_v3_deadline_hostile.py:2954: 
_ _ _ _ _ _ _ _ _ _ _ _ _ _ _ _ _ _ _ _ _ _ _ _ _ _ _ _ _ _ _ _ _ _ _ _ _ _ _ _ 
tests/unit/kernel/test_process_receipt_v3_deadline_hostile.py:989: in _started
    child = _child(binding, invocation)
            ^^^^^^^^^^^^^^^^^^^^^^^^^^^
_ _ _ _ _ _ _ _ _ _ _ _ _ _ _ _ _ _ _ _ _ _ _ _ _ _ _ _ _ _ _ _ _ _ _ _ _ _ _ _ 

binding = DeadlineBinding(invocation_occurrence_id='226930a19f0c89cea9b1770214bbe7fd3052740f79e6c7376386e0a0e50a07a5', started_m...b5771289e040379e3dafadcd2fa', deadline_binding_hash='22152e09026c34e9682f529b0b85cc905b96b30320705ea7dd9a7699c41b55eb')
invocation = MaterializedInvocation(command_subject_hash='1d31b64b78656c7851c9ffd9a20ca9b6e7633ad811c25109be9a9c0c10379ff6', host_n...cc21c3cb7ab5fe24fa4f', select_timeout_contract_hash='579bf368ae4a8059e8464175e08bac9ccf19cbe6db9dc96018f90e79a3cbda00')
pid = 501

    def _child(
        binding: object, invocation: MaterializedInvocation, pid: int = 501
    ) -> ChildIdentityBound:
        required = {
            "invocation_occurrence_id",
            "deadline_binding_hash",
            "child_occurrence_id",
        }
        fields = ChildIdentityBound.__dataclass_fields__
>       assert required <= set(fields), (
            "ChildIdentityBound must derive an exact child occurrence from invocation "
            "and deadline binding"
        )
E       AssertionError: ChildIdentityBound must derive an exact child occurrence from invocation and deadline binding
E       assert {'child_occur...ccurrence_id'} <= {'child_pid',...ess_group_id'}
E         
E         Extra items in the left set:
E         'child_occurrence_id'
E         'invocation_occurrence_id'
E         'deadline_binding_hash'

tests/unit/kernel/test_process_receipt_v3_deadline_hostile.py:663: AssertionError
______ test_d06_child_and_matching_start_completion_forgery_are_rederived ______

    def test_d06_child_and_matching_start_completion_forgery_are_rederived() -> None:
        subject = _subject()
        invocation = _invocation(subject)
        binding = _binding(invocation)
        events = _append((), binding)
        events = _append(
            events,
            OperationAttempt.succeeded(ProcessStage.PROCESS_START, ProcessTarget.PROCESS),
        )
>       real_child = _child(binding, invocation)
                     ^^^^^^^^^^^^^^^^^^^^^^^^^^^

tests/unit/kernel/test_process_receipt_v3_deadline_hostile.py:2997: 
_ _ _ _ _ _ _ _ _ _ _ _ _ _ _ _ _ _ _ _ _ _ _ _ _ _ _ _ _ _ _ _ _ _ _ _ _ _ _ _ 

binding = DeadlineBinding(invocation_occurrence_id='226930a19f0c89cea9b1770214bbe7fd3052740f79e6c7376386e0a0e50a07a5', started_m...b5771289e040379e3dafadcd2fa', deadline_binding_hash='22152e09026c34e9682f529b0b85cc905b96b30320705ea7dd9a7699c41b55eb')
invocation = MaterializedInvocation(command_subject_hash='1d31b64b78656c7851c9ffd9a20ca9b6e7633ad811c25109be9a9c0c10379ff6', host_n...cc21c3cb7ab5fe24fa4f', select_timeout_contract_hash='579bf368ae4a8059e8464175e08bac9ccf19cbe6db9dc96018f90e79a3cbda00')
pid = 501

    def _child(
        binding: object, invocation: MaterializedInvocation, pid: int = 501
    ) -> ChildIdentityBound:
        required = {
            "invocation_occurrence_id",
            "deadline_binding_hash",
            "child_occurrence_id",
        }
        fields = ChildIdentityBound.__dataclass_fields__
>       assert required <= set(fields), (
            "ChildIdentityBound must derive an exact child occurrence from invocation "
            "and deadline binding"
        )
E       AssertionError: ChildIdentityBound must derive an exact child occurrence from invocation and deadline binding
E       assert {'child_occur...ccurrence_id'} <= {'child_pid',...ess_group_id'}
E         
E         Extra items in the left set:
E         'child_occurrence_id'
E         'invocation_occurrence_id'
E         'deadline_binding_hash'

tests/unit/kernel/test_process_receipt_v3_deadline_hostile.py:663: AssertionError
____________ test_d06_timeout_cannot_move_between_child_occurrences ____________

    def test_d06_timeout_cannot_move_between_child_occurrences() -> None:
        subject = _subject()
        invocation = _invocation(subject)
>       binding, child, events = _started(subject, invocation)
                                 ^^^^^^^^^^^^^^^^^^^^^^^^^^^^^

tests/unit/kernel/test_process_receipt_v3_deadline_hostile.py:3018: 
_ _ _ _ _ _ _ _ _ _ _ _ _ _ _ _ _ _ _ _ _ _ _ _ _ _ _ _ _ _ _ _ _ _ _ _ _ _ _ _ 
tests/unit/kernel/test_process_receipt_v3_deadline_hostile.py:989: in _started
    child = _child(binding, invocation)
            ^^^^^^^^^^^^^^^^^^^^^^^^^^^
_ _ _ _ _ _ _ _ _ _ _ _ _ _ _ _ _ _ _ _ _ _ _ _ _ _ _ _ _ _ _ _ _ _ _ _ _ _ _ _ 

binding = DeadlineBinding(invocation_occurrence_id='226930a19f0c89cea9b1770214bbe7fd3052740f79e6c7376386e0a0e50a07a5', started_m...b5771289e040379e3dafadcd2fa', deadline_binding_hash='22152e09026c34e9682f529b0b85cc905b96b30320705ea7dd9a7699c41b55eb')
invocation = MaterializedInvocation(command_subject_hash='1d31b64b78656c7851c9ffd9a20ca9b6e7633ad811c25109be9a9c0c10379ff6', host_n...cc21c3cb7ab5fe24fa4f', select_timeout_contract_hash='579bf368ae4a8059e8464175e08bac9ccf19cbe6db9dc96018f90e79a3cbda00')
pid = 501

    def _child(
        binding: object, invocation: MaterializedInvocation, pid: int = 501
    ) -> ChildIdentityBound:
        required = {
            "invocation_occurrence_id",
            "deadline_binding_hash",
            "child_occurrence_id",
        }
        fields = ChildIdentityBound.__dataclass_fields__
>       assert required <= set(fields), (
            "ChildIdentityBound must derive an exact child occurrence from invocation "
            "and deadline binding"
        )
E       AssertionError: ChildIdentityBound must derive an exact child occurrence from invocation and deadline binding
E       assert {'child_occur...ccurrence_id'} <= {'child_pid',...ess_group_id'}
E         
E         Extra items in the left set:
E         'child_occurrence_id'
E         'invocation_occurrence_id'
E         'deadline_binding_hash'

tests/unit/kernel/test_process_receipt_v3_deadline_hostile.py:663: AssertionError
_____ test_d07_admission_crossing_and_remaining_are_exact[remaining_ns-2] ______

field = 'remaining_ns', value = 2

    @pytest.mark.parametrize(
        ("field", "value"),
        (
            ("remaining_ns", 2),
            ("crossed", True),
        ),
    )
    def test_d07_admission_crossing_and_remaining_are_exact(
        field: str,
        value: object,
    ) -> None:
        subject = _subject()
        invocation = _invocation(subject)
>       binding, child, events = _started(subject, invocation)
                                 ^^^^^^^^^^^^^^^^^^^^^^^^^^^^^

tests/unit/kernel/test_process_receipt_v3_deadline_hostile.py:3042: 
_ _ _ _ _ _ _ _ _ _ _ _ _ _ _ _ _ _ _ _ _ _ _ _ _ _ _ _ _ _ _ _ _ _ _ _ _ _ _ _ 
tests/unit/kernel/test_process_receipt_v3_deadline_hostile.py:989: in _started
    child = _child(binding, invocation)
            ^^^^^^^^^^^^^^^^^^^^^^^^^^^
_ _ _ _ _ _ _ _ _ _ _ _ _ _ _ _ _ _ _ _ _ _ _ _ _ _ _ _ _ _ _ _ _ _ _ _ _ _ _ _ 

binding = DeadlineBinding(invocation_occurrence_id='226930a19f0c89cea9b1770214bbe7fd3052740f79e6c7376386e0a0e50a07a5', started_m...b5771289e040379e3dafadcd2fa', deadline_binding_hash='22152e09026c34e9682f529b0b85cc905b96b30320705ea7dd9a7699c41b55eb')
invocation = MaterializedInvocation(command_subject_hash='1d31b64b78656c7851c9ffd9a20ca9b6e7633ad811c25109be9a9c0c10379ff6', host_n...cc21c3cb7ab5fe24fa4f', select_timeout_contract_hash='579bf368ae4a8059e8464175e08bac9ccf19cbe6db9dc96018f90e79a3cbda00')
pid = 501

    def _child(
        binding: object, invocation: MaterializedInvocation, pid: int = 501
    ) -> ChildIdentityBound:
        required = {
            "invocation_occurrence_id",
            "deadline_binding_hash",
            "child_occurrence_id",
        }
        fields = ChildIdentityBound.__dataclass_fields__
>       assert required <= set(fields), (
            "ChildIdentityBound must derive an exact child occurrence from invocation "
            "and deadline binding"
        )
E       AssertionError: ChildIdentityBound must derive an exact child occurrence from invocation and deadline binding
E       assert {'child_occur...ccurrence_id'} <= {'child_pid',...ess_group_id'}
E         
E         Extra items in the left set:
E         'child_occurrence_id'
E         'invocation_occurrence_id'
E         'deadline_binding_hash'

tests/unit/kernel/test_process_receipt_v3_deadline_hostile.py:663: AssertionError
______ test_d07_admission_crossing_and_remaining_are_exact[crossed-True] _______

field = 'crossed', value = True

    @pytest.mark.parametrize(
        ("field", "value"),
        (
            ("remaining_ns", 2),
            ("crossed", True),
        ),
    )
    def test_d07_admission_crossing_and_remaining_are_exact(
        field: str,
        value: object,
    ) -> None:
        subject = _subject()
        invocation = _invocation(subject)
>       binding, child, events = _started(subject, invocation)
                                 ^^^^^^^^^^^^^^^^^^^^^^^^^^^^^

tests/unit/kernel/test_process_receipt_v3_deadline_hostile.py:3042: 
_ _ _ _ _ _ _ _ _ _ _ _ _ _ _ _ _ _ _ _ _ _ _ _ _ _ _ _ _ _ _ _ _ _ _ _ _ _ _ _ 
tests/unit/kernel/test_process_receipt_v3_deadline_hostile.py:989: in _started
    child = _child(binding, invocation)
            ^^^^^^^^^^^^^^^^^^^^^^^^^^^
_ _ _ _ _ _ _ _ _ _ _ _ _ _ _ _ _ _ _ _ _ _ _ _ _ _ _ _ _ _ _ _ _ _ _ _ _ _ _ _ 

binding = DeadlineBinding(invocation_occurrence_id='226930a19f0c89cea9b1770214bbe7fd3052740f79e6c7376386e0a0e50a07a5', started_m...b5771289e040379e3dafadcd2fa', deadline_binding_hash='22152e09026c34e9682f529b0b85cc905b96b30320705ea7dd9a7699c41b55eb')
invocation = MaterializedInvocation(command_subject_hash='1d31b64b78656c7851c9ffd9a20ca9b6e7633ad811c25109be9a9c0c10379ff6', host_n...cc21c3cb7ab5fe24fa4f', select_timeout_contract_hash='579bf368ae4a8059e8464175e08bac9ccf19cbe6db9dc96018f90e79a3cbda00')
pid = 501

    def _child(
        binding: object, invocation: MaterializedInvocation, pid: int = 501
    ) -> ChildIdentityBound:
        required = {
            "invocation_occurrence_id",
            "deadline_binding_hash",
            "child_occurrence_id",
        }
        fields = ChildIdentityBound.__dataclass_fields__
>       assert required <= set(fields), (
            "ChildIdentityBound must derive an exact child occurrence from invocation "
            "and deadline binding"
        )
E       AssertionError: ChildIdentityBound must derive an exact child occurrence from invocation and deadline binding
E       assert {'child_occur...ccurrence_id'} <= {'child_pid',...ess_group_id'}
E         
E         Extra items in the left set:
E         'child_occurrence_id'
E         'invocation_occurrence_id'
E         'deadline_binding_hash'

tests/unit/kernel/test_process_receipt_v3_deadline_hostile.py:663: AssertionError
________________ test_d07_deadline_equality_is_not_an_admission ________________

    def test_d07_deadline_equality_is_not_an_admission() -> None:
        subject = _subject()
        invocation = _invocation(subject)
>       binding, child, events = _started(subject, invocation)
                                 ^^^^^^^^^^^^^^^^^^^^^^^^^^^^^

tests/unit/kernel/test_process_receipt_v3_deadline_hostile.py:3059: 
_ _ _ _ _ _ _ _ _ _ _ _ _ _ _ _ _ _ _ _ _ _ _ _ _ _ _ _ _ _ _ _ _ _ _ _ _ _ _ _ 
tests/unit/kernel/test_process_receipt_v3_deadline_hostile.py:989: in _started
    child = _child(binding, invocation)
            ^^^^^^^^^^^^^^^^^^^^^^^^^^^
_ _ _ _ _ _ _ _ _ _ _ _ _ _ _ _ _ _ _ _ _ _ _ _ _ _ _ _ _ _ _ _ _ _ _ _ _ _ _ _ 

binding = DeadlineBinding(invocation_occurrence_id='226930a19f0c89cea9b1770214bbe7fd3052740f79e6c7376386e0a0e50a07a5', started_m...b5771289e040379e3dafadcd2fa', deadline_binding_hash='22152e09026c34e9682f529b0b85cc905b96b30320705ea7dd9a7699c41b55eb')
invocation = MaterializedInvocation(command_subject_hash='1d31b64b78656c7851c9ffd9a20ca9b6e7633ad811c25109be9a9c0c10379ff6', host_n...cc21c3cb7ab5fe24fa4f', select_timeout_contract_hash='579bf368ae4a8059e8464175e08bac9ccf19cbe6db9dc96018f90e79a3cbda00')
pid = 501

    def _child(
        binding: object, invocation: MaterializedInvocation, pid: int = 501
    ) -> ChildIdentityBound:
        required = {
            "invocation_occurrence_id",
            "deadline_binding_hash",
            "child_occurrence_id",
        }
        fields = ChildIdentityBound.__dataclass_fields__
>       assert required <= set(fields), (
            "ChildIdentityBound must derive an exact child occurrence from invocation "
            "and deadline binding"
        )
E       AssertionError: ChildIdentityBound must derive an exact child occurrence from invocation and deadline binding
E       assert {'child_occur...ccurrence_id'} <= {'child_pid',...ess_group_id'}
E         
E         Extra items in the left set:
E         'child_occurrence_id'
E         'invocation_occurrence_id'
E         'deadline_binding_hash'

tests/unit/kernel/test_process_receipt_v3_deadline_hostile.py:663: AssertionError
______________ test_d07_completion_equality_is_crossed_and_exact _______________

    def test_d07_completion_equality_is_crossed_and_exact() -> None:
        subject = _subject()
        invocation = _invocation(subject)
>       binding, child, events = _started(subject, invocation)
                                 ^^^^^^^^^^^^^^^^^^^^^^^^^^^^^

tests/unit/kernel/test_process_receipt_v3_deadline_hostile.py:3075: 
_ _ _ _ _ _ _ _ _ _ _ _ _ _ _ _ _ _ _ _ _ _ _ _ _ _ _ _ _ _ _ _ _ _ _ _ _ _ _ _ 
tests/unit/kernel/test_process_receipt_v3_deadline_hostile.py:989: in _started
    child = _child(binding, invocation)
            ^^^^^^^^^^^^^^^^^^^^^^^^^^^
_ _ _ _ _ _ _ _ _ _ _ _ _ _ _ _ _ _ _ _ _ _ _ _ _ _ _ _ _ _ _ _ _ _ _ _ _ _ _ _ 

binding = DeadlineBinding(invocation_occurrence_id='226930a19f0c89cea9b1770214bbe7fd3052740f79e6c7376386e0a0e50a07a5', started_m...b5771289e040379e3dafadcd2fa', deadline_binding_hash='22152e09026c34e9682f529b0b85cc905b96b30320705ea7dd9a7699c41b55eb')
invocation = MaterializedInvocation(command_subject_hash='1d31b64b78656c7851c9ffd9a20ca9b6e7633ad811c25109be9a9c0c10379ff6', host_n...cc21c3cb7ab5fe24fa4f', select_timeout_contract_hash='579bf368ae4a8059e8464175e08bac9ccf19cbe6db9dc96018f90e79a3cbda00')
pid = 501

    def _child(
        binding: object, invocation: MaterializedInvocation, pid: int = 501
    ) -> ChildIdentityBound:
        required = {
            "invocation_occurrence_id",
            "deadline_binding_hash",
            "child_occurrence_id",
        }
        fields = ChildIdentityBound.__dataclass_fields__
>       assert required <= set(fields), (
            "ChildIdentityBound must derive an exact child occurrence from invocation "
            "and deadline binding"
        )
E       AssertionError: ChildIdentityBound must derive an exact child occurrence from invocation and deadline binding
E       assert {'child_occur...ccurrence_id'} <= {'child_pid',...ess_group_id'}
E         
E         Extra items in the left set:
E         'child_occurrence_id'
E         'invocation_occurrence_id'
E         'deadline_binding_hash'

tests/unit/kernel/test_process_receipt_v3_deadline_hostile.py:663: AssertionError
________ test_d08_select_argument_is_exactly_encoded_from_pre_remaining ________

    def test_d08_select_argument_is_exactly_encoded_from_pre_remaining() -> None:
        timeout_ns = _selector_timeout_ns()
        quantum_ns = _select_timeout_contract().backend_quantum_ns
        elapsed_ns = 2 * quantum_ns
        subject = _subject(requested_timeout_ns=timeout_ns)
        invocation = _invocation(subject)
>       binding, child, events = _started(subject, invocation)
                                 ^^^^^^^^^^^^^^^^^^^^^^^^^^^^^

tests/unit/kernel/test_process_receipt_v3_deadline_hostile.py:3117: 
_ _ _ _ _ _ _ _ _ _ _ _ _ _ _ _ _ _ _ _ _ _ _ _ _ _ _ _ _ _ _ _ _ _ _ _ _ _ _ _ 
tests/unit/kernel/test_process_receipt_v3_deadline_hostile.py:989: in _started
    child = _child(binding, invocation)
            ^^^^^^^^^^^^^^^^^^^^^^^^^^^
_ _ _ _ _ _ _ _ _ _ _ _ _ _ _ _ _ _ _ _ _ _ _ _ _ _ _ _ _ _ _ _ _ _ _ _ _ _ _ _ 

binding = DeadlineBinding(invocation_occurrence_id='226930a19f0c89cea9b1770214bbe7fd3052740f79e6c7376386e0a0e50a07a5', started_m...b5771289e040379e3dafadcd2fa', deadline_binding_hash='22152e09026c34e9682f529b0b85cc905b96b30320705ea7dd9a7699c41b55eb')
invocation = MaterializedInvocation(command_subject_hash='1d31b64b78656c7851c9ffd9a20ca9b6e7633ad811c25109be9a9c0c10379ff6', host_n...cc21c3cb7ab5fe24fa4f', select_timeout_contract_hash='579bf368ae4a8059e8464175e08bac9ccf19cbe6db9dc96018f90e79a3cbda00')
pid = 501

    def _child(
        binding: object, invocation: MaterializedInvocation, pid: int = 501
    ) -> ChildIdentityBound:
        required = {
            "invocation_occurrence_id",
            "deadline_binding_hash",
            "child_occurrence_id",
        }
        fields = ChildIdentityBound.__dataclass_fields__
>       assert required <= set(fields), (
            "ChildIdentityBound must derive an exact child occurrence from invocation "
            "and deadline binding"
        )
E       AssertionError: ChildIdentityBound must derive an exact child occurrence from invocation and deadline binding
E       assert {'child_occur...ccurrence_id'} <= {'child_pid',...ess_group_id'}
E         
E         Extra items in the left set:
E         'child_occurrence_id'
E         'invocation_occurrence_id'
E         'deadline_binding_hash'

tests/unit/kernel/test_process_receipt_v3_deadline_hostile.py:663: AssertionError
____________ test_d08_select_argument_forgery_fails_closed[absent] _____________

bad_kind = 'absent'

    @pytest.mark.parametrize(
        "bad_kind",
        ("absent", "nan", "infinity", "negative", "one_ulp", "original_timeout"),
    )
    def test_d08_select_argument_forgery_fails_closed(bad_kind: str) -> None:
        timeout_ns = _selector_timeout_ns()
        quantum_ns = _select_timeout_contract().backend_quantum_ns
        elapsed_ns = 2 * quantum_ns
        subject = _subject(requested_timeout_ns=timeout_ns)
        invocation = _invocation(subject)
>       binding, child, events = _started(subject, invocation)
                                 ^^^^^^^^^^^^^^^^^^^^^^^^^^^^^

tests/unit/kernel/test_process_receipt_v3_deadline_hostile.py:3151: 
_ _ _ _ _ _ _ _ _ _ _ _ _ _ _ _ _ _ _ _ _ _ _ _ _ _ _ _ _ _ _ _ _ _ _ _ _ _ _ _ 
tests/unit/kernel/test_process_receipt_v3_deadline_hostile.py:989: in _started
    child = _child(binding, invocation)
            ^^^^^^^^^^^^^^^^^^^^^^^^^^^
_ _ _ _ _ _ _ _ _ _ _ _ _ _ _ _ _ _ _ _ _ _ _ _ _ _ _ _ _ _ _ _ _ _ _ _ _ _ _ _ 

binding = DeadlineBinding(invocation_occurrence_id='226930a19f0c89cea9b1770214bbe7fd3052740f79e6c7376386e0a0e50a07a5', started_m...b5771289e040379e3dafadcd2fa', deadline_binding_hash='22152e09026c34e9682f529b0b85cc905b96b30320705ea7dd9a7699c41b55eb')
invocation = MaterializedInvocation(command_subject_hash='1d31b64b78656c7851c9ffd9a20ca9b6e7633ad811c25109be9a9c0c10379ff6', host_n...cc21c3cb7ab5fe24fa4f', select_timeout_contract_hash='579bf368ae4a8059e8464175e08bac9ccf19cbe6db9dc96018f90e79a3cbda00')
pid = 501

    def _child(
        binding: object, invocation: MaterializedInvocation, pid: int = 501
    ) -> ChildIdentityBound:
        required = {
            "invocation_occurrence_id",
            "deadline_binding_hash",
            "child_occurrence_id",
        }
        fields = ChildIdentityBound.__dataclass_fields__
>       assert required <= set(fields), (
            "ChildIdentityBound must derive an exact child occurrence from invocation "
            "and deadline binding"
        )
E       AssertionError: ChildIdentityBound must derive an exact child occurrence from invocation and deadline binding
E       assert {'child_occur...ccurrence_id'} <= {'child_pid',...ess_group_id'}
E         
E         Extra items in the left set:
E         'child_occurrence_id'
E         'invocation_occurrence_id'
E         'deadline_binding_hash'

tests/unit/kernel/test_process_receipt_v3_deadline_hostile.py:663: AssertionError
______________ test_d08_select_argument_forgery_fails_closed[nan] ______________

bad_kind = 'nan'

    @pytest.mark.parametrize(
        "bad_kind",
        ("absent", "nan", "infinity", "negative", "one_ulp", "original_timeout"),
    )
    def test_d08_select_argument_forgery_fails_closed(bad_kind: str) -> None:
        timeout_ns = _selector_timeout_ns()
        quantum_ns = _select_timeout_contract().backend_quantum_ns
        elapsed_ns = 2 * quantum_ns
        subject = _subject(requested_timeout_ns=timeout_ns)
        invocation = _invocation(subject)
>       binding, child, events = _started(subject, invocation)
                                 ^^^^^^^^^^^^^^^^^^^^^^^^^^^^^

tests/unit/kernel/test_process_receipt_v3_deadline_hostile.py:3151: 
_ _ _ _ _ _ _ _ _ _ _ _ _ _ _ _ _ _ _ _ _ _ _ _ _ _ _ _ _ _ _ _ _ _ _ _ _ _ _ _ 
tests/unit/kernel/test_process_receipt_v3_deadline_hostile.py:989: in _started
    child = _child(binding, invocation)
            ^^^^^^^^^^^^^^^^^^^^^^^^^^^
_ _ _ _ _ _ _ _ _ _ _ _ _ _ _ _ _ _ _ _ _ _ _ _ _ _ _ _ _ _ _ _ _ _ _ _ _ _ _ _ 

binding = DeadlineBinding(invocation_occurrence_id='226930a19f0c89cea9b1770214bbe7fd3052740f79e6c7376386e0a0e50a07a5', started_m...b5771289e040379e3dafadcd2fa', deadline_binding_hash='22152e09026c34e9682f529b0b85cc905b96b30320705ea7dd9a7699c41b55eb')
invocation = MaterializedInvocation(command_subject_hash='1d31b64b78656c7851c9ffd9a20ca9b6e7633ad811c25109be9a9c0c10379ff6', host_n...cc21c3cb7ab5fe24fa4f', select_timeout_contract_hash='579bf368ae4a8059e8464175e08bac9ccf19cbe6db9dc96018f90e79a3cbda00')
pid = 501

    def _child(
        binding: object, invocation: MaterializedInvocation, pid: int = 501
    ) -> ChildIdentityBound:
        required = {
            "invocation_occurrence_id",
            "deadline_binding_hash",
            "child_occurrence_id",
        }
        fields = ChildIdentityBound.__dataclass_fields__
>       assert required <= set(fields), (
            "ChildIdentityBound must derive an exact child occurrence from invocation "
            "and deadline binding"
        )
E       AssertionError: ChildIdentityBound must derive an exact child occurrence from invocation and deadline binding
E       assert {'child_occur...ccurrence_id'} <= {'child_pid',...ess_group_id'}
E         
E         Extra items in the left set:
E         'child_occurrence_id'
E         'invocation_occurrence_id'
E         'deadline_binding_hash'

tests/unit/kernel/test_process_receipt_v3_deadline_hostile.py:663: AssertionError
___________ test_d08_select_argument_forgery_fails_closed[infinity] ____________

bad_kind = 'infinity'

    @pytest.mark.parametrize(
        "bad_kind",
        ("absent", "nan", "infinity", "negative", "one_ulp", "original_timeout"),
    )
    def test_d08_select_argument_forgery_fails_closed(bad_kind: str) -> None:
        timeout_ns = _selector_timeout_ns()
        quantum_ns = _select_timeout_contract().backend_quantum_ns
        elapsed_ns = 2 * quantum_ns
        subject = _subject(requested_timeout_ns=timeout_ns)
        invocation = _invocation(subject)
>       binding, child, events = _started(subject, invocation)
                                 ^^^^^^^^^^^^^^^^^^^^^^^^^^^^^

tests/unit/kernel/test_process_receipt_v3_deadline_hostile.py:3151: 
_ _ _ _ _ _ _ _ _ _ _ _ _ _ _ _ _ _ _ _ _ _ _ _ _ _ _ _ _ _ _ _ _ _ _ _ _ _ _ _ 
tests/unit/kernel/test_process_receipt_v3_deadline_hostile.py:989: in _started
    child = _child(binding, invocation)
            ^^^^^^^^^^^^^^^^^^^^^^^^^^^
_ _ _ _ _ _ _ _ _ _ _ _ _ _ _ _ _ _ _ _ _ _ _ _ _ _ _ _ _ _ _ _ _ _ _ _ _ _ _ _ 

binding = DeadlineBinding(invocation_occurrence_id='226930a19f0c89cea9b1770214bbe7fd3052740f79e6c7376386e0a0e50a07a5', started_m...b5771289e040379e3dafadcd2fa', deadline_binding_hash='22152e09026c34e9682f529b0b85cc905b96b30320705ea7dd9a7699c41b55eb')
invocation = MaterializedInvocation(command_subject_hash='1d31b64b78656c7851c9ffd9a20ca9b6e7633ad811c25109be9a9c0c10379ff6', host_n...cc21c3cb7ab5fe24fa4f', select_timeout_contract_hash='579bf368ae4a8059e8464175e08bac9ccf19cbe6db9dc96018f90e79a3cbda00')
pid = 501

    def _child(
        binding: object, invocation: MaterializedInvocation, pid: int = 501
    ) -> ChildIdentityBound:
        required = {
            "invocation_occurrence_id",
            "deadline_binding_hash",
            "child_occurrence_id",
        }
        fields = ChildIdentityBound.__dataclass_fields__
>       assert required <= set(fields), (
            "ChildIdentityBound must derive an exact child occurrence from invocation "
            "and deadline binding"
        )
E       AssertionError: ChildIdentityBound must derive an exact child occurrence from invocation and deadline binding
E       assert {'child_occur...ccurrence_id'} <= {'child_pid',...ess_group_id'}
E         
E         Extra items in the left set:
E         'child_occurrence_id'
E         'invocation_occurrence_id'
E         'deadline_binding_hash'

tests/unit/kernel/test_process_receipt_v3_deadline_hostile.py:663: AssertionError
___________ test_d08_select_argument_forgery_fails_closed[negative] ____________

bad_kind = 'negative'

    @pytest.mark.parametrize(
        "bad_kind",
        ("absent", "nan", "infinity", "negative", "one_ulp", "original_timeout"),
    )
    def test_d08_select_argument_forgery_fails_closed(bad_kind: str) -> None:
        timeout_ns = _selector_timeout_ns()
        quantum_ns = _select_timeout_contract().backend_quantum_ns
        elapsed_ns = 2 * quantum_ns
        subject = _subject(requested_timeout_ns=timeout_ns)
        invocation = _invocation(subject)
>       binding, child, events = _started(subject, invocation)
                                 ^^^^^^^^^^^^^^^^^^^^^^^^^^^^^

tests/unit/kernel/test_process_receipt_v3_deadline_hostile.py:3151: 
_ _ _ _ _ _ _ _ _ _ _ _ _ _ _ _ _ _ _ _ _ _ _ _ _ _ _ _ _ _ _ _ _ _ _ _ _ _ _ _ 
tests/unit/kernel/test_process_receipt_v3_deadline_hostile.py:989: in _started
    child = _child(binding, invocation)
            ^^^^^^^^^^^^^^^^^^^^^^^^^^^
_ _ _ _ _ _ _ _ _ _ _ _ _ _ _ _ _ _ _ _ _ _ _ _ _ _ _ _ _ _ _ _ _ _ _ _ _ _ _ _ 

binding = DeadlineBinding(invocation_occurrence_id='226930a19f0c89cea9b1770214bbe7fd3052740f79e6c7376386e0a0e50a07a5', started_m...b5771289e040379e3dafadcd2fa', deadline_binding_hash='22152e09026c34e9682f529b0b85cc905b96b30320705ea7dd9a7699c41b55eb')
invocation = MaterializedInvocation(command_subject_hash='1d31b64b78656c7851c9ffd9a20ca9b6e7633ad811c25109be9a9c0c10379ff6', host_n...cc21c3cb7ab5fe24fa4f', select_timeout_contract_hash='579bf368ae4a8059e8464175e08bac9ccf19cbe6db9dc96018f90e79a3cbda00')
pid = 501

    def _child(
        binding: object, invocation: MaterializedInvocation, pid: int = 501
    ) -> ChildIdentityBound:
        required = {
            "invocation_occurrence_id",
            "deadline_binding_hash",
            "child_occurrence_id",
        }
        fields = ChildIdentityBound.__dataclass_fields__
>       assert required <= set(fields), (
            "ChildIdentityBound must derive an exact child occurrence from invocation "
            "and deadline binding"
        )
E       AssertionError: ChildIdentityBound must derive an exact child occurrence from invocation and deadline binding
E       assert {'child_occur...ccurrence_id'} <= {'child_pid',...ess_group_id'}
E         
E         Extra items in the left set:
E         'child_occurrence_id'
E         'invocation_occurrence_id'
E         'deadline_binding_hash'

tests/unit/kernel/test_process_receipt_v3_deadline_hostile.py:663: AssertionError
____________ test_d08_select_argument_forgery_fails_closed[one_ulp] ____________

bad_kind = 'one_ulp'

    @pytest.mark.parametrize(
        "bad_kind",
        ("absent", "nan", "infinity", "negative", "one_ulp", "original_timeout"),
    )
    def test_d08_select_argument_forgery_fails_closed(bad_kind: str) -> None:
        timeout_ns = _selector_timeout_ns()
        quantum_ns = _select_timeout_contract().backend_quantum_ns
        elapsed_ns = 2 * quantum_ns
        subject = _subject(requested_timeout_ns=timeout_ns)
        invocation = _invocation(subject)
>       binding, child, events = _started(subject, invocation)
                                 ^^^^^^^^^^^^^^^^^^^^^^^^^^^^^

tests/unit/kernel/test_process_receipt_v3_deadline_hostile.py:3151: 
_ _ _ _ _ _ _ _ _ _ _ _ _ _ _ _ _ _ _ _ _ _ _ _ _ _ _ _ _ _ _ _ _ _ _ _ _ _ _ _ 
tests/unit/kernel/test_process_receipt_v3_deadline_hostile.py:989: in _started
    child = _child(binding, invocation)
            ^^^^^^^^^^^^^^^^^^^^^^^^^^^
_ _ _ _ _ _ _ _ _ _ _ _ _ _ _ _ _ _ _ _ _ _ _ _ _ _ _ _ _ _ _ _ _ _ _ _ _ _ _ _ 

binding = DeadlineBinding(invocation_occurrence_id='226930a19f0c89cea9b1770214bbe7fd3052740f79e6c7376386e0a0e50a07a5', started_m...b5771289e040379e3dafadcd2fa', deadline_binding_hash='22152e09026c34e9682f529b0b85cc905b96b30320705ea7dd9a7699c41b55eb')
invocation = MaterializedInvocation(command_subject_hash='1d31b64b78656c7851c9ffd9a20ca9b6e7633ad811c25109be9a9c0c10379ff6', host_n...cc21c3cb7ab5fe24fa4f', select_timeout_contract_hash='579bf368ae4a8059e8464175e08bac9ccf19cbe6db9dc96018f90e79a3cbda00')
pid = 501

    def _child(
        binding: object, invocation: MaterializedInvocation, pid: int = 501
    ) -> ChildIdentityBound:
        required = {
            "invocation_occurrence_id",
            "deadline_binding_hash",
            "child_occurrence_id",
        }
        fields = ChildIdentityBound.__dataclass_fields__
>       assert required <= set(fields), (
            "ChildIdentityBound must derive an exact child occurrence from invocation "
            "and deadline binding"
        )
E       AssertionError: ChildIdentityBound must derive an exact child occurrence from invocation and deadline binding
E       assert {'child_occur...ccurrence_id'} <= {'child_pid',...ess_group_id'}
E         
E         Extra items in the left set:
E         'child_occurrence_id'
E         'invocation_occurrence_id'
E         'deadline_binding_hash'

tests/unit/kernel/test_process_receipt_v3_deadline_hostile.py:663: AssertionError
_______ test_d08_select_argument_forgery_fails_closed[original_timeout] ________

bad_kind = 'original_timeout'

    @pytest.mark.parametrize(
        "bad_kind",
        ("absent", "nan", "infinity", "negative", "one_ulp", "original_timeout"),
    )
    def test_d08_select_argument_forgery_fails_closed(bad_kind: str) -> None:
        timeout_ns = _selector_timeout_ns()
        quantum_ns = _select_timeout_contract().backend_quantum_ns
        elapsed_ns = 2 * quantum_ns
        subject = _subject(requested_timeout_ns=timeout_ns)
        invocation = _invocation(subject)
>       binding, child, events = _started(subject, invocation)
                                 ^^^^^^^^^^^^^^^^^^^^^^^^^^^^^

tests/unit/kernel/test_process_receipt_v3_deadline_hostile.py:3151: 
_ _ _ _ _ _ _ _ _ _ _ _ _ _ _ _ _ _ _ _ _ _ _ _ _ _ _ _ _ _ _ _ _ _ _ _ _ _ _ _ 
tests/unit/kernel/test_process_receipt_v3_deadline_hostile.py:989: in _started
    child = _child(binding, invocation)
            ^^^^^^^^^^^^^^^^^^^^^^^^^^^
_ _ _ _ _ _ _ _ _ _ _ _ _ _ _ _ _ _ _ _ _ _ _ _ _ _ _ _ _ _ _ _ _ _ _ _ _ _ _ _ 

binding = DeadlineBinding(invocation_occurrence_id='226930a19f0c89cea9b1770214bbe7fd3052740f79e6c7376386e0a0e50a07a5', started_m...b5771289e040379e3dafadcd2fa', deadline_binding_hash='22152e09026c34e9682f529b0b85cc905b96b30320705ea7dd9a7699c41b55eb')
invocation = MaterializedInvocation(command_subject_hash='1d31b64b78656c7851c9ffd9a20ca9b6e7633ad811c25109be9a9c0c10379ff6', host_n...cc21c3cb7ab5fe24fa4f', select_timeout_contract_hash='579bf368ae4a8059e8464175e08bac9ccf19cbe6db9dc96018f90e79a3cbda00')
pid = 501

    def _child(
        binding: object, invocation: MaterializedInvocation, pid: int = 501
    ) -> ChildIdentityBound:
        required = {
            "invocation_occurrence_id",
            "deadline_binding_hash",
            "child_occurrence_id",
        }
        fields = ChildIdentityBound.__dataclass_fields__
>       assert required <= set(fields), (
            "ChildIdentityBound must derive an exact child occurrence from invocation "
            "and deadline binding"
        )
E       AssertionError: ChildIdentityBound must derive an exact child occurrence from invocation and deadline binding
E       assert {'child_occur...ccurrence_id'} <= {'child_pid',...ess_group_id'}
E         
E         Extra items in the left set:
E         'child_occurrence_id'
E         'invocation_occurrence_id'
E         'deadline_binding_hash'

tests/unit/kernel/test_process_receipt_v3_deadline_hostile.py:663: AssertionError
___________ test_d08_selector_semantic_wait_cannot_exceed_remaining ____________

    def test_d08_selector_semantic_wait_cannot_exceed_remaining() -> None:
        timeout_ns = _selector_timeout_ns()
        quantum_ns = _select_timeout_contract().backend_quantum_ns
        subject = _subject(requested_timeout_ns=timeout_ns)
        invocation = _invocation(subject)
>       binding, child, events = _started(subject, invocation)
                                 ^^^^^^^^^^^^^^^^^^^^^^^^^^^^^

tests/unit/kernel/test_process_receipt_v3_deadline_hostile.py:3202: 
_ _ _ _ _ _ _ _ _ _ _ _ _ _ _ _ _ _ _ _ _ _ _ _ _ _ _ _ _ _ _ _ _ _ _ _ _ _ _ _ 
tests/unit/kernel/test_process_receipt_v3_deadline_hostile.py:989: in _started
    child = _child(binding, invocation)
            ^^^^^^^^^^^^^^^^^^^^^^^^^^^
_ _ _ _ _ _ _ _ _ _ _ _ _ _ _ _ _ _ _ _ _ _ _ _ _ _ _ _ _ _ _ _ _ _ _ _ _ _ _ _ 

binding = DeadlineBinding(invocation_occurrence_id='226930a19f0c89cea9b1770214bbe7fd3052740f79e6c7376386e0a0e50a07a5', started_m...b5771289e040379e3dafadcd2fa', deadline_binding_hash='22152e09026c34e9682f529b0b85cc905b96b30320705ea7dd9a7699c41b55eb')
invocation = MaterializedInvocation(command_subject_hash='1d31b64b78656c7851c9ffd9a20ca9b6e7633ad811c25109be9a9c0c10379ff6', host_n...cc21c3cb7ab5fe24fa4f', select_timeout_contract_hash='579bf368ae4a8059e8464175e08bac9ccf19cbe6db9dc96018f90e79a3cbda00')
pid = 501

    def _child(
        binding: object, invocation: MaterializedInvocation, pid: int = 501
    ) -> ChildIdentityBound:
        required = {
            "invocation_occurrence_id",
            "deadline_binding_hash",
            "child_occurrence_id",
        }
        fields = ChildIdentityBound.__dataclass_fields__
>       assert required <= set(fields), (
            "ChildIdentityBound must derive an exact child occurrence from invocation "
            "and deadline binding"
        )
E       AssertionError: ChildIdentityBound must derive an exact child occurrence from invocation and deadline binding
E       assert {'child_occur...ccurrence_id'} <= {'child_pid',...ess_group_id'}
E         
E         Extra items in the left set:
E         'child_occurrence_id'
E         'invocation_occurrence_id'
E         'deadline_binding_hash'

tests/unit/kernel/test_process_receipt_v3_deadline_hostile.py:663: AssertionError
____________ test_d08_eintr_retry_cannot_reset_the_original_timeout ____________

    def test_d08_eintr_retry_cannot_reset_the_original_timeout() -> None:
        timeout_ns = _selector_timeout_ns()
        quantum_ns = _select_timeout_contract().backend_quantum_ns
        subject = _subject(requested_timeout_ns=timeout_ns)
        invocation = _invocation(subject)
>       binding, child, events = _started(subject, invocation)
                                 ^^^^^^^^^^^^^^^^^^^^^^^^^^^^^

tests/unit/kernel/test_process_receipt_v3_deadline_hostile.py:3227: 
_ _ _ _ _ _ _ _ _ _ _ _ _ _ _ _ _ _ _ _ _ _ _ _ _ _ _ _ _ _ _ _ _ _ _ _ _ _ _ _ 
tests/unit/kernel/test_process_receipt_v3_deadline_hostile.py:989: in _started
    child = _child(binding, invocation)
            ^^^^^^^^^^^^^^^^^^^^^^^^^^^
_ _ _ _ _ _ _ _ _ _ _ _ _ _ _ _ _ _ _ _ _ _ _ _ _ _ _ _ _ _ _ _ _ _ _ _ _ _ _ _ 

binding = DeadlineBinding(invocation_occurrence_id='226930a19f0c89cea9b1770214bbe7fd3052740f79e6c7376386e0a0e50a07a5', started_m...b5771289e040379e3dafadcd2fa', deadline_binding_hash='22152e09026c34e9682f529b0b85cc905b96b30320705ea7dd9a7699c41b55eb')
invocation = MaterializedInvocation(command_subject_hash='1d31b64b78656c7851c9ffd9a20ca9b6e7633ad811c25109be9a9c0c10379ff6', host_n...cc21c3cb7ab5fe24fa4f', select_timeout_contract_hash='579bf368ae4a8059e8464175e08bac9ccf19cbe6db9dc96018f90e79a3cbda00')
pid = 501

    def _child(
        binding: object, invocation: MaterializedInvocation, pid: int = 501
    ) -> ChildIdentityBound:
        required = {
            "invocation_occurrence_id",
            "deadline_binding_hash",
            "child_occurrence_id",
        }
        fields = ChildIdentityBound.__dataclass_fields__
>       assert required <= set(fields), (
            "ChildIdentityBound must derive an exact child occurrence from invocation "
            "and deadline binding"
        )
E       AssertionError: ChildIdentityBound must derive an exact child occurrence from invocation and deadline binding
E       assert {'child_occur...ccurrence_id'} <= {'child_pid',...ess_group_id'}
E         
E         Extra items in the left set:
E         'child_occurrence_id'
E         'invocation_occurrence_id'
E         'deadline_binding_hash'

tests/unit/kernel/test_process_receipt_v3_deadline_hostile.py:663: AssertionError
_________ test_d09_retryable_read_crossing_is_charged_but_cannot_retry _________

    def test_d09_retryable_read_crossing_is_charged_but_cannot_retry() -> None:
        subject = _subject()
        invocation = _invocation(subject)
>       binding, child, events = _status_ready_prefix(subject, invocation)
                                 ^^^^^^^^^^^^^^^^^^^^^^^^^^^^^^^^^^^^^^^^^

tests/unit/kernel/test_process_receipt_v3_deadline_hostile.py:3245: 
_ _ _ _ _ _ _ _ _ _ _ _ _ _ _ _ _ _ _ _ _ _ _ _ _ _ _ _ _ _ _ _ _ _ _ _ _ _ _ _ 
tests/unit/kernel/test_process_receipt_v3_deadline_hostile.py:1088: in _status_ready_prefix
    binding, child, events = _status_registered_prefix(subject, invocation)
                             ^^^^^^^^^^^^^^^^^^^^^^^^^^^^^^^^^^^^^^^^^^^^^^
tests/unit/kernel/test_process_receipt_v3_deadline_hostile.py:1048: in _status_registered_prefix
    binding, child, events = _started(subject, invocation)
                             ^^^^^^^^^^^^^^^^^^^^^^^^^^^^^
tests/unit/kernel/test_process_receipt_v3_deadline_hostile.py:989: in _started
    child = _child(binding, invocation)
            ^^^^^^^^^^^^^^^^^^^^^^^^^^^
_ _ _ _ _ _ _ _ _ _ _ _ _ _ _ _ _ _ _ _ _ _ _ _ _ _ _ _ _ _ _ _ _ _ _ _ _ _ _ _ 

binding = DeadlineBinding(invocation_occurrence_id='226930a19f0c89cea9b1770214bbe7fd3052740f79e6c7376386e0a0e50a07a5', started_m...b5771289e040379e3dafadcd2fa', deadline_binding_hash='22152e09026c34e9682f529b0b85cc905b96b30320705ea7dd9a7699c41b55eb')
invocation = MaterializedInvocation(command_subject_hash='1d31b64b78656c7851c9ffd9a20ca9b6e7633ad811c25109be9a9c0c10379ff6', host_n...cc21c3cb7ab5fe24fa4f', select_timeout_contract_hash='579bf368ae4a8059e8464175e08bac9ccf19cbe6db9dc96018f90e79a3cbda00')
pid = 501

    def _child(
        binding: object, invocation: MaterializedInvocation, pid: int = 501
    ) -> ChildIdentityBound:
        required = {
            "invocation_occurrence_id",
            "deadline_binding_hash",
            "child_occurrence_id",
        }
        fields = ChildIdentityBound.__dataclass_fields__
>       assert required <= set(fields), (
            "ChildIdentityBound must derive an exact child occurrence from invocation "
            "and deadline binding"
        )
E       AssertionError: ChildIdentityBound must derive an exact child occurrence from invocation and deadline binding
E       assert {'child_occur...ccurrence_id'} <= {'child_pid',...ess_group_id'}
E         
E         Extra items in the left set:
E         'child_occurrence_id'
E         'invocation_occurrence_id'
E         'deadline_binding_hash'

tests/unit/kernel/test_process_receipt_v3_deadline_hostile.py:663: AssertionError
_______ test_d09_failed_read_crossing_makes_timeout_govern_continuation ________

    def test_d09_failed_read_crossing_makes_timeout_govern_continuation() -> None:
        subject = _subject()
        invocation = _invocation(subject)
>       binding, child, events = _status_ready_prefix(subject, invocation)
                                 ^^^^^^^^^^^^^^^^^^^^^^^^^^^^^^^^^^^^^^^^^

tests/unit/kernel/test_process_receipt_v3_deadline_hostile.py:3279: 
_ _ _ _ _ _ _ _ _ _ _ _ _ _ _ _ _ _ _ _ _ _ _ _ _ _ _ _ _ _ _ _ _ _ _ _ _ _ _ _ 
tests/unit/kernel/test_process_receipt_v3_deadline_hostile.py:1088: in _status_ready_prefix
    binding, child, events = _status_registered_prefix(subject, invocation)
                             ^^^^^^^^^^^^^^^^^^^^^^^^^^^^^^^^^^^^^^^^^^^^^^
tests/unit/kernel/test_process_receipt_v3_deadline_hostile.py:1048: in _status_registered_prefix
    binding, child, events = _started(subject, invocation)
                             ^^^^^^^^^^^^^^^^^^^^^^^^^^^^^
tests/unit/kernel/test_process_receipt_v3_deadline_hostile.py:989: in _started
    child = _child(binding, invocation)
            ^^^^^^^^^^^^^^^^^^^^^^^^^^^
_ _ _ _ _ _ _ _ _ _ _ _ _ _ _ _ _ _ _ _ _ _ _ _ _ _ _ _ _ _ _ _ _ _ _ _ _ _ _ _ 

binding = DeadlineBinding(invocation_occurrence_id='226930a19f0c89cea9b1770214bbe7fd3052740f79e6c7376386e0a0e50a07a5', started_m...b5771289e040379e3dafadcd2fa', deadline_binding_hash='22152e09026c34e9682f529b0b85cc905b96b30320705ea7dd9a7699c41b55eb')
invocation = MaterializedInvocation(command_subject_hash='1d31b64b78656c7851c9ffd9a20ca9b6e7633ad811c25109be9a9c0c10379ff6', host_n...cc21c3cb7ab5fe24fa4f', select_timeout_contract_hash='579bf368ae4a8059e8464175e08bac9ccf19cbe6db9dc96018f90e79a3cbda00')
pid = 501

    def _child(
        binding: object, invocation: MaterializedInvocation, pid: int = 501
    ) -> ChildIdentityBound:
        required = {
            "invocation_occurrence_id",
            "deadline_binding_hash",
            "child_occurrence_id",
        }
        fields = ChildIdentityBound.__dataclass_fields__
>       assert required <= set(fields), (
            "ChildIdentityBound must derive an exact child occurrence from invocation "
            "and deadline binding"
        )
E       AssertionError: ChildIdentityBound must derive an exact child occurrence from invocation and deadline binding
E       assert {'child_occur...ccurrence_id'} <= {'child_pid',...ess_group_id'}
E         
E         Extra items in the left set:
E         'child_occurrence_id'
E         'invocation_occurrence_id'
E         'deadline_binding_hash'

tests/unit/kernel/test_process_receipt_v3_deadline_hostile.py:663: AssertionError
_____________ test_d10_completion_before_its_admission_is_rejected _____________

    def test_d10_completion_before_its_admission_is_rejected() -> None:
        subject = _subject()
        invocation = _invocation(subject)
>       binding, child, events = _started(subject, invocation)
                                 ^^^^^^^^^^^^^^^^^^^^^^^^^^^^^

tests/unit/kernel/test_process_receipt_v3_deadline_hostile.py:3318: 
_ _ _ _ _ _ _ _ _ _ _ _ _ _ _ _ _ _ _ _ _ _ _ _ _ _ _ _ _ _ _ _ _ _ _ _ _ _ _ _ 
tests/unit/kernel/test_process_receipt_v3_deadline_hostile.py:989: in _started
    child = _child(binding, invocation)
            ^^^^^^^^^^^^^^^^^^^^^^^^^^^
_ _ _ _ _ _ _ _ _ _ _ _ _ _ _ _ _ _ _ _ _ _ _ _ _ _ _ _ _ _ _ _ _ _ _ _ _ _ _ _ 

binding = DeadlineBinding(invocation_occurrence_id='226930a19f0c89cea9b1770214bbe7fd3052740f79e6c7376386e0a0e50a07a5', started_m...b5771289e040379e3dafadcd2fa', deadline_binding_hash='22152e09026c34e9682f529b0b85cc905b96b30320705ea7dd9a7699c41b55eb')
invocation = MaterializedInvocation(command_subject_hash='1d31b64b78656c7851c9ffd9a20ca9b6e7633ad811c25109be9a9c0c10379ff6', host_n...cc21c3cb7ab5fe24fa4f', select_timeout_contract_hash='579bf368ae4a8059e8464175e08bac9ccf19cbe6db9dc96018f90e79a3cbda00')
pid = 501

    def _child(
        binding: object, invocation: MaterializedInvocation, pid: int = 501
    ) -> ChildIdentityBound:
        required = {
            "invocation_occurrence_id",
            "deadline_binding_hash",
            "child_occurrence_id",
        }
        fields = ChildIdentityBound.__dataclass_fields__
>       assert required <= set(fields), (
            "ChildIdentityBound must derive an exact child occurrence from invocation "
            "and deadline binding"
        )
E       AssertionError: ChildIdentityBound must derive an exact child occurrence from invocation and deadline binding
E       assert {'child_occur...ccurrence_id'} <= {'child_pid',...ess_group_id'}
E         
E         Extra items in the left set:
E         'child_occurrence_id'
E         'invocation_occurrence_id'
E         'deadline_binding_hash'

tests/unit/kernel/test_process_receipt_v3_deadline_hostile.py:663: AssertionError
__________ test_d10_clock_regression_is_rejected_across_effect_checks __________

    def test_d10_clock_regression_is_rejected_across_effect_checks() -> None:
        subject = _subject()
        invocation = _invocation(subject)
>       binding, child, events = _started(subject, invocation)
                                 ^^^^^^^^^^^^^^^^^^^^^^^^^^^^^

tests/unit/kernel/test_process_receipt_v3_deadline_hostile.py:3344: 
_ _ _ _ _ _ _ _ _ _ _ _ _ _ _ _ _ _ _ _ _ _ _ _ _ _ _ _ _ _ _ _ _ _ _ _ _ _ _ _ 
tests/unit/kernel/test_process_receipt_v3_deadline_hostile.py:989: in _started
    child = _child(binding, invocation)
            ^^^^^^^^^^^^^^^^^^^^^^^^^^^
_ _ _ _ _ _ _ _ _ _ _ _ _ _ _ _ _ _ _ _ _ _ _ _ _ _ _ _ _ _ _ _ _ _ _ _ _ _ _ _ 

binding = DeadlineBinding(invocation_occurrence_id='226930a19f0c89cea9b1770214bbe7fd3052740f79e6c7376386e0a0e50a07a5', started_m...b5771289e040379e3dafadcd2fa', deadline_binding_hash='22152e09026c34e9682f529b0b85cc905b96b30320705ea7dd9a7699c41b55eb')
invocation = MaterializedInvocation(command_subject_hash='1d31b64b78656c7851c9ffd9a20ca9b6e7633ad811c25109be9a9c0c10379ff6', host_n...cc21c3cb7ab5fe24fa4f', select_timeout_contract_hash='579bf368ae4a8059e8464175e08bac9ccf19cbe6db9dc96018f90e79a3cbda00')
pid = 501

    def _child(
        binding: object, invocation: MaterializedInvocation, pid: int = 501
    ) -> ChildIdentityBound:
        required = {
            "invocation_occurrence_id",
            "deadline_binding_hash",
            "child_occurrence_id",
        }
        fields = ChildIdentityBound.__dataclass_fields__
>       assert required <= set(fields), (
            "ChildIdentityBound must derive an exact child occurrence from invocation "
            "and deadline binding"
        )
E       AssertionError: ChildIdentityBound must derive an exact child occurrence from invocation and deadline binding
E       assert {'child_occur...ccurrence_id'} <= {'child_pid',...ess_group_id'}
E         
E         Extra items in the left set:
E         'child_occurrence_id'
E         'invocation_occurrence_id'
E         'deadline_binding_hash'

tests/unit/kernel/test_process_receipt_v3_deadline_hostile.py:663: AssertionError
______ test_d10_clock_domain_occurrence_cannot_change_inside_one_binding _______

    def test_d10_clock_domain_occurrence_cannot_change_inside_one_binding() -> None:
        subject = _subject()
        invocation = _invocation(subject)
>       binding, child, events = _started(subject, invocation)
                                 ^^^^^^^^^^^^^^^^^^^^^^^^^^^^^

tests/unit/kernel/test_process_receipt_v3_deadline_hostile.py:3371: 
_ _ _ _ _ _ _ _ _ _ _ _ _ _ _ _ _ _ _ _ _ _ _ _ _ _ _ _ _ _ _ _ _ _ _ _ _ _ _ _ 
tests/unit/kernel/test_process_receipt_v3_deadline_hostile.py:989: in _started
    child = _child(binding, invocation)
            ^^^^^^^^^^^^^^^^^^^^^^^^^^^
_ _ _ _ _ _ _ _ _ _ _ _ _ _ _ _ _ _ _ _ _ _ _ _ _ _ _ _ _ _ _ _ _ _ _ _ _ _ _ _ 

binding = DeadlineBinding(invocation_occurrence_id='226930a19f0c89cea9b1770214bbe7fd3052740f79e6c7376386e0a0e50a07a5', started_m...b5771289e040379e3dafadcd2fa', deadline_binding_hash='22152e09026c34e9682f529b0b85cc905b96b30320705ea7dd9a7699c41b55eb')
invocation = MaterializedInvocation(command_subject_hash='1d31b64b78656c7851c9ffd9a20ca9b6e7633ad811c25109be9a9c0c10379ff6', host_n...cc21c3cb7ab5fe24fa4f', select_timeout_contract_hash='579bf368ae4a8059e8464175e08bac9ccf19cbe6db9dc96018f90e79a3cbda00')
pid = 501

    def _child(
        binding: object, invocation: MaterializedInvocation, pid: int = 501
    ) -> ChildIdentityBound:
        required = {
            "invocation_occurrence_id",
            "deadline_binding_hash",
            "child_occurrence_id",
        }
        fields = ChildIdentityBound.__dataclass_fields__
>       assert required <= set(fields), (
            "ChildIdentityBound must derive an exact child occurrence from invocation "
            "and deadline binding"
        )
E       AssertionError: ChildIdentityBound must derive an exact child occurrence from invocation and deadline binding
E       assert {'child_occur...ccurrence_id'} <= {'child_pid',...ess_group_id'}
E         
E         Extra items in the left set:
E         'child_occurrence_id'
E         'invocation_occurrence_id'
E         'deadline_binding_hash'

tests/unit/kernel/test_process_receipt_v3_deadline_hostile.py:663: AssertionError
_________ test_d11_reducer_build_and_verify_never_call_the_host_clock __________

monkeypatch = <_pytest.monkeypatch.MonkeyPatch object at 0x10bd1c650>

    def test_d11_reducer_build_and_verify_never_call_the_host_clock(
        monkeypatch: pytest.MonkeyPatch,
    ) -> None:
        subject = _subject()
        invocation = _invocation(subject)
>       _binding_value, _child_value, events = _started(subject, invocation)
                                               ^^^^^^^^^^^^^^^^^^^^^^^^^^^^^

tests/unit/kernel/test_process_receipt_v3_deadline_hostile.py:3391: 
_ _ _ _ _ _ _ _ _ _ _ _ _ _ _ _ _ _ _ _ _ _ _ _ _ _ _ _ _ _ _ _ _ _ _ _ _ _ _ _ 
tests/unit/kernel/test_process_receipt_v3_deadline_hostile.py:989: in _started
    child = _child(binding, invocation)
            ^^^^^^^^^^^^^^^^^^^^^^^^^^^
_ _ _ _ _ _ _ _ _ _ _ _ _ _ _ _ _ _ _ _ _ _ _ _ _ _ _ _ _ _ _ _ _ _ _ _ _ _ _ _ 

binding = DeadlineBinding(invocation_occurrence_id='226930a19f0c89cea9b1770214bbe7fd3052740f79e6c7376386e0a0e50a07a5', started_m...b5771289e040379e3dafadcd2fa', deadline_binding_hash='22152e09026c34e9682f529b0b85cc905b96b30320705ea7dd9a7699c41b55eb')
invocation = MaterializedInvocation(command_subject_hash='1d31b64b78656c7851c9ffd9a20ca9b6e7633ad811c25109be9a9c0c10379ff6', host_n...cc21c3cb7ab5fe24fa4f', select_timeout_contract_hash='579bf368ae4a8059e8464175e08bac9ccf19cbe6db9dc96018f90e79a3cbda00')
pid = 501

    def _child(
        binding: object, invocation: MaterializedInvocation, pid: int = 501
    ) -> ChildIdentityBound:
        required = {
            "invocation_occurrence_id",
            "deadline_binding_hash",
            "child_occurrence_id",
        }
        fields = ChildIdentityBound.__dataclass_fields__
>       assert required <= set(fields), (
            "ChildIdentityBound must derive an exact child occurrence from invocation "
            "and deadline binding"
        )
E       AssertionError: ChildIdentityBound must derive an exact child occurrence from invocation and deadline binding
E       assert {'child_occur...ccurrence_id'} <= {'child_pid',...ess_group_id'}
E         
E         Extra items in the left set:
E         'child_occurrence_id'
E         'invocation_occurrence_id'
E         'deadline_binding_hash'

tests/unit/kernel/test_process_receipt_v3_deadline_hostile.py:663: AssertionError
_ test_d12_timeout_cause_is_derived_from_the_winning_minimum[requested_timeout] _

outer_deadline_ns = None, source_name = 'REQUESTED_TIMEOUT', crossed_ns = 150

    @pytest.mark.parametrize(
        ("outer_deadline_ns", "source_name", "crossed_ns"),
        (
            (None, "REQUESTED_TIMEOUT", REQUESTED_DEADLINE_NS),
            (START_NS + 30, "OUTER_DEADLINE", START_NS + 30),
        ),
        ids=("requested_timeout", "outer_deadline"),
    )
    def test_d12_timeout_cause_is_derived_from_the_winning_minimum(
        outer_deadline_ns: int | None,
        source_name: str,
        crossed_ns: int,
    ) -> None:
        subject = _subject()
        invocation = _invocation(subject)
        outer = (
            None
            if outer_deadline_ns is None
            else _outer_deadline(invocation, outer_deadline_ns)
        )
>       binding, child, events = _started(
            subject,
            invocation,
            outer_deadline=outer,
        )

tests/unit/kernel/test_process_receipt_v3_deadline_hostile.py:3427: 
_ _ _ _ _ _ _ _ _ _ _ _ _ _ _ _ _ _ _ _ _ _ _ _ _ _ _ _ _ _ _ _ _ _ _ _ _ _ _ _ 
tests/unit/kernel/test_process_receipt_v3_deadline_hostile.py:989: in _started
    child = _child(binding, invocation)
            ^^^^^^^^^^^^^^^^^^^^^^^^^^^
_ _ _ _ _ _ _ _ _ _ _ _ _ _ _ _ _ _ _ _ _ _ _ _ _ _ _ _ _ _ _ _ _ _ _ _ _ _ _ _ 

binding = DeadlineBinding(invocation_occurrence_id='226930a19f0c89cea9b1770214bbe7fd3052740f79e6c7376386e0a0e50a07a5', started_m...b5771289e040379e3dafadcd2fa', deadline_binding_hash='22152e09026c34e9682f529b0b85cc905b96b30320705ea7dd9a7699c41b55eb')
invocation = MaterializedInvocation(command_subject_hash='1d31b64b78656c7851c9ffd9a20ca9b6e7633ad811c25109be9a9c0c10379ff6', host_n...cc21c3cb7ab5fe24fa4f', select_timeout_contract_hash='579bf368ae4a8059e8464175e08bac9ccf19cbe6db9dc96018f90e79a3cbda00')
pid = 501

    def _child(
        binding: object, invocation: MaterializedInvocation, pid: int = 501
    ) -> ChildIdentityBound:
        required = {
            "invocation_occurrence_id",
            "deadline_binding_hash",
            "child_occurrence_id",
        }
        fields = ChildIdentityBound.__dataclass_fields__
>       assert required <= set(fields), (
            "ChildIdentityBound must derive an exact child occurrence from invocation "
            "and deadline binding"
        )
E       AssertionError: ChildIdentityBound must derive an exact child occurrence from invocation and deadline binding
E       assert {'child_occur...ccurrence_id'} <= {'child_pid',...ess_group_id'}
E         
E         Extra items in the left set:
E         'child_occurrence_id'
E         'invocation_occurrence_id'
E         'deadline_binding_hash'

tests/unit/kernel/test_process_receipt_v3_deadline_hostile.py:663: AssertionError
__ test_d12_timeout_cause_is_derived_from_the_winning_minimum[outer_deadline] __

outer_deadline_ns = 130, source_name = 'OUTER_DEADLINE', crossed_ns = 130

    @pytest.mark.parametrize(
        ("outer_deadline_ns", "source_name", "crossed_ns"),
        (
            (None, "REQUESTED_TIMEOUT", REQUESTED_DEADLINE_NS),
            (START_NS + 30, "OUTER_DEADLINE", START_NS + 30),
        ),
        ids=("requested_timeout", "outer_deadline"),
    )
    def test_d12_timeout_cause_is_derived_from_the_winning_minimum(
        outer_deadline_ns: int | None,
        source_name: str,
        crossed_ns: int,
    ) -> None:
        subject = _subject()
        invocation = _invocation(subject)
        outer = (
            None
            if outer_deadline_ns is None
            else _outer_deadline(invocation, outer_deadline_ns)
        )
>       binding, child, events = _started(
            subject,
            invocation,
            outer_deadline=outer,
        )

tests/unit/kernel/test_process_receipt_v3_deadline_hostile.py:3427: 
_ _ _ _ _ _ _ _ _ _ _ _ _ _ _ _ _ _ _ _ _ _ _ _ _ _ _ _ _ _ _ _ _ _ _ _ _ _ _ _ 
tests/unit/kernel/test_process_receipt_v3_deadline_hostile.py:989: in _started
    child = _child(binding, invocation)
            ^^^^^^^^^^^^^^^^^^^^^^^^^^^
_ _ _ _ _ _ _ _ _ _ _ _ _ _ _ _ _ _ _ _ _ _ _ _ _ _ _ _ _ _ _ _ _ _ _ _ _ _ _ _ 

binding = DeadlineBinding(invocation_occurrence_id='226930a19f0c89cea9b1770214bbe7fd3052740f79e6c7376386e0a0e50a07a5', started_m...b5771289e040379e3dafadcd2fa', deadline_binding_hash='7f07924de5c7140f2b96de07cc566e89347d30c4a1e095addac5bd5e5d46ca92')
invocation = MaterializedInvocation(command_subject_hash='1d31b64b78656c7851c9ffd9a20ca9b6e7633ad811c25109be9a9c0c10379ff6', host_n...cc21c3cb7ab5fe24fa4f', select_timeout_contract_hash='579bf368ae4a8059e8464175e08bac9ccf19cbe6db9dc96018f90e79a3cbda00')
pid = 501

    def _child(
        binding: object, invocation: MaterializedInvocation, pid: int = 501
    ) -> ChildIdentityBound:
        required = {
            "invocation_occurrence_id",
            "deadline_binding_hash",
            "child_occurrence_id",
        }
        fields = ChildIdentityBound.__dataclass_fields__
>       assert required <= set(fields), (
            "ChildIdentityBound must derive an exact child occurrence from invocation "
            "and deadline binding"
        )
E       AssertionError: ChildIdentityBound must derive an exact child occurrence from invocation and deadline binding
E       assert {'child_occur...ccurrence_id'} <= {'child_pid',...ess_group_id'}
E         
E         Extra items in the left set:
E         'child_occurrence_id'
E         'invocation_occurrence_id'
E         'deadline_binding_hash'

tests/unit/kernel/test_process_receipt_v3_deadline_hostile.py:663: AssertionError
______ test_d14_select_post_crossing_charges_attempt_and_latches_timeout _______

    def test_d14_select_post_crossing_charges_attempt_and_latches_timeout() -> None:
        subject = _subject()
        invocation = _invocation(subject)
>       binding, child, events = _status_registered_prefix(subject, invocation)
                                 ^^^^^^^^^^^^^^^^^^^^^^^^^^^^^^^^^^^^^^^^^^^^^^

tests/unit/kernel/test_process_receipt_v3_deadline_hostile.py:3546: 
_ _ _ _ _ _ _ _ _ _ _ _ _ _ _ _ _ _ _ _ _ _ _ _ _ _ _ _ _ _ _ _ _ _ _ _ _ _ _ _ 
tests/unit/kernel/test_process_receipt_v3_deadline_hostile.py:1048: in _status_registered_prefix
    binding, child, events = _started(subject, invocation)
                             ^^^^^^^^^^^^^^^^^^^^^^^^^^^^^
tests/unit/kernel/test_process_receipt_v3_deadline_hostile.py:989: in _started
    child = _child(binding, invocation)
            ^^^^^^^^^^^^^^^^^^^^^^^^^^^
_ _ _ _ _ _ _ _ _ _ _ _ _ _ _ _ _ _ _ _ _ _ _ _ _ _ _ _ _ _ _ _ _ _ _ _ _ _ _ _ 

binding = DeadlineBinding(invocation_occurrence_id='226930a19f0c89cea9b1770214bbe7fd3052740f79e6c7376386e0a0e50a07a5', started_m...b5771289e040379e3dafadcd2fa', deadline_binding_hash='22152e09026c34e9682f529b0b85cc905b96b30320705ea7dd9a7699c41b55eb')
invocation = MaterializedInvocation(command_subject_hash='1d31b64b78656c7851c9ffd9a20ca9b6e7633ad811c25109be9a9c0c10379ff6', host_n...cc21c3cb7ab5fe24fa4f', select_timeout_contract_hash='579bf368ae4a8059e8464175e08bac9ccf19cbe6db9dc96018f90e79a3cbda00')
pid = 501

    def _child(
        binding: object, invocation: MaterializedInvocation, pid: int = 501
    ) -> ChildIdentityBound:
        required = {
            "invocation_occurrence_id",
            "deadline_binding_hash",
            "child_occurrence_id",
        }
        fields = ChildIdentityBound.__dataclass_fields__
>       assert required <= set(fields), (
            "ChildIdentityBound must derive an exact child occurrence from invocation "
            "and deadline binding"
        )
E       AssertionError: ChildIdentityBound must derive an exact child occurrence from invocation and deadline binding
E       assert {'child_occur...ccurrence_id'} <= {'child_pid',...ess_group_id'}
E         
E         Extra items in the left set:
E         'child_occurrence_id'
E         'invocation_occurrence_id'
E         'deadline_binding_hash'

tests/unit/kernel/test_process_receipt_v3_deadline_hostile.py:663: AssertionError
___________ test_d14_read_bytes_returned_at_crossing_remain_charged ____________

    def test_d14_read_bytes_returned_at_crossing_remain_charged() -> None:
        subject = _subject()
        invocation = _invocation(subject)
>       binding, child, events = _status_ready_prefix(subject, invocation)
                                 ^^^^^^^^^^^^^^^^^^^^^^^^^^^^^^^^^^^^^^^^^

tests/unit/kernel/test_process_receipt_v3_deadline_hostile.py:3588: 
_ _ _ _ _ _ _ _ _ _ _ _ _ _ _ _ _ _ _ _ _ _ _ _ _ _ _ _ _ _ _ _ _ _ _ _ _ _ _ _ 
tests/unit/kernel/test_process_receipt_v3_deadline_hostile.py:1088: in _status_ready_prefix
    binding, child, events = _status_registered_prefix(subject, invocation)
                             ^^^^^^^^^^^^^^^^^^^^^^^^^^^^^^^^^^^^^^^^^^^^^^
tests/unit/kernel/test_process_receipt_v3_deadline_hostile.py:1048: in _status_registered_prefix
    binding, child, events = _started(subject, invocation)
                             ^^^^^^^^^^^^^^^^^^^^^^^^^^^^^
tests/unit/kernel/test_process_receipt_v3_deadline_hostile.py:989: in _started
    child = _child(binding, invocation)
            ^^^^^^^^^^^^^^^^^^^^^^^^^^^
_ _ _ _ _ _ _ _ _ _ _ _ _ _ _ _ _ _ _ _ _ _ _ _ _ _ _ _ _ _ _ _ _ _ _ _ _ _ _ _ 

binding = DeadlineBinding(invocation_occurrence_id='226930a19f0c89cea9b1770214bbe7fd3052740f79e6c7376386e0a0e50a07a5', started_m...b5771289e040379e3dafadcd2fa', deadline_binding_hash='22152e09026c34e9682f529b0b85cc905b96b30320705ea7dd9a7699c41b55eb')
invocation = MaterializedInvocation(command_subject_hash='1d31b64b78656c7851c9ffd9a20ca9b6e7633ad811c25109be9a9c0c10379ff6', host_n...cc21c3cb7ab5fe24fa4f', select_timeout_contract_hash='579bf368ae4a8059e8464175e08bac9ccf19cbe6db9dc96018f90e79a3cbda00')
pid = 501

    def _child(
        binding: object, invocation: MaterializedInvocation, pid: int = 501
    ) -> ChildIdentityBound:
        required = {
            "invocation_occurrence_id",
            "deadline_binding_hash",
            "child_occurrence_id",
        }
        fields = ChildIdentityBound.__dataclass_fields__
>       assert required <= set(fields), (
            "ChildIdentityBound must derive an exact child occurrence from invocation "
            "and deadline binding"
        )
E       AssertionError: ChildIdentityBound must derive an exact child occurrence from invocation and deadline binding
E       assert {'child_occur...ccurrence_id'} <= {'child_pid',...ess_group_id'}
E         
E         Extra items in the left set:
E         'child_occurrence_id'
E         'invocation_occurrence_id'
E         'deadline_binding_hash'

tests/unit/kernel/test_process_receipt_v3_deadline_hostile.py:663: AssertionError
________ test_d14_read_eof_at_crossing_does_not_authorize_canonical_eof ________

    def test_d14_read_eof_at_crossing_does_not_authorize_canonical_eof() -> None:
        subject = _subject()
        invocation = _invocation(subject)
>       binding, child, events = _status_ready_prefix(subject, invocation)
                                 ^^^^^^^^^^^^^^^^^^^^^^^^^^^^^^^^^^^^^^^^^

tests/unit/kernel/test_process_receipt_v3_deadline_hostile.py:3620: 
_ _ _ _ _ _ _ _ _ _ _ _ _ _ _ _ _ _ _ _ _ _ _ _ _ _ _ _ _ _ _ _ _ _ _ _ _ _ _ _ 
tests/unit/kernel/test_process_receipt_v3_deadline_hostile.py:1088: in _status_ready_prefix
    binding, child, events = _status_registered_prefix(subject, invocation)
                             ^^^^^^^^^^^^^^^^^^^^^^^^^^^^^^^^^^^^^^^^^^^^^^
tests/unit/kernel/test_process_receipt_v3_deadline_hostile.py:1048: in _status_registered_prefix
    binding, child, events = _started(subject, invocation)
                             ^^^^^^^^^^^^^^^^^^^^^^^^^^^^^
tests/unit/kernel/test_process_receipt_v3_deadline_hostile.py:989: in _started
    child = _child(binding, invocation)
            ^^^^^^^^^^^^^^^^^^^^^^^^^^^
_ _ _ _ _ _ _ _ _ _ _ _ _ _ _ _ _ _ _ _ _ _ _ _ _ _ _ _ _ _ _ _ _ _ _ _ _ _ _ _ 

binding = DeadlineBinding(invocation_occurrence_id='226930a19f0c89cea9b1770214bbe7fd3052740f79e6c7376386e0a0e50a07a5', started_m...b5771289e040379e3dafadcd2fa', deadline_binding_hash='22152e09026c34e9682f529b0b85cc905b96b30320705ea7dd9a7699c41b55eb')
invocation = MaterializedInvocation(command_subject_hash='1d31b64b78656c7851c9ffd9a20ca9b6e7633ad811c25109be9a9c0c10379ff6', host_n...cc21c3cb7ab5fe24fa4f', select_timeout_contract_hash='579bf368ae4a8059e8464175e08bac9ccf19cbe6db9dc96018f90e79a3cbda00')
pid = 501

    def _child(
        binding: object, invocation: MaterializedInvocation, pid: int = 501
    ) -> ChildIdentityBound:
        required = {
            "invocation_occurrence_id",
            "deadline_binding_hash",
            "child_occurrence_id",
        }
        fields = ChildIdentityBound.__dataclass_fields__
>       assert required <= set(fields), (
            "ChildIdentityBound must derive an exact child occurrence from invocation "
            "and deadline binding"
        )
E       AssertionError: ChildIdentityBound must derive an exact child occurrence from invocation and deadline binding
E       assert {'child_occur...ccurrence_id'} <= {'child_pid',...ess_group_id'}
E         
E         Extra items in the left set:
E         'child_occurrence_id'
E         'invocation_occurrence_id'
E         'deadline_binding_hash'

tests/unit/kernel/test_process_receipt_v3_deadline_hostile.py:663: AssertionError
___________ test_d14_result_cannot_be_added_after_crossed_completion ___________

    def test_d14_result_cannot_be_added_after_crossed_completion() -> None:
        subject = _subject()
        invocation = _invocation(subject)
>       binding, child, events = _status_ready_prefix(subject, invocation)
                                 ^^^^^^^^^^^^^^^^^^^^^^^^^^^^^^^^^^^^^^^^^

tests/unit/kernel/test_process_receipt_v3_deadline_hostile.py:3658: 
_ _ _ _ _ _ _ _ _ _ _ _ _ _ _ _ _ _ _ _ _ _ _ _ _ _ _ _ _ _ _ _ _ _ _ _ _ _ _ _ 
tests/unit/kernel/test_process_receipt_v3_deadline_hostile.py:1088: in _status_ready_prefix
    binding, child, events = _status_registered_prefix(subject, invocation)
                             ^^^^^^^^^^^^^^^^^^^^^^^^^^^^^^^^^^^^^^^^^^^^^^
tests/unit/kernel/test_process_receipt_v3_deadline_hostile.py:1048: in _status_registered_prefix
    binding, child, events = _started(subject, invocation)
                             ^^^^^^^^^^^^^^^^^^^^^^^^^^^^^
tests/unit/kernel/test_process_receipt_v3_deadline_hostile.py:989: in _started
    child = _child(binding, invocation)
            ^^^^^^^^^^^^^^^^^^^^^^^^^^^
_ _ _ _ _ _ _ _ _ _ _ _ _ _ _ _ _ _ _ _ _ _ _ _ _ _ _ _ _ _ _ _ _ _ _ _ _ _ _ _ 

binding = DeadlineBinding(invocation_occurrence_id='226930a19f0c89cea9b1770214bbe7fd3052740f79e6c7376386e0a0e50a07a5', started_m...b5771289e040379e3dafadcd2fa', deadline_binding_hash='22152e09026c34e9682f529b0b85cc905b96b30320705ea7dd9a7699c41b55eb')
invocation = MaterializedInvocation(command_subject_hash='1d31b64b78656c7851c9ffd9a20ca9b6e7633ad811c25109be9a9c0c10379ff6', host_n...cc21c3cb7ab5fe24fa4f', select_timeout_contract_hash='579bf368ae4a8059e8464175e08bac9ccf19cbe6db9dc96018f90e79a3cbda00')
pid = 501

    def _child(
        binding: object, invocation: MaterializedInvocation, pid: int = 501
    ) -> ChildIdentityBound:
        required = {
            "invocation_occurrence_id",
            "deadline_binding_hash",
            "child_occurrence_id",
        }
        fields = ChildIdentityBound.__dataclass_fields__
>       assert required <= set(fields), (
            "ChildIdentityBound must derive an exact child occurrence from invocation "
            "and deadline binding"
        )
E       AssertionError: ChildIdentityBound must derive an exact child occurrence from invocation and deadline binding
E       assert {'child_occur...ccurrence_id'} <= {'child_pid',...ess_group_id'}
E         
E         Extra items in the left set:
E         'child_occurrence_id'
E         'invocation_occurrence_id'
E         'deadline_binding_hash'

tests/unit/kernel/test_process_receipt_v3_deadline_hostile.py:663: AssertionError
____ test_d14_timeout_latch_is_irreversible_even_with_later_false_admission ____

    def test_d14_timeout_latch_is_irreversible_even_with_later_false_admission() -> None:
        subject = _subject()
        invocation = _invocation(subject)
>       binding, child, events = _started(subject, invocation)
                                 ^^^^^^^^^^^^^^^^^^^^^^^^^^^^^

tests/unit/kernel/test_process_receipt_v3_deadline_hostile.py:3695: 
_ _ _ _ _ _ _ _ _ _ _ _ _ _ _ _ _ _ _ _ _ _ _ _ _ _ _ _ _ _ _ _ _ _ _ _ _ _ _ _ 
tests/unit/kernel/test_process_receipt_v3_deadline_hostile.py:989: in _started
    child = _child(binding, invocation)
            ^^^^^^^^^^^^^^^^^^^^^^^^^^^
_ _ _ _ _ _ _ _ _ _ _ _ _ _ _ _ _ _ _ _ _ _ _ _ _ _ _ _ _ _ _ _ _ _ _ _ _ _ _ _ 

binding = DeadlineBinding(invocation_occurrence_id='226930a19f0c89cea9b1770214bbe7fd3052740f79e6c7376386e0a0e50a07a5', started_m...b5771289e040379e3dafadcd2fa', deadline_binding_hash='22152e09026c34e9682f529b0b85cc905b96b30320705ea7dd9a7699c41b55eb')
invocation = MaterializedInvocation(command_subject_hash='1d31b64b78656c7851c9ffd9a20ca9b6e7633ad811c25109be9a9c0c10379ff6', host_n...cc21c3cb7ab5fe24fa4f', select_timeout_contract_hash='579bf368ae4a8059e8464175e08bac9ccf19cbe6db9dc96018f90e79a3cbda00')
pid = 501

    def _child(
        binding: object, invocation: MaterializedInvocation, pid: int = 501
    ) -> ChildIdentityBound:
        required = {
            "invocation_occurrence_id",
            "deadline_binding_hash",
            "child_occurrence_id",
        }
        fields = ChildIdentityBound.__dataclass_fields__
>       assert required <= set(fields), (
            "ChildIdentityBound must derive an exact child occurrence from invocation "
            "and deadline binding"
        )
E       AssertionError: ChildIdentityBound must derive an exact child occurrence from invocation and deadline binding
E       assert {'child_occur...ccurrence_id'} <= {'child_pid',...ess_group_id'}
E         
E         Extra items in the left set:
E         'child_occurrence_id'
E         'invocation_occurrence_id'
E         'deadline_binding_hash'

tests/unit/kernel/test_process_receipt_v3_deadline_hostile.py:663: AssertionError
______ test_d14_finalize_wait_reserve_survives_effect_completion_crossing ______

    def test_d14_finalize_wait_reserve_survives_effect_completion_crossing() -> None:
        subject = _subject()
        invocation = _invocation(subject)
>       binding, child, events = _status_registered_prefix(subject, invocation)
                                 ^^^^^^^^^^^^^^^^^^^^^^^^^^^^^^^^^^^^^^^^^^^^^^

tests/unit/kernel/test_process_receipt_v3_deadline_hostile.py:3716: 
_ _ _ _ _ _ _ _ _ _ _ _ _ _ _ _ _ _ _ _ _ _ _ _ _ _ _ _ _ _ _ _ _ _ _ _ _ _ _ _ 
tests/unit/kernel/test_process_receipt_v3_deadline_hostile.py:1048: in _status_registered_prefix
    binding, child, events = _started(subject, invocation)
                             ^^^^^^^^^^^^^^^^^^^^^^^^^^^^^
tests/unit/kernel/test_process_receipt_v3_deadline_hostile.py:989: in _started
    child = _child(binding, invocation)
            ^^^^^^^^^^^^^^^^^^^^^^^^^^^
_ _ _ _ _ _ _ _ _ _ _ _ _ _ _ _ _ _ _ _ _ _ _ _ _ _ _ _ _ _ _ _ _ _ _ _ _ _ _ _ 

binding = DeadlineBinding(invocation_occurrence_id='226930a19f0c89cea9b1770214bbe7fd3052740f79e6c7376386e0a0e50a07a5', started_m...b5771289e040379e3dafadcd2fa', deadline_binding_hash='22152e09026c34e9682f529b0b85cc905b96b30320705ea7dd9a7699c41b55eb')
invocation = MaterializedInvocation(command_subject_hash='1d31b64b78656c7851c9ffd9a20ca9b6e7633ad811c25109be9a9c0c10379ff6', host_n...cc21c3cb7ab5fe24fa4f', select_timeout_contract_hash='579bf368ae4a8059e8464175e08bac9ccf19cbe6db9dc96018f90e79a3cbda00')
pid = 501

    def _child(
        binding: object, invocation: MaterializedInvocation, pid: int = 501
    ) -> ChildIdentityBound:
        required = {
            "invocation_occurrence_id",
            "deadline_binding_hash",
            "child_occurrence_id",
        }
        fields = ChildIdentityBound.__dataclass_fields__
>       assert required <= set(fields), (
            "ChildIdentityBound must derive an exact child occurrence from invocation "
            "and deadline binding"
        )
E       AssertionError: ChildIdentityBound must derive an exact child occurrence from invocation and deadline binding
E       assert {'child_occur...ccurrence_id'} <= {'child_pid',...ess_group_id'}
E         
E         Extra items in the left set:
E         'child_occurrence_id'
E         'invocation_occurrence_id'
E         'deadline_binding_hash'

tests/unit/kernel/test_process_receipt_v3_deadline_hostile.py:663: AssertionError
=========================== short test summary info ============================
FAILED tests/unit/kernel/test_process_receipt_v3_deadline_hostile.py::test_d00_strict_invocation_rejects_an_empty_trace_as_a_downgrade
FAILED tests/unit/kernel/test_process_receipt_v3_deadline_hostile.py::test_d00_strict_invocation_rejects_a_legacy_only_trace_as_a_downgrade
FAILED tests/unit/kernel/test_process_receipt_v3_deadline_hostile.py::test_d00_strict_subject_rejects_a_legacy_invocation
FAILED tests/unit/kernel/test_process_receipt_v3_deadline_hostile.py::test_d00_legacy_lane_rejects_an_effect_bound_payload
FAILED tests/unit/kernel/test_process_receipt_v3_deadline_hostile.py::test_d00_strict_trace_rejects_an_unbound_legacy_result
FAILED tests/unit/kernel/test_process_receipt_v3_deadline_hostile.py::test_d00_verifier_rejects_strict_events_under_legacy_reducer_identity
FAILED tests/unit/kernel/test_process_receipt_v3_deadline_hostile.py::test_d00_strict_events_cannot_be_relinked_into_the_legacy_lane
FAILED tests/unit/kernel/test_process_receipt_v3_deadline_hostile.py::test_d04_spawn_cannot_omit_the_prospective_deadline_binding
FAILED tests/unit/kernel/test_process_receipt_v3_deadline_hostile.py::test_d04_generic_timeout_event_cannot_replace_a_deadline_binding
FAILED tests/unit/kernel/test_process_receipt_v3_deadline_hostile.py::test_d04_spawn_requires_post_return_completion_after_child_binding
FAILED tests/unit/kernel/test_process_receipt_v3_deadline_hostile.py::test_d04_failed_spawn_also_requires_post_return_completion
FAILED tests/unit/kernel/test_process_receipt_v3_deadline_hostile.py::test_d04_failed_spawn_completion_at_deadline_latches_without_a_child
FAILED tests/unit/kernel/test_process_receipt_v3_deadline_hostile.py::test_d04_start_completion_observation_cannot_regress_before_start
FAILED tests/unit/kernel/test_process_receipt_v3_deadline_hostile.py::test_d04_start_completion_chain_coordinates_are_rederived[completion_event_index]
FAILED tests/unit/kernel/test_process_receipt_v3_deadline_hostile.py::test_d04_start_completion_chain_coordinates_are_rederived[completion_previous_event_hash]
FAILED tests/unit/kernel/test_process_receipt_v3_deadline_hostile.py::test_d04_start_completion_provenance_is_rederived[invocation_occurrence_id]
FAILED tests/unit/kernel/test_process_receipt_v3_deadline_hostile.py::test_d04_start_completion_provenance_is_rederived[deadline_binding_hash]
FAILED tests/unit/kernel/test_process_receipt_v3_deadline_hostile.py::test_d04_start_completion_provenance_is_rederived[clock_domain_occurrence_id]
FAILED tests/unit/kernel/test_process_receipt_v3_deadline_hostile.py::test_d04_successful_spawn_completion_cannot_omit_the_child
FAILED tests/unit/kernel/test_process_receipt_v3_deadline_hostile.py::test_d04_failed_spawn_cannot_forge_a_child_before_completion
FAILED tests/unit/kernel/test_process_receipt_v3_deadline_hostile.py::test_d04_spawn_completion_at_deadline_retains_child_and_latches_timeout
FAILED tests/unit/kernel/test_process_receipt_v3_deadline_hostile.py::test_d04_late_spawn_still_allows_independent_finalize_wait_reserve
FAILED tests/unit/kernel/test_process_receipt_v3_deadline_hostile.py::test_d05_selector_create_requires_an_admission_event
FAILED tests/unit/kernel/test_process_receipt_v3_deadline_hostile.py::test_d05_read_requires_an_admission_event
FAILED tests/unit/kernel/test_process_receipt_v3_deadline_hostile.py::test_d05_admission_must_be_the_immediate_attempt_predecessor
FAILED tests/unit/kernel/test_process_receipt_v3_deadline_hostile.py::test_d05_select_outcome_cannot_omit_completion[ready]
FAILED tests/unit/kernel/test_process_receipt_v3_deadline_hostile.py::test_d05_select_outcome_cannot_omit_completion[empty]
FAILED tests/unit/kernel/test_process_receipt_v3_deadline_hostile.py::test_d05_select_outcome_cannot_omit_completion[failed]
FAILED tests/unit/kernel/test_process_receipt_v3_deadline_hostile.py::test_d05_read_outcome_cannot_omit_completion[succeeded]
FAILED tests/unit/kernel/test_process_receipt_v3_deadline_hostile.py::test_d05_read_outcome_cannot_omit_completion[retryable]
FAILED tests/unit/kernel/test_process_receipt_v3_deadline_hostile.py::test_d05_read_outcome_cannot_omit_completion[failed]
FAILED tests/unit/kernel/test_process_receipt_v3_deadline_hostile.py::test_d05_successful_select_requires_one_intrinsic_result_before_post
FAILED tests/unit/kernel/test_process_receipt_v3_deadline_hostile.py::test_d05_successful_read_requires_one_intrinsic_result_before_post
FAILED tests/unit/kernel/test_process_receipt_v3_deadline_hostile.py::test_d05_select_cannot_return_ready_and_empty_for_one_effect
FAILED tests/unit/kernel/test_process_receipt_v3_deadline_hostile.py::test_d05_read_cannot_return_bytes_and_eof_for_one_effect
FAILED tests/unit/kernel/test_process_receipt_v3_deadline_hostile.py::test_d05_unrelated_event_cannot_split_attempt_and_completion
FAILED tests/unit/kernel/test_process_receipt_v3_deadline_hostile.py::test_d05_one_admission_cannot_authorize_two_equal_timestamp_effects
FAILED tests/unit/kernel/test_process_receipt_v3_deadline_hostile.py::test_d05_stage_target_cannot_change_under_an_effect_id
FAILED tests/unit/kernel/test_process_receipt_v3_deadline_hostile.py::test_d05_target_only_cannot_change_under_a_read_effect_id
FAILED tests/unit/kernel/test_process_receipt_v3_deadline_hostile.py::test_d05_completion_cannot_move_from_one_effect_to_the_next
FAILED tests/unit/kernel/test_process_receipt_v3_deadline_hostile.py::test_d05_result_payload_cannot_move_between_effects
FAILED tests/unit/kernel/test_process_receipt_v3_deadline_hostile.py::test_d05_read_result_cannot_move_between_effects[bytes]
FAILED tests/unit/kernel/test_process_receipt_v3_deadline_hostile.py::test_d05_read_result_cannot_move_between_effects[eof]
FAILED tests/unit/kernel/test_process_receipt_v3_deadline_hostile.py::test_d05_later_global_ordinal_cannot_survive_removed_earlier_effect
FAILED tests/unit/kernel/test_process_receipt_v3_deadline_hostile.py::test_d05_distinct_effects_may_have_equal_monotonic_timestamps
FAILED tests/unit/kernel/test_process_receipt_v3_deadline_hostile.py::test_d05_retry_decision_does_not_authorize_the_next_effect
FAILED tests/unit/kernel/test_process_receipt_v3_deadline_hostile.py::test_d05_internal_cpython_selector_empty_retry_uses_a_fresh_effect
FAILED tests/unit/kernel/test_process_receipt_v3_deadline_hostile.py::test_d05_internal_retry_wrapper_rejects_visible_select_eintr
FAILED tests/unit/kernel/test_process_receipt_v3_deadline_hostile.py::test_d05_retry_observation_must_bind_the_completed_effect
FAILED tests/unit/kernel/test_process_receipt_v3_deadline_hostile.py::test_d06_child_and_matching_start_completion_forgery_are_rederived
FAILED tests/unit/kernel/test_process_receipt_v3_deadline_hostile.py::test_d06_timeout_cannot_move_between_child_occurrences
FAILED tests/unit/kernel/test_process_receipt_v3_deadline_hostile.py::test_d07_admission_crossing_and_remaining_are_exact[remaining_ns-2]
FAILED tests/unit/kernel/test_process_receipt_v3_deadline_hostile.py::test_d07_admission_crossing_and_remaining_are_exact[crossed-True]
FAILED tests/unit/kernel/test_process_receipt_v3_deadline_hostile.py::test_d07_deadline_equality_is_not_an_admission
FAILED tests/unit/kernel/test_process_receipt_v3_deadline_hostile.py::test_d07_completion_equality_is_crossed_and_exact
FAILED tests/unit/kernel/test_process_receipt_v3_deadline_hostile.py::test_d08_select_argument_is_exactly_encoded_from_pre_remaining
FAILED tests/unit/kernel/test_process_receipt_v3_deadline_hostile.py::test_d08_select_argument_forgery_fails_closed[absent]
FAILED tests/unit/kernel/test_process_receipt_v3_deadline_hostile.py::test_d08_select_argument_forgery_fails_closed[nan]
FAILED tests/unit/kernel/test_process_receipt_v3_deadline_hostile.py::test_d08_select_argument_forgery_fails_closed[infinity]
FAILED tests/unit/kernel/test_process_receipt_v3_deadline_hostile.py::test_d08_select_argument_forgery_fails_closed[negative]
FAILED tests/unit/kernel/test_process_receipt_v3_deadline_hostile.py::test_d08_select_argument_forgery_fails_closed[one_ulp]
FAILED tests/unit/kernel/test_process_receipt_v3_deadline_hostile.py::test_d08_select_argument_forgery_fails_closed[original_timeout]
FAILED tests/unit/kernel/test_process_receipt_v3_deadline_hostile.py::test_d08_selector_semantic_wait_cannot_exceed_remaining
FAILED tests/unit/kernel/test_process_receipt_v3_deadline_hostile.py::test_d08_eintr_retry_cannot_reset_the_original_timeout
FAILED tests/unit/kernel/test_process_receipt_v3_deadline_hostile.py::test_d09_retryable_read_crossing_is_charged_but_cannot_retry
FAILED tests/unit/kernel/test_process_receipt_v3_deadline_hostile.py::test_d09_failed_read_crossing_makes_timeout_govern_continuation
FAILED tests/unit/kernel/test_process_receipt_v3_deadline_hostile.py::test_d10_completion_before_its_admission_is_rejected
FAILED tests/unit/kernel/test_process_receipt_v3_deadline_hostile.py::test_d10_clock_regression_is_rejected_across_effect_checks
FAILED tests/unit/kernel/test_process_receipt_v3_deadline_hostile.py::test_d10_clock_domain_occurrence_cannot_change_inside_one_binding
FAILED tests/unit/kernel/test_process_receipt_v3_deadline_hostile.py::test_d11_reducer_build_and_verify_never_call_the_host_clock
FAILED tests/unit/kernel/test_process_receipt_v3_deadline_hostile.py::test_d12_timeout_cause_is_derived_from_the_winning_minimum[requested_timeout]
FAILED tests/unit/kernel/test_process_receipt_v3_deadline_hostile.py::test_d12_timeout_cause_is_derived_from_the_winning_minimum[outer_deadline]
FAILED tests/unit/kernel/test_process_receipt_v3_deadline_hostile.py::test_d14_select_post_crossing_charges_attempt_and_latches_timeout
FAILED tests/unit/kernel/test_process_receipt_v3_deadline_hostile.py::test_d14_read_bytes_returned_at_crossing_remain_charged
FAILED tests/unit/kernel/test_process_receipt_v3_deadline_hostile.py::test_d14_read_eof_at_crossing_does_not_authorize_canonical_eof
FAILED tests/unit/kernel/test_process_receipt_v3_deadline_hostile.py::test_d14_result_cannot_be_added_after_crossed_completion
FAILED tests/unit/kernel/test_process_receipt_v3_deadline_hostile.py::test_d14_timeout_latch_is_irreversible_even_with_later_false_admission
FAILED tests/unit/kernel/test_process_receipt_v3_deadline_hostile.py::test_d14_finalize_wait_reserve_survives_effect_completion_crossing
78 failed, 42 passed in 2.77s
