atomic_id,location,exact_atomic_proposition,claim_class,importance,scope_and_qualifiers,warrant_pointer,independent_check,status,release_action
AC-001,Abstract; source lines 24-26,"Stored state is often reused because it is current, high-confidence, or well provenanced.",interpretation,supporting,Must remain within one learned dataset and three finite panels.,current manuscript evidence hierarchy,PENDING_BLIND_COVERAGE,BOUNDED_INFERENCE,retain at current scope; narrow or remove if blind review does not find entailment
AC-002,Abstract; source lines 24-26,None of these conditions establishes that the state supports the downstream task now being asked.,interpretation,supporting,Must remain within one learned dataset and three finite panels.,current manuscript evidence hierarchy,PENDING_BLIND_COVERAGE,BOUNDED_INFERENCE,retain at current scope; narrow or remove if blind review does not find entailment
AC-003,Abstract; source lines 24-26,"We formalize state sufficiency relative to a named responsibility and study a fail-closed reuse policy that either serves a registered responsibility, reopens richer state, or declines when support cannot be checked.",interpretation,supporting,Must remain within one learned dataset and three finite panels.,current manuscript evidence hierarchy,PENDING_BLIND_COVERAGE,BOUNDED_INFERENCE,retain at current scope; narrow or remove if blind review does not find entailment
AC-004,Abstract; source lines 24-26,The evaluation separates what follows by construction from what is measured.,interpretation,supporting,Must remain within one learned dataset and three finite panels.,current manuscript evidence hierarchy,PENDING_BLIND_COVERAGE,BOUNDED_INFERENCE,retain at current scope; narrow or remove if blind review does not find entailment
AC-005,Abstract; source lines 24-26,"On 1,797 handwritten-digit items evaluated under parity and exact-digit responsibilities, the policy deliberately reuses two-dimensional parity state for parity and reopens 64-dimensional input for exact identity.",empirical_or_finite_result,supporting,One learned dataset or complete registered finite panel; no population or deployment authority.,anonymous row-level review data and standard-library independent verifier,PENDING_BLIND_COVERAGE,VERIFIED,retain at current scope; narrow or remove if blind review does not find entailment
AC-006,Abstract; source lines 24-26,It therefore matches the always-raw accuracies while reading 33 rather than 64 state values per responsibility episode,interpretation,supporting,Must remain within one learned dataset and three finite panels.,current manuscript evidence hierarchy,PENDING_BLIND_COVERAGE,BOUNDED_INFERENCE,retain at current scope; narrow or remove if blind review does not find entailment
AC-007,Abstract; source lines 24-26,confidence-only and provenance-only policies reuse unsupported state and reach exact-digit accuracies of 0.396 and 0.238.,empirical_or_finite_result,supporting,One learned dataset or complete registered finite panel; no population or deployment authority.,anonymous row-level review data and standard-library independent verifier,PENDING_BLIND_COVERAGE,VERIFIED,retain at current scope; narrow or remove if blind review does not find entailment
AC-008,Abstract; source lines 24-26,"In a disjoint verifier-backed Boolean-formula study, the policy is correct on all 24 old/new responsibility episodes while reading 60 literals, versus 108 for always-raw",interpretation,supporting,Must remain within one learned dataset and three finite panels.,current manuscript evidence hierarchy,PENDING_BLIND_COVERAGE,BOUNDED_INFERENCE,retain at current scope; narrow or remove if blind review does not find entailment
AC-009,Abstract; source lines 24-26,confidence-only and provenance-only reuse all 12 stale certificates after change.,interpretation,supporting,Must remain within one learned dataset and three finite panels.,current manuscript evidence hierarchy,PENDING_BLIND_COVERAGE,BOUNDED_INFERENCE,retain at current scope; narrow or remove if blind review does not find entailment
AC-010,Abstract; source lines 24-26,"A 48-case provenance-tiered comparison shows that current provenance does not encode responsibility support, and a separate 60-case drift study shows complementary failures of unconditional and signature-only certificate transport.",interpretation,headline,Must remain within one learned dataset and three finite panels.,current manuscript evidence hierarchy,PENDING_BLIND_COVERAGE,BOUNDED_INFERENCE,retain at current scope; narrow or remove if blind review does not find entailment
AC-011,Abstract; source lines 24-26,An earlier self-scored safety endpoint is retained as invalid because its harm label shared the policy's own support bit.,interpretation,supporting,Must remain within one learned dataset and three finite panels.,current manuscript evidence hierarchy,PENDING_BLIND_COVERAGE,BOUNDED_INFERENCE,retain at current scope; narrow or remove if blind review does not find entailment
AC-012,Abstract; source lines 24-26,The evidence establishes bounded responsibility-relative reuse on one learned dataset and finite verified constructions.,interpretation,headline,Must remain within one learned dataset and three finite panels.,current manuscript evidence hierarchy,PENDING_BLIND_COVERAGE,BOUNDED_INFERENCE,retain at current scope; narrow or remove if blind review does not find entailment
AC-013,Abstract; source lines 24-26,"It does not establish deployment safety, population generalization, or transport across arbitrary semantic change",interpretation,headline,Must remain within one learned dataset and three finite panels.,current manuscript evidence hierarchy,PENDING_BLIND_COVERAGE,BOUNDED_INFERENCE,retain at current scope; narrow or remove if blind review does not find entailment
AC-014,Introduction; source lines 30-30,"Learned systems increasingly store compact predictions, summaries, memories, or certificates and reuse them later.",interpretation,supporting,Must remain within one learned dataset and three finite panels.,current manuscript evidence hierarchy,PENDING_BLIND_COVERAGE,BOUNDED_INFERENCE,retain at current scope; narrow or remove if blind review does not find entailment
AC-015,Introduction; source lines 30-30,"Reuse can save computation and preserve continuity, but it also creates a semantic question that confidence, freshness, and provenance do not answer: what may this state still be used to decide?",interpretation,supporting,Must remain within one learned dataset and three finite panels.,current manuscript evidence hierarchy,PENDING_BLIND_COVERAGE,BOUNDED_INFERENCE,retain at current scope; narrow or remove if blind review does not find entailment
AC-016,Introduction; source lines 30-30,A parity summary of a handwritten digit may remain accurate and current while being insufficient for exact digit identity.,interpretation,supporting,Must remain within one learned dataset and three finite panels.,current manuscript evidence hierarchy,PENDING_BLIND_COVERAGE,BOUNDED_INFERENCE,retain at current scope; narrow or remove if blind review does not find entailment
AC-017,Introduction; source lines 30-30,A satisfying assignment may remain well authenticated while ceasing to satisfy a strengthened formula.,interpretation,supporting,Must remain within one learned dataset and three finite panels.,current manuscript evidence hierarchy,PENDING_BLIND_COVERAGE,BOUNDED_INFERENCE,retain at current scope; narrow or remove if blind review does not find entailment
AC-018,Introduction; source lines 30-30,In both cases the state has not become corrupt in the ordinary sense,interpretation,supporting,Must remain within one learned dataset and three finite panels.,current manuscript evidence hierarchy,PENDING_BLIND_COVERAGE,BOUNDED_INFERENCE,retain at current scope; narrow or remove if blind review does not find entailment
AC-019,Introduction; source lines 30-30,the downstream responsibility has changed,interpretation,supporting,Must remain within one learned dataset and three finite panels.,current manuscript evidence hierarchy,PENDING_BLIND_COVERAGE,BOUNDED_INFERENCE,retain at current scope; narrow or remove if blind review does not find entailment
AC-020,Introduction; source lines 32-32,"The distinction is related to statistical sufficiency, state abstraction, and Blackwell comparison, all of which treat informativeness relative to a family of decisions or targets [cited source].",literature,supporting,No component-priority claim; one unverified candidate donor was excluded.,current bibliography plus live identity audit dated 2026-08-28,PENDING_BLIND_COVERAGE,VERIFIED,retain at current scope; narrow or remove if blind review does not find entailment
AC-021,Introduction; source lines 32-32,"It is also adjacent to selective prediction, which withholds decisions under uncertainty [cited source], truth-maintenance systems, which revise beliefs after premise changes [cited source], and recent work on stale agent memory, execution provenance, and proof-carrying actions [cited source].",literature,supporting,No component-priority claim; one unverified candidate donor was excluded.,current bibliography plus live identity audit dated 2026-08-28,PENDING_BLIND_COVERAGE,VERIFIED,retain at current scope; narrow or remove if blind review does not find entailment
AC-022,Introduction; source lines 32-32,"These lines motivate auditability, expiry, and certification.",interpretation,supporting,Must remain within one learned dataset and three finite panels.,current manuscript evidence hierarchy,PENDING_BLIND_COVERAGE,BOUNDED_INFERENCE,retain at current scope; narrow or remove if blind review does not find entailment
AC-023,Introduction; source lines 32-32,They do not make provenance or confidence a proof that a representation supports a newly requested task,interpretation,supporting,Must remain within one learned dataset and three finite panels.,current manuscript evidence hierarchy,PENDING_BLIND_COVERAGE,BOUNDED_INFERENCE,retain at current scope; narrow or remove if blind review does not find entailment
AC-024,Introduction; source lines 34-34,We make the responsibility explicit.,interpretation,supporting,Must remain within one learned dataset and three finite panels.,current manuscript evidence hierarchy,PENDING_BLIND_COVERAGE,BOUNDED_INFERENCE,retain at current scope; narrow or remove if blind review does not find entailment
AC-025,Introduction; source lines 34-34,"A state contract records the set of responsibilities for which support has been established, the contextual coordinates that must remain unchanged, and whether richer state can be reopened.",interpretation,supporting,Must remain within one learned dataset and three finite panels.,current manuscript evidence hierarchy,PENDING_BLIND_COVERAGE,BOUNDED_INFERENCE,retain at current scope; narrow or remove if blind review does not find entailment
AC-026,Introduction; source lines 34-34,"A reuse request then has three possible outcomes: use the stored state, reopen richer state, or decline because support cannot be checked.",interpretation,supporting,Must remain within one learned dataset and three finite panels.,current manuscript evidence hierarchy,PENDING_BLIND_COVERAGE,BOUNDED_INFERENCE,retain at current scope; narrow or remove if blind review does not find entailment
AC-027,Introduction; source lines 34-34,"This is a semantic interface rather than a self-authorizing certificate: the declaration must be justified by an external model, verifier, or registered support relation",interpretation,supporting,Must remain within one learned dataset and three finite panels.,current manuscript evidence hierarchy,PENDING_BLIND_COVERAGE,BOUNDED_INFERENCE,retain at current scope; narrow or remove if blind review does not find entailment
AC-028,Introduction; source lines 36-36,The paper contributes four bounded pieces of evidence.,interpretation,supporting,Must remain within one learned dataset and three finite panels.,current manuscript evidence hierarchy,PENDING_BLIND_COVERAGE,BOUNDED_INFERENCE,retain at current scope; narrow or remove if blind review does not find entailment
AC-029,Introduction; source lines 36-36,"First, a learned-data study separates a parity responsibility from exact digit identity on the same 1,797 items.",empirical_or_finite_result,supporting,One learned dataset or complete registered finite panel; no population or deployment authority.,anonymous row-level review data and standard-library independent verifier,PENDING_BLIND_COVERAGE,VERIFIED,retain at current scope; narrow or remove if blind review does not find entailment
AC-030,Introduction; source lines 36-36,"Second, a finite Boolean-formula study makes old and changed responsibilities exactly checkable.",interpretation,supporting,Must remain within one learned dataset and three finite panels.,current manuscript evidence hierarchy,PENDING_BLIND_COVERAGE,BOUNDED_INFERENCE,retain at current scope; narrow or remove if blind review does not find entailment
AC-031,Introduction; source lines 36-36,"Third, a provenance-tiered comparison tests whether current provenance alone prevents unsupported reuse after responsibility change.",interpretation,headline,Must remain within one learned dataset and three finite panels.,current manuscript evidence hierarchy,PENDING_BLIND_COVERAGE,BOUNDED_INFERENCE,retain at current scope; narrow or remove if blind review does not find entailment
AC-032,Introduction; source lines 36-36,"Fourth, a drift study tests certificate transport rather than treating every context change as automatic revocation.",interpretation,supporting,Must remain within one learned dataset and three finite panels.,current manuscript evidence hierarchy,PENDING_BLIND_COVERAGE,BOUNDED_INFERENCE,retain at current scope; narrow or remove if blind review does not find entailment
AC-033,Introduction; source lines 36-36,"In each study the always-raw or always-reissue arm is a correctness ceiling, not a strawman, and raw-state access is counted explicitly",interpretation,supporting,Must remain within one learned dataset and three finite panels.,current manuscript evidence hierarchy,PENDING_BLIND_COVERAGE,BOUNDED_INFERENCE,retain at current scope; narrow or remove if blind review does not find entailment
AC-034,Introduction; source lines 38-38,Two constraints are central to the interpretation.,interpretation,supporting,Must remain within one learned dataset and three finite panels.,current manuscript evidence hierarchy,PENDING_BLIND_COVERAGE,BOUNDED_INFERENCE,retain at current scope; narrow or remove if blind review does not find entailment
AC-035,Introduction; source lines 38-38,The responsibility-aware policy's equality with always-raw accuracy follows from its routing rule: it uses the same parity output on parity episodes and the same raw digit or formula solver on unsupported episodes.,interpretation,supporting,Must remain within one learned dataset and three finite panels.,current manuscript evidence hierarchy,PENDING_BLIND_COVERAGE,BOUNDED_INFERENCE,retain at current scope; narrow or remove if blind review does not find entailment
AC-036,Introduction; source lines 38-38,The empirical question is therefore not whether the router learns to beat always-raw.,interpretation,supporting,Must remain within one learned dataset and three finite panels.,current manuscript evidence hierarchy,PENDING_BLIND_COVERAGE,BOUNDED_INFERENCE,retain at current scope; narrow or remove if blind review does not find entailment
AC-037,Introduction; source lines 38-38,"It is whether the declared support boundary is honored, whether responsibility-blind comparators fail where predicted, and what raw access is avoided.",interpretation,supporting,Must remain within one learned dataset and three finite panels.,current manuscript evidence hierarchy,PENDING_BLIND_COVERAGE,BOUNDED_INFERENCE,retain at current scope; narrow or remove if blind review does not find entailment
AC-038,Introduction; source lines 38-38,"Second, the formula studies are complete finite panels under registered generators, not samples from a natural population",interpretation,supporting,Must remain within one learned dataset and three finite panels.,current manuscript evidence hierarchy,PENDING_BLIND_COVERAGE,BOUNDED_INFERENCE,retain at current scope; narrow or remove if blind review does not find entailment
AC-039,Introduction; source lines 40-40,We retain a failed measurement that preceded these studies.,interpretation,supporting,Must remain within one learned dataset and three finite panels.,current manuscript evidence hierarchy,PENDING_BLIND_COVERAGE,BOUNDED_INFERENCE,retain at current scope; narrow or remove if blind review does not find entailment
AC-040,Introduction; source lines 40-40,"Its reported zero unsafe reuse was defined using the policy's own support bit, leaving no independent harm opportunity.",interpretation,supporting,Must remain within one learned dataset and three finite panels.,current manuscript evidence hierarchy,PENDING_BLIND_COVERAGE,BOUNDED_INFERENCE,retain at current scope; narrow or remove if blind review does not find entailment
AC-041,Introduction; source lines 40-40,That endpoint is not used as evidence.,interpretation,supporting,Must remain within one learned dataset and three finite panels.,current manuscript evidence hierarchy,PENDING_BLIND_COVERAGE,BOUNDED_INFERENCE,retain at current scope; narrow or remove if blind review does not find entailment
AC-042,Introduction; source lines 40-40,Keeping this correction visible is necessary because a reuse policy must not grade its own safety,interpretation,supporting,Must remain within one learned dataset and three finite panels.,current manuscript evidence hierarchy,PENDING_BLIND_COVERAGE,BOUNDED_INFERENCE,retain at current scope; narrow or remove if blind review does not find entailment
AC-043,Related work and claim boundary; source lines 44-45,Sufficiency and abstraction.,literature,supporting,No component-priority claim; one unverified candidate donor was excluded.,current bibliography plus live identity audit dated 2026-08-28,PENDING_BLIND_COVERAGE,VERIFIED,retain at current scope; narrow or remove if blind review does not find entailment
AC-044,Related work and claim boundary; source lines 44-45,Classical sufficiency asks whether a statistic preserves information about a parameter,literature,supporting,No component-priority claim; one unverified candidate donor was excluded.,current bibliography plus live identity audit dated 2026-08-28,PENDING_BLIND_COVERAGE,VERIFIED,retain at current scope; narrow or remove if blind review does not find entailment
AC-045,Related work and claim boundary; source lines 44-45,decision-theoretic comparison asks when one experiment is at least as informative as another [cited source].,literature,supporting,No component-priority claim; one unverified candidate donor was excluded.,current bibliography plus live identity audit dated 2026-08-28,PENDING_BLIND_COVERAGE,VERIFIED,retain at current scope; narrow or remove if blind review does not find entailment
AC-046,Related work and claim boundary; source lines 44-45,State-abstraction work makes analogous distinctions for policies and value functions in sequential decision problems [cited source].,literature,supporting,No component-priority claim; one unverified candidate donor was excluded.,current bibliography plus live identity audit dated 2026-08-28,PENDING_BLIND_COVERAGE,VERIFIED,retain at current scope; narrow or remove if blind review does not find entailment
AC-047,Related work and claim boundary; source lines 44-45,Representation learning also distinguishes task-relevant invariance from indiscriminate compression [cited source].,literature,supporting,No component-priority claim; one unverified candidate donor was excluded.,current bibliography plus live identity audit dated 2026-08-28,PENDING_BLIND_COVERAGE,VERIFIED,retain at current scope; narrow or remove if blind review does not find entailment
AC-048,Related work and claim boundary; source lines 44-45,We use the elementary factorization condition for a fixed downstream function.,literature,supporting,No component-priority claim; one unverified candidate donor was excluded.,current bibliography plus live identity audit dated 2026-08-28,PENDING_BLIND_COVERAGE,VERIFIED,retain at current scope; narrow or remove if blind review does not find entailment
AC-049,Related work and claim boundary; source lines 44-45,We do not claim a new universal theory of sufficient statistics or a total ordering over responsibilities,literature,supporting,No component-priority claim; one unverified candidate donor was excluded.,current bibliography plus live identity audit dated 2026-08-28,PENDING_BLIND_COVERAGE,VERIFIED,retain at current scope; narrow or remove if blind review does not find entailment
AC-050,Related work and claim boundary; source lines 47-48,"Confidence, abstention, and stale memory.",literature,supporting,No component-priority claim; one unverified candidate donor was excluded.,current bibliography plus live identity audit dated 2026-08-28,PENDING_BLIND_COVERAGE,VERIFIED,retain at current scope; narrow or remove if blind review does not find entailment
AC-051,Related work and claim boundary; source lines 47-48,Selective classification uses confidence or risk estimates to abstain on hard inputs [cited source].,literature,supporting,No component-priority claim; one unverified candidate donor was excluded.,current bibliography plus live identity audit dated 2026-08-28,PENDING_BLIND_COVERAGE,VERIFIED,retain at current scope; narrow or remove if blind review does not find entailment
AC-052,Related work and claim boundary; source lines 47-48,Our failure mode is different: a stored representation can be highly confident for one responsibility and structurally unable to answer another.,literature,supporting,No component-priority claim; one unverified candidate donor was excluded.,current bibliography plus live identity audit dated 2026-08-28,PENDING_BLIND_COVERAGE,VERIFIED,retain at current scope; narrow or remove if blind review does not find entailment
AC-053,Related work and claim boundary; source lines 47-48,Recent stale-memory work asks whether an agent can recognize when later evidence invalidates stored information [cited source].,literature,supporting,No component-priority claim; one unverified candidate donor was excluded.,current bibliography plus live identity audit dated 2026-08-28,PENDING_BLIND_COVERAGE,VERIFIED,retain at current scope; narrow or remove if blind review does not find entailment
AC-054,Related work and claim boundary; source lines 47-48,We study a complementary change in requested responsibility even when provenance remains current,literature,supporting,No component-priority claim; one unverified candidate donor was excluded.,current bibliography plus live identity audit dated 2026-08-28,PENDING_BLIND_COVERAGE,VERIFIED,retain at current scope; narrow or remove if blind review does not find entailment
AC-055,Related work and claim boundary; source lines 50-51,Provenance and proof-carrying action.,literature,supporting,No component-priority claim; one unverified candidate donor was excluded.,current bibliography plus live identity audit dated 2026-08-28,PENDING_BLIND_COVERAGE,VERIFIED,retain at current scope; narrow or remove if blind review does not find entailment
AC-056,Related work and claim boundary; source lines 50-51,Evidence tracing and execution provenance support attribution and auditability [cited source].,literature,supporting,No component-priority claim; one unverified candidate donor was excluded.,current bibliography plus live identity audit dated 2026-08-28,PENDING_BLIND_COVERAGE,VERIFIED,retain at current scope; narrow or remove if blind review does not find entailment
AC-057,Related work and claim boundary; source lines 50-51,Proof-carrying action proposals attach checkable evidence to actions and governance decisions [cited source].,literature,supporting,No component-priority claim; one unverified candidate donor was excluded.,current bibliography plus live identity audit dated 2026-08-28,PENDING_BLIND_COVERAGE,VERIFIED,retain at current scope; narrow or remove if blind review does not find entailment
AC-058,Related work and claim boundary; source lines 50-51,These are necessary substrates for trustworthy reuse.,literature,supporting,No component-priority claim; one unverified candidate donor was excluded.,current bibliography plus live identity audit dated 2026-08-28,PENDING_BLIND_COVERAGE,VERIFIED,retain at current scope; narrow or remove if blind review does not find entailment
AC-059,Related work and claim boundary; source lines 50-51,Our narrower residual is that a valid record or signature does not encode every task that the represented content can support.,literature,supporting,No component-priority claim; one unverified candidate donor was excluded.,current bibliography plus live identity audit dated 2026-08-28,PENDING_BLIND_COVERAGE,VERIFIED,retain at current scope; narrow or remove if blind review does not find entailment
AC-060,Related work and claim boundary; source lines 50-51,The provenance-tiered baseline operationalizes that distinction rather than treating provenance as a weak or irrelevant comparator,literature,supporting,No component-priority claim; one unverified candidate donor was excluded.,current bibliography plus live identity audit dated 2026-08-28,PENDING_BLIND_COVERAGE,VERIFIED,retain at current scope; narrow or remove if blind review does not find entailment
AC-061,Related work and claim boundary; source lines 53-54,Truth maintenance and semantic change.,literature,supporting,No component-priority claim; one unverified candidate donor was excluded.,current bibliography plus live identity audit dated 2026-08-28,PENDING_BLIND_COVERAGE,VERIFIED,retain at current scope; narrow or remove if blind review does not find entailment
AC-062,Related work and claim boundary; source lines 53-54,Truth-maintenance systems track justifications and retract conclusions when assumptions change [cited source].,literature,supporting,No component-priority claim; one unverified candidate donor was excluded.,current bibliography plus live identity audit dated 2026-08-28,PENDING_BLIND_COVERAGE,VERIFIED,retain at current scope; narrow or remove if blind review does not find entailment
AC-063,Related work and claim boundary; source lines 53-54,"Our drift study is related, but asks when a compact certificate can be transported without full re-issue.",literature,supporting,No component-priority claim; one unverified candidate donor was excluded.,current bibliography plus live identity audit dated 2026-08-28,PENDING_BLIND_COVERAGE,VERIFIED,retain at current scope; narrow or remove if blind review does not find entailment
AC-064,Related work and claim boundary; source lines 53-54,"It covers only registered clause addition, deletion, and strengthening patterns.",literature,supporting,No component-priority claim; one unverified candidate donor was excluded.,current bibliography plus live identity audit dated 2026-08-28,PENDING_BLIND_COVERAGE,VERIFIED,retain at current scope; narrow or remove if blind review does not find entailment
AC-065,Related work and claim boundary; source lines 53-54,It does not claim a complete belief-revision or program-verification procedure,literature,supporting,No component-priority claim; one unverified candidate donor was excluded.,current bibliography plus live identity audit dated 2026-08-28,PENDING_BLIND_COVERAGE,VERIFIED,retain at current scope; narrow or remove if blind review does not find entailment
AC-066,Related work and claim boundary; source lines 56-57,Claim boundary.,literature,supporting,No component-priority claim; one unverified candidate donor was excluded.,current bibliography plus live identity audit dated 2026-08-28,PENDING_BLIND_COVERAGE,VERIFIED,retain at current scope; narrow or remove if blind review does not find entailment
AC-067,Related work and claim boundary; source lines 56-57,"The contribution is the combined support contract, explicit reopen semantics, and matched evidence across learned and exactly verified responsibilities.",literature,supporting,No component-priority claim; one unverified candidate donor was excluded.,current bibliography plus live identity audit dated 2026-08-28,PENDING_BLIND_COVERAGE,VERIFIED,retain at current scope; narrow or remove if blind review does not find entailment
AC-068,Related work and claim boundary; source lines 56-57,"The paper does not claim that confidence, provenance, signatures, or memory expiry are ineffective.",literature,supporting,No component-priority claim; one unverified candidate donor was excluded.,current bibliography plus live identity audit dated 2026-08-28,PENDING_BLIND_COVERAGE,VERIFIED,retain at current scope; narrow or remove if blind review does not find entailment
AC-069,Related work and claim boundary; source lines 56-57,It claims only that they answer different questions and can remain valid when responsibility support has changed,literature,supporting,No component-priority claim; one unverified candidate donor was excluded.,current bibliography plus live identity audit dated 2026-08-28,PENDING_BLIND_COVERAGE,VERIFIED,retain at current scope; narrow or remove if blind review does not find entailment
AC-070,Responsibility-relative support; source lines 61-61,"Let X be raw state, T(X) a stored representation, and g_r(X) the correct output for responsibility r over a declared world set",definition_or_proposition,supporting,Exact only on a declared world set and responsibility.,"definition, direct proof, and finite collision witnesses",PENDING_BLIND_COVERAGE,VERIFIED,retain at current scope; narrow or remove if blind review does not find entailment
AC-071,Responsibility-relative support; source lines 63-68,T supports responsibility r on if there exists a decoder h_r such that [ g_r(x)=h_r(T(x)) for every x . ],definition_or_proposition,supporting,Exact only on a declared world set and responsibility.,"definition, direct proof, and finite collision witnesses",PENDING_BLIND_COVERAGE,VERIFIED,retain at current scope; narrow or remove if blind review does not find entailment
AC-072,Responsibility-relative support; source lines 70-70,"Equivalently, every equivalence class induced by T is homogeneous under g_r.",definition_or_proposition,supporting,Exact only on a declared world set and responsibility.,"definition, direct proof, and finite collision witnesses",PENDING_BLIND_COVERAGE,VERIFIED,retain at current scope; narrow or remove if blind review does not find entailment
AC-073,Responsibility-relative support; source lines 70-70,"This definition is conditional on , r, and the meaning of correctness.",definition_or_proposition,supporting,Exact only on a declared world set and responsibility.,"definition, direct proof, and finite collision witnesses",PENDING_BLIND_COVERAGE,VERIFIED,retain at current scope; narrow or remove if blind review does not find entailment
AC-074,Responsibility-relative support; source lines 70-70,It never licenses a population claim outside the declared world set,definition_or_proposition,supporting,Exact only on a declared world set and responsibility.,"definition, direct proof, and finite collision witnesses",PENDING_BLIND_COVERAGE,VERIFIED,retain at current scope; narrow or remove if blind review does not find entailment
AC-075,Responsibility-relative support; source lines 72-74,"If there exist x,x' such that T(x)=T(x') but g_r(x) g_r(x'), no decoder that receives only T(X) can be correct on both states for responsibility r",definition_or_proposition,supporting,Exact only on a declared world set and responsibility.,"definition, direct proof, and finite collision witnesses",PENDING_BLIND_COVERAGE,VERIFIED,retain at current scope; narrow or remove if blind review does not find entailment
AC-076,Responsibility-relative support; source lines 76-78,"Any such decoder must return the same value on the identical representation, while the two required outputs differ",definition_or_proposition,supporting,Exact only on a declared world set and responsibility.,"definition, direct proof, and finite collision witnesses",PENDING_BLIND_COVERAGE,VERIFIED,retain at current scope; narrow or remove if blind review does not find entailment
AC-077,Responsibility-relative support; source lines 80-89,A state contract contains: the representation identity,definition_or_proposition,supporting,Exact only on a declared world set and responsibility.,"definition, direct proof, and finite collision witnesses",PENDING_BLIND_COVERAGE,VERIFIED,retain at current scope; narrow or remove if blind review does not find entailment
AC-078,Responsibility-relative support; source lines 80-89,the supported responsibility set,definition_or_proposition,supporting,Exact only on a declared world set and responsibility.,"definition, direct proof, and finite collision witnesses",PENDING_BLIND_COVERAGE,VERIFIED,retain at current scope; narrow or remove if blind review does not find entailment
AC-079,Responsibility-relative support; source lines 80-89,support witnesses or verifier identity,definition_or_proposition,supporting,Exact only on a declared world set and responsibility.,"definition, direct proof, and finite collision witnesses",PENDING_BLIND_COVERAGE,VERIFIED,retain at current scope; narrow or remove if blind review does not find entailment
AC-080,Responsibility-relative support; source lines 80-89,relevant context or epoch,definition_or_proposition,supporting,Exact only on a declared world set and responsibility.,"definition, direct proof, and finite collision witnesses",PENDING_BLIND_COVERAGE,VERIFIED,retain at current scope; narrow or remove if blind review does not find entailment
AC-081,Responsibility-relative support; source lines 80-89,omitted distinctions,definition_or_proposition,supporting,Exact only on a declared world set and responsibility.,"definition, direct proof, and finite collision witnesses",PENDING_BLIND_COVERAGE,VERIFIED,retain at current scope; narrow or remove if blind review does not find entailment
AC-082,Responsibility-relative support; source lines 80-89,and a recovery route.,definition_or_proposition,supporting,Exact only on a declared world set and responsibility.,"definition, direct proof, and finite collision witnesses",PENDING_BLIND_COVERAGE,VERIFIED,retain at current scope; narrow or remove if blind review does not find entailment
AC-083,Responsibility-relative support; source lines 80-89,"Given request (r,c) under current context c, the policy is [ (T,r,c)= reuse, and r is supported and required context agrees",definition_or_proposition,supporting,Exact only on a declared world set and responsibility.,"definition, direct proof, and finite collision witnesses",PENDING_BLIND_COVERAGE,VERIFIED,retain at current scope; narrow or remove if blind review does not find entailment
AC-084,Responsibility-relative support; source lines 80-89,"reopen, and support is absent or invalidated and richer state is available",definition_or_proposition,supporting,Exact only on a declared world set and responsibility.,"definition, direct proof, and finite collision witnesses",PENDING_BLIND_COVERAGE,VERIFIED,retain at current scope; narrow or remove if blind review does not find entailment
AC-085,Responsibility-relative support; source lines 80-89,"cannot check, and otherwise. ] The contract is fail-closed but not self-validating.",definition_or_proposition,supporting,Exact only on a declared world set and responsibility.,"definition, direct proof, and finite collision witnesses",PENDING_BLIND_COVERAGE,VERIFIED,retain at current scope; narrow or remove if blind review does not find entailment
AC-086,Responsibility-relative support; source lines 80-89,A support declaration is evidence only when it is derived independently of the reuse action and the harm label used to assess it,definition_or_proposition,supporting,Exact only on a declared world set and responsibility.,"definition, direct proof, and finite collision witnesses",PENDING_BLIND_COVERAGE,VERIFIED,retain at current scope; narrow or remove if blind review does not find entailment
AC-087,Responsibility-relative support; source lines 91-91,Provenance and responsibility support form different coordinates.,definition_or_proposition,supporting,Exact only on a declared world set and responsibility.,"definition, direct proof, and finite collision witnesses",PENDING_BLIND_COVERAGE,VERIFIED,retain at current scope; narrow or remove if blind review does not find entailment
AC-088,Responsibility-relative support; source lines 91-91,"Provenance can establish where state came from, whether an epoch or source identity is current, and which transformations produced it.",definition_or_proposition,supporting,Exact only on a declared world set and responsibility.,"definition, direct proof, and finite collision witnesses",PENDING_BLIND_COVERAGE,VERIFIED,retain at current scope; narrow or remove if blind review does not find entailment
AC-089,Responsibility-relative support; source lines 91-91,Responsibility support asks whether the retained distinctions entail the requested output.,definition_or_proposition,supporting,Exact only on a declared world set and responsibility.,"definition, direct proof, and finite collision witnesses",PENDING_BLIND_COVERAGE,VERIFIED,retain at current scope; narrow or remove if blind review does not find entailment
AC-090,Responsibility-relative support; source lines 91-91,Neither coordinate subsumes the other,definition_or_proposition,supporting,Exact only on a declared world set and responsibility.,"definition, direct proof, and finite collision witnesses",PENDING_BLIND_COVERAGE,VERIFIED,retain at current scope; narrow or remove if blind review does not find entailment
AC-091,Evaluation design; source lines 95-95,Learned-data responsibility change,empirical_or_finite_result,supporting,One learned dataset or complete registered finite panel; no population or deployment authority.,anonymous row-level review data and standard-library independent verifier,PENDING_BLIND_COVERAGE,VERIFIED,retain at current scope; narrow or remove if blind review does not find entailment
AC-092,Evaluation design; source lines 97-97,"We use the 1,797 handwritten digit images bundled with scikit-learn [cited source].",literature,supporting,No component-priority claim; one unverified candidate donor was excluded.,current bibliography plus live identity audit dated 2026-08-28,PENDING_BLIND_COVERAGE,VERIFIED,retain at current scope; narrow or remove if blind review does not find entailment
AC-093,Evaluation design; source lines 97-97,Images contain 64 pixel values and labels 0--9.,empirical_or_finite_result,supporting,One learned dataset or complete registered finite panel; no population or deployment authority.,anonymous row-level review data and standard-library independent verifier,PENDING_BLIND_COVERAGE,VERIFIED,retain at current scope; narrow or remove if blind review does not find entailment
AC-094,Evaluation design; source lines 97-97,Five-fold stratified cross-validation is shuffled with a fixed seed.,empirical_or_finite_result,supporting,One learned dataset or complete registered finite panel; no population or deployment authority.,anonymous row-level review data and standard-library independent verifier,PENDING_BLIND_COVERAGE,VERIFIED,retain at current scope; narrow or remove if blind review does not find entailment
AC-095,Evaluation design; source lines 97-97,Standardization and all models are fitted on each training fold only,empirical_or_finite_result,supporting,One learned dataset or complete registered finite panel; no population or deployment authority.,anonymous row-level review data and standard-library independent verifier,PENDING_BLIND_COVERAGE,VERIFIED,retain at current scope; narrow or remove if blind review does not find entailment
AC-096,Evaluation design; source lines 99-99,A multinomial logistic model predicts parity.,empirical_or_finite_result,supporting,One learned dataset or complete registered finite panel; no population or deployment authority.,anonymous row-level review data and standard-library independent verifier,PENDING_BLIND_COVERAGE,VERIFIED,retain at current scope; narrow or remove if blind review does not find entailment
AC-097,Evaluation design; source lines 99-99,Its two class probabilities form the stored compact state.,empirical_or_finite_result,supporting,One learned dataset or complete registered finite panel; no population or deployment authority.,anonymous row-level review data and standard-library independent verifier,PENDING_BLIND_COVERAGE,VERIFIED,retain at current scope; narrow or remove if blind review does not find entailment
AC-098,Evaluation design; source lines 99-99,A second logistic model predicts exact identity from all 64 standardized pixels.,empirical_or_finite_result,supporting,One learned dataset or complete registered finite panel; no population or deployment authority.,anonymous row-level review data and standard-library independent verifier,PENDING_BLIND_COVERAGE,VERIFIED,retain at current scope; narrow or remove if blind review does not find entailment
AC-099,Evaluation design; source lines 99-99,A hostile compact decoder receives only the two parity probabilities and predicts exact identity.,empirical_or_finite_result,supporting,One learned dataset or complete registered finite panel; no population or deployment authority.,anonymous row-level review data and standard-library independent verifier,PENDING_BLIND_COVERAGE,VERIFIED,retain at current scope; narrow or remove if blind review does not find entailment
AC-100,Evaluation design; source lines 99-99,Each test item is queried under two responsibilities: parity and exact digit.,empirical_or_finite_result,supporting,One learned dataset or complete registered finite panel; no population or deployment authority.,anonymous row-level review data and standard-library independent verifier,PENDING_BLIND_COVERAGE,VERIFIED,retain at current scope; narrow or remove if blind review does not find entailment
AC-101,Evaluation design; source lines 99-99,"This yields 3,594 responsibility episodes per policy arm and 17,970 policy-episode evaluations across five arms",empirical_or_finite_result,supporting,One learned dataset or complete registered finite panel; no population or deployment authority.,anonymous row-level review data and standard-library independent verifier,PENDING_BLIND_COVERAGE,VERIFIED,retain at current scope; narrow or remove if blind review does not find entailment
AC-102,Evaluation design; source lines 101-108,The arms are: unqualified reuse: use compact state for both responsibilities,empirical_or_finite_result,supporting,One learned dataset or complete registered finite panel; no population or deployment authority.,anonymous row-level review data and standard-library independent verifier,PENDING_BLIND_COVERAGE,VERIFIED,retain at current scope; narrow or remove if blind review does not find entailment
AC-103,Evaluation design; source lines 101-108,"confidence only: reuse compact state when maximum parity probability is at least 0.90, otherwise reopen raw state",empirical_or_finite_result,supporting,One learned dataset or complete registered finite panel; no population or deployment authority.,anonymous row-level review data and standard-library independent verifier,PENDING_BLIND_COVERAGE,VERIFIED,retain at current scope; narrow or remove if blind review does not find entailment
AC-104,Evaluation design; source lines 101-108,provenance only: reuse because provenance is current in every episode,empirical_or_finite_result,supporting,One learned dataset or complete registered finite panel; no population or deployment authority.,anonymous row-level review data and standard-library independent verifier,PENDING_BLIND_COVERAGE,VERIFIED,retain at current scope; narrow or remove if blind review does not find entailment
AC-105,Evaluation design; source lines 101-108,always raw: read all 64 values for both responsibilities,empirical_or_finite_result,supporting,One learned dataset or complete registered finite panel; no population or deployment authority.,anonymous row-level review data and standard-library independent verifier,PENDING_BLIND_COVERAGE,VERIFIED,retain at current scope; narrow or remove if blind review does not find entailment
AC-106,Evaluation design; source lines 101-108,responsibility relative: reuse the two-value state for parity and reopen 64 values for exact identity,empirical_or_finite_result,supporting,One learned dataset or complete registered finite panel; no population or deployment authority.,anonymous row-level review data and standard-library independent verifier,PENDING_BLIND_COVERAGE,VERIFIED,retain at current scope; narrow or remove if blind review does not find entailment
AC-107,Evaluation design; source lines 110-110,"Per episode, compact reuse counts two state values and raw use counts 64.",empirical_or_finite_result,supporting,One learned dataset or complete registered finite panel; no population or deployment authority.,anonymous row-level review data and standard-library independent verifier,PENDING_BLIND_COVERAGE,VERIFIED,retain at current scope; narrow or remove if blind review does not find entailment
AC-108,Evaluation design; source lines 110-110,Model training and coefficient counts are reported separately in the review data and are not treated as free.,empirical_or_finite_result,supporting,One learned dataset or complete registered finite panel; no population or deployment authority.,anonymous row-level review data and standard-library independent verifier,PENDING_BLIND_COVERAGE,VERIFIED,retain at current scope; narrow or remove if blind review does not find entailment
AC-109,Evaluation design; source lines 110-110,The headline comparison concerns post-construction service of the two requests.,empirical_or_finite_result,supporting,One learned dataset or complete registered finite panel; no population or deployment authority.,anonymous row-level review data and standard-library independent verifier,PENDING_BLIND_COVERAGE,VERIFIED,retain at current scope; narrow or remove if blind review does not find entailment
AC-110,Evaluation design; source lines 110-110,"The main outcomes are task accuracy, unsupported exact-digit reuse, mean state values read, and reopen rate",empirical_or_finite_result,supporting,One learned dataset or complete registered finite panel; no population or deployment authority.,anonymous row-level review data and standard-library independent verifier,PENDING_BLIND_COVERAGE,VERIFIED,retain at current scope; narrow or remove if blind review does not find entailment
AC-111,Evaluation design; source lines 112-112,Verifier-backed responsibility and epoch change,empirical_or_finite_result,supporting,One learned dataset or complete registered finite panel; no population or deployment authority.,anonymous row-level review data and standard-library independent verifier,PENDING_BLIND_COVERAGE,VERIFIED,retain at current scope; narrow or remove if blind review does not find entailment
AC-112,Evaluation design; source lines 114-114,Twelve finite Boolean-formula cases are frozen before evaluation.,empirical_or_finite_result,supporting,One learned dataset or complete registered finite panel; no population or deployment authority.,anonymous row-level review data and standard-library independent verifier,PENDING_BLIND_COVERAGE,VERIFIED,retain at current scope; narrow or remove if blind review does not find entailment
AC-113,Evaluation design; source lines 114-114,"Each base formula fixes four of five variables and leaves one free, so exactly two assignments satisfy it.",empirical_or_finite_result,supporting,One learned dataset or complete registered finite panel; no population or deployment authority.,anonymous row-level review data and standard-library independent verifier,PENDING_BLIND_COVERAGE,VERIFIED,retain at current scope; narrow or remove if blind review does not find entailment
AC-114,Evaluation design; source lines 114-114,A previously verified assignment is valid for the old responsibility.,empirical_or_finite_result,supporting,One learned dataset or complete registered finite panel; no population or deployment authority.,anonymous row-level review data and standard-library independent verifier,PENDING_BLIND_COVERAGE,VERIFIED,retain at current scope; narrow or remove if blind review does not find entailment
AC-115,Evaluation design; source lines 114-114,"A new unit clause changes the responsibility and epoch, invalidates that assignment, and leaves exactly one satisfying alternative",empirical_or_finite_result,supporting,One learned dataset or complete registered finite panel; no population or deployment authority.,anonymous row-level review data and standard-library independent verifier,PENDING_BLIND_COVERAGE,VERIFIED,retain at current scope; narrow or remove if blind review does not find entailment
AC-116,Evaluation design; source lines 116-116,"Every arm serves an old and a changed episode, for 24 episodes per arm.",empirical_or_finite_result,supporting,One learned dataset or complete registered finite panel; no population or deployment authority.,anonymous row-level review data and standard-library independent verifier,PENDING_BLIND_COVERAGE,VERIFIED,retain at current scope; narrow or remove if blind review does not find entailment
AC-117,Evaluation design; source lines 116-116,Responsibility-relative and always-raw policies solve the changed formula,empirical_or_finite_result,headline,One learned dataset or complete registered finite panel; no population or deployment authority.,anonymous row-level review data and standard-library independent verifier,PENDING_BLIND_COVERAGE,VERIFIED,retain at current scope; narrow or remove if blind review does not find entailment
AC-118,Evaluation design; source lines 116-116,confidence-only and provenance-only policies reuse the old assignment.,empirical_or_finite_result,supporting,One learned dataset or complete registered finite panel; no population or deployment authority.,anonymous row-level review data and standard-library independent verifier,PENDING_BLIND_COVERAGE,VERIFIED,retain at current scope; narrow or remove if blind review does not find entailment
AC-119,Evaluation design; source lines 116-116,Literal reads count the clauses examined.,empirical_or_finite_result,supporting,One learned dataset or complete registered finite panel; no population or deployment authority.,anonymous row-level review data and standard-library independent verifier,PENDING_BLIND_COVERAGE,VERIFIED,retain at current scope; narrow or remove if blind review does not find entailment
AC-120,Evaluation design; source lines 116-116,"A separate implementation derives the exact model counts, expected correctness, stale reuse, and literal reads without importing the primary search procedure",empirical_or_finite_result,supporting,One learned dataset or complete registered finite panel; no population or deployment authority.,anonymous row-level review data and standard-library independent verifier,PENDING_BLIND_COVERAGE,VERIFIED,retain at current scope; narrow or remove if blind review does not find entailment
AC-121,Evaluation design; source lines 118-118,Provenance-tiered comparison,empirical_or_finite_result,supporting,One learned dataset or complete registered finite panel; no population or deployment authority.,anonymous row-level review data and standard-library independent verifier,PENDING_BLIND_COVERAGE,VERIFIED,retain at current scope; narrow or remove if blind review does not find entailment
AC-122,Evaluation design; source lines 120-120,"The 48-case comparison crosses four cells: supported/current, changed/current, supported/stale, and changed/stale.",empirical_or_finite_result,supporting,One learned dataset or complete registered finite panel; no population or deployment authority.,anonymous row-level review data and standard-library independent verifier,PENDING_BLIND_COVERAGE,VERIFIED,retain at current scope; narrow or remove if blind review does not find entailment
AC-123,Evaluation design; source lines 120-120,Each cell has 12 finite formulas.,empirical_or_finite_result,supporting,One learned dataset or complete registered finite panel; no population or deployment authority.,anonymous row-level review data and standard-library independent verifier,PENDING_BLIND_COVERAGE,VERIFIED,retain at current scope; narrow or remove if blind review does not find entailment
AC-124,Evaluation design; source lines 120-120,"Two provenance-tiered arms use currentness, grounding, and demand grade to decide whether compact state may be served.",empirical_or_finite_result,supporting,One learned dataset or complete registered finite panel; no population or deployment authority.,anonymous row-level review data and standard-library independent verifier,PENDING_BLIND_COVERAGE,VERIFIED,retain at current scope; narrow or remove if blind review does not find entailment
AC-125,Evaluation design; source lines 120-120,The responsibility-relative arm adds an explicit requested-obligation support test,empirical_or_finite_result,headline,One learned dataset or complete registered finite panel; no population or deployment authority.,anonymous row-level review data and standard-library independent verifier,PENDING_BLIND_COVERAGE,VERIFIED,retain at current scope; narrow or remove if blind review does not find entailment
AC-126,Evaluation design; source lines 120-120,a composed arm combines both coordinates.,empirical_or_finite_result,supporting,One learned dataset or complete registered finite panel; no population or deployment authority.,anonymous row-level review data and standard-library independent verifier,PENDING_BLIND_COVERAGE,VERIFIED,retain at current scope; narrow or remove if blind review does not find entailment
AC-127,Evaluation design; source lines 120-120,Always-raw reads the full current formula,empirical_or_finite_result,supporting,One learned dataset or complete registered finite panel; no population or deployment authority.,anonymous row-level review data and standard-library independent verifier,PENDING_BLIND_COVERAGE,VERIFIED,retain at current scope; narrow or remove if blind review does not find entailment
AC-128,Evaluation design; source lines 122-122,"This is an implementation-level comparator inspired by provenance-aware memory and evidence-tracing work, not a reproduction of a deployed agent-memory system.",empirical_or_finite_result,supporting,One learned dataset or complete registered finite panel; no population or deployment authority.,anonymous row-level review data and standard-library independent verifier,PENDING_BLIND_COVERAGE,VERIFIED,retain at current scope; narrow or remove if blind review does not find entailment
AC-129,Evaluation design; source lines 122-122,The changed/current cell is deliberately discriminating: provenance is current while the requested obligation is unsupported.,empirical_or_finite_result,supporting,One learned dataset or complete registered finite panel; no population or deployment authority.,anonymous row-level review data and standard-library independent verifier,PENDING_BLIND_COVERAGE,VERIFIED,retain at current scope; narrow or remove if blind review does not find entailment
AC-130,Evaluation design; source lines 122-122,Correctness is checked by exhaustive Boolean evaluation.,empirical_or_finite_result,supporting,One learned dataset or complete registered finite panel; no population or deployment authority.,anonymous row-level review data and standard-library independent verifier,PENDING_BLIND_COVERAGE,VERIFIED,retain at current scope; narrow or remove if blind review does not find entailment
AC-131,Evaluation design; source lines 122-122,"The primary endpoint is unsupported reuse, with literal reads and solver calls as resource outcomes",empirical_or_finite_result,supporting,One learned dataset or complete registered finite panel; no population or deployment authority.,anonymous row-level review data and standard-library independent verifier,PENDING_BLIND_COVERAGE,VERIFIED,retain at current scope; narrow or remove if blind review does not find entailment
AC-132,Evaluation design; source lines 124-124,Certificate transport under bounded drift,empirical_or_finite_result,supporting,One learned dataset or complete registered finite panel; no population or deployment authority.,anonymous row-level review data and standard-library independent verifier,PENDING_BLIND_COVERAGE,VERIFIED,retain at current scope; narrow or remove if blind review does not find entailment
AC-133,Evaluation design; source lines 126-126,"A separate 60-case panel contains 20 redundant, 20 conflicting, and 20 mixed shifts.",empirical_or_finite_result,supporting,One learned dataset or complete registered finite panel; no population or deployment authority.,anonymous row-level review data and standard-library independent verifier,PENDING_BLIND_COVERAGE,VERIFIED,retain at current scope; narrow or remove if blind review does not find entailment
AC-134,Evaluation design; source lines 126-126,"We compare unconditional transport, signature-equality transport, a registered local drift-bound rule, and always re-issuing.",empirical_or_finite_result,supporting,One learned dataset or complete registered finite panel; no population or deployment authority.,anonymous row-level review data and standard-library independent verifier,PENDING_BLIND_COVERAGE,VERIFIED,retain at current scope; narrow or remove if blind review does not find entailment
AC-135,Evaluation design; source lines 126-126,The local rule permits transport only when the clause change satisfies the registered relation and newly added clauses are verified against the stored assignment,empirical_or_finite_result,supporting,One learned dataset or complete registered finite panel; no population or deployment authority.,anonymous row-level review data and standard-library independent verifier,PENDING_BLIND_COVERAGE,VERIFIED,retain at current scope; narrow or remove if blind review does not find entailment
AC-136,Evaluation design; source lines 128-128,"For redundant shifts, transport is sound",empirical_or_finite_result,supporting,One learned dataset or complete registered finite panel; no population or deployment authority.,anonymous row-level review data and standard-library independent verifier,PENDING_BLIND_COVERAGE,VERIFIED,retain at current scope; narrow or remove if blind review does not find entailment
AC-137,Evaluation design; source lines 128-128,"for conflicting and mixed shifts, the registered predicate denies transport. ``Mixed'' unsoundness is a protocol judgment about changed justification, not necessarily content invalidity, and is reported separately.",empirical_or_finite_result,supporting,One learned dataset or complete registered finite panel; no population or deployment authority.,anonymous row-level review data and standard-library independent verifier,PENDING_BLIND_COVERAGE,VERIFIED,retain at current scope; narrow or remove if blind review does not find entailment
AC-138,Evaluation design; source lines 128-128,"The endpoints are verifier correctness, unsound transport, needless re-issue, and literal reads.",empirical_or_finite_result,supporting,One learned dataset or complete registered finite panel; no population or deployment authority.,anonymous row-level review data and standard-library independent verifier,PENDING_BLIND_COVERAGE,VERIFIED,retain at current scope; narrow or remove if blind review does not find entailment
AC-139,Evaluation design; source lines 128-128,A second implementation enumerates all satisfying assignments and recomputes every disposition,empirical_or_finite_result,supporting,One learned dataset or complete registered finite panel; no population or deployment authority.,anonymous row-level review data and standard-library independent verifier,PENDING_BLIND_COVERAGE,VERIFIED,retain at current scope; narrow or remove if blind review does not find entailment
AC-140,Evaluation design; source lines 130-130,Retained measurement correction,empirical_or_finite_result,supporting,One learned dataset or complete registered finite panel; no population or deployment authority.,anonymous row-level review data and standard-library independent verifier,PENDING_BLIND_COVERAGE,VERIFIED,retain at current scope; narrow or remove if blind review does not find entailment
AC-141,Evaluation design; source lines 132-132,"An earlier finite benchmark labeled harm as reuse of state whose certificate said ``unsupported,'' while the policy itself reused exactly when that certificate said ``supported.'' Across 3,840 enumerated points, corrupting the certificate changed the policy action on 2,304 points but never created a positive harm label.",empirical_or_finite_result,supporting,One learned dataset or complete registered finite panel; no population or deployment authority.,anonymous row-level review data and standard-library independent verifier,PENDING_BLIND_COVERAGE,VERIFIED,retain at current scope; narrow or remove if blind review does not find entailment
AC-142,Evaluation design; source lines 132-132,The published zero-unsafe-reuse endpoint therefore had no independent opportunity to vary.,empirical_or_finite_result,supporting,One learned dataset or complete registered finite panel; no population or deployment authority.,anonymous row-level review data and standard-library independent verifier,PENDING_BLIND_COVERAGE,VERIFIED,retain at current scope; narrow or remove if blind review does not find entailment
AC-143,Evaluation design; source lines 132-132,We retain it as a measurement failure and exclude it from the evidence below,empirical_or_finite_result,supporting,One learned dataset or complete registered finite panel; no population or deployment authority.,anonymous row-level review data and standard-library independent verifier,PENDING_BLIND_COVERAGE,VERIFIED,retain at current scope; narrow or remove if blind review does not find entailment
AC-144,Results; source lines 136-136,Learned state is responsibility dependent,empirical_or_finite_result,supporting,One learned dataset or complete registered finite panel; no population or deployment authority.,anonymous row-level review data and standard-library independent verifier,PENDING_BLIND_COVERAGE,VERIFIED,retain at current scope; narrow or remove if blind review does not find entailment
AC-145,Results; source lines 138-138,Table referenced display reports cross-validated aggregate results.,empirical_or_finite_result,supporting,One learned dataset or complete registered finite panel; no population or deployment authority.,anonymous row-level review data and standard-library independent verifier,PENDING_BLIND_COVERAGE,VERIFIED,retain at current scope; narrow or remove if blind review does not find entailment
AC-146,Results; source lines 138-138,Parity accuracy is 0.917 for every arm because all use the same fitted parity model,empirical_or_finite_result,supporting,One learned dataset or complete registered finite panel; no population or deployment authority.,anonymous row-level review data and standard-library independent verifier,PENDING_BLIND_COVERAGE,VERIFIED,retain at current scope; narrow or remove if blind review does not find entailment
AC-147,Results; source lines 138-138,routing changes only the representation read.,empirical_or_finite_result,supporting,One learned dataset or complete registered finite panel; no population or deployment authority.,anonymous row-level review data and standard-library independent verifier,PENDING_BLIND_COVERAGE,VERIFIED,retain at current scope; narrow or remove if blind review does not find entailment
AC-148,Results; source lines 138-138,"Exact-digit accuracy from raw state is 0.970, while the hostile decoder from two parity probabilities reaches 0.238.",empirical_or_finite_result,supporting,One learned dataset or complete registered finite panel; no population or deployment authority.,anonymous row-level review data and standard-library independent verifier,PENDING_BLIND_COVERAGE,VERIFIED,retain at current scope; narrow or remove if blind review does not find entailment
AC-149,Results; source lines 138-138,Responsibility-relative routing therefore matches always-raw accuracy by design while halving the reopen rate and reducing state values read by 48.44,empirical_or_finite_result,headline,One learned dataset or complete registered finite panel; no population or deployment authority.,anonymous row-level review data and standard-library independent verifier,PENDING_BLIND_COVERAGE,VERIFIED,retain at current scope; narrow or remove if blind review does not find entailment
AC-150,Results; source lines 158-158,"The confidence threshold rejects some low-confidence parity states, but it is blind to the requested output: 1,397 of 1,797 exact-digit requests are still served from unsupported compact state.",empirical_or_finite_result,supporting,One learned dataset or complete registered finite panel; no population or deployment authority.,anonymous row-level review data and standard-library independent verifier,PENDING_BLIND_COVERAGE,VERIFIED,retain at current scope; narrow or remove if blind review does not find entailment
AC-151,Results; source lines 158-158,Current provenance provides no refusal because all records are current by construction.,empirical_or_finite_result,headline,One learned dataset or complete registered finite panel; no population or deployment authority.,anonymous row-level review data and standard-library independent verifier,PENDING_BLIND_COVERAGE,VERIFIED,retain at current scope; narrow or remove if blind review does not find entailment
AC-152,Results; source lines 158-158,These failures do not show that confidence or provenance is useless,empirical_or_finite_result,supporting,One learned dataset or complete registered finite panel; no population or deployment authority.,anonymous row-level review data and standard-library independent verifier,PENDING_BLIND_COVERAGE,VERIFIED,retain at current scope; narrow or remove if blind review does not find entailment
AC-153,Results; source lines 158-158,they show that neither encodes the changed responsibility in this design,empirical_or_finite_result,supporting,One learned dataset or complete registered finite panel; no population or deployment authority.,anonymous row-level review data and standard-library independent verifier,PENDING_BLIND_COVERAGE,VERIFIED,retain at current scope; narrow or remove if blind review does not find entailment
AC-154,Results; source lines 160-160,Exact certificate revocation after change,empirical_or_finite_result,supporting,One learned dataset or complete registered finite panel; no population or deployment authority.,anonymous row-level review data and standard-library independent verifier,PENDING_BLIND_COVERAGE,VERIFIED,retain at current scope; narrow or remove if blind review does not find entailment
AC-155,Results; source lines 162-162,"In the formula study, the responsibility-relative and always-raw arms are verifier-correct on all 24 old/new episodes.",empirical_or_finite_result,headline,One learned dataset or complete registered finite panel; no population or deployment authority.,anonymous row-level review data and standard-library independent verifier,PENDING_BLIND_COVERAGE,VERIFIED,retain at current scope; narrow or remove if blind review does not find entailment
AC-156,Results; source lines 162-162,Confidence-only and provenance-only arms are correct on all 12 old episodes and fail all 12 changed episodes by reusing the stale assignment (Table referenced display).,empirical_or_finite_result,supporting,One learned dataset or complete registered finite panel; no population or deployment authority.,anonymous row-level review data and standard-library independent verifier,PENDING_BLIND_COVERAGE,VERIFIED,retain at current scope; narrow or remove if blind review does not find entailment
AC-157,Results; source lines 162-162,"Responsibility-relative routing reads 60 literals versus 108 for always-raw, a 44.44",empirical_or_finite_result,headline,One learned dataset or complete registered finite panel; no population or deployment authority.,anonymous row-level review data and standard-library independent verifier,PENDING_BLIND_COVERAGE,VERIFIED,retain at current scope; narrow or remove if blind review does not find entailment
AC-158,Results; source lines 181-181,This result is stronger than the learned-data study in verification but narrower in domain.,empirical_or_finite_result,supporting,One learned dataset or complete registered finite panel; no population or deployment authority.,anonymous row-level review data and standard-library independent verifier,PENDING_BLIND_COVERAGE,VERIFIED,retain at current scope; narrow or remove if blind review does not find entailment
AC-159,Results; source lines 181-181,The new clause is constructed to invalidate the stored assignment.,empirical_or_finite_result,supporting,One learned dataset or complete registered finite panel; no population or deployment authority.,anonymous row-level review data and standard-library independent verifier,PENDING_BLIND_COVERAGE,VERIFIED,retain at current scope; narrow or remove if blind review does not find entailment
AC-160,Results; source lines 181-181,The experiment confirms the registered routing and accounting on the complete finite grid,empirical_or_finite_result,supporting,One learned dataset or complete registered finite panel; no population or deployment authority.,anonymous row-level review data and standard-library independent verifier,PENDING_BLIND_COVERAGE,VERIFIED,retain at current scope; narrow or remove if blind review does not find entailment
AC-161,Results; source lines 181-181,it is not evidence about the frequency of such changes in deployed systems,empirical_or_finite_result,supporting,One learned dataset or complete registered finite panel; no population or deployment authority.,anonymous row-level review data and standard-library independent verifier,PENDING_BLIND_COVERAGE,VERIFIED,retain at current scope; narrow or remove if blind review does not find entailment
AC-162,Results; source lines 183-183,Current provenance does not encode support,empirical_or_finite_result,headline,One learned dataset or complete registered finite panel; no population or deployment authority.,anonymous row-level review data and standard-library independent verifier,PENDING_BLIND_COVERAGE,VERIFIED,retain at current scope; narrow or remove if blind review does not find entailment
AC-163,Results; source lines 185-185,Table referenced display reports the 48-case comparison.,empirical_or_finite_result,supporting,One learned dataset or complete registered finite panel; no population or deployment authority.,anonymous row-level review data and standard-library independent verifier,PENDING_BLIND_COVERAGE,VERIFIED,retain at current scope; narrow or remove if blind review does not find entailment
AC-164,Results; source lines 185-185,Both provenance-tiered arms make 12 unsupported reuses in the changed/current cell and are verifier-correct on 36 cases.,empirical_or_finite_result,supporting,One learned dataset or complete registered finite panel; no population or deployment authority.,anonymous row-level review data and standard-library independent verifier,PENDING_BLIND_COVERAGE,VERIFIED,retain at current scope; narrow or remove if blind review does not find entailment
AC-165,Results; source lines 185-185,"The responsibility-relative and composed arms are correct on all 48 with no unsupported reuse and average five literal reads, compared with 6.25 for the provenance-tiered arms.",empirical_or_finite_result,headline,One learned dataset or complete registered finite panel; no population or deployment authority.,anonymous row-level review data and standard-library independent verifier,PENDING_BLIND_COVERAGE,VERIFIED,retain at current scope; narrow or remove if blind review does not find entailment
AC-166,Results; source lines 185-185,Always-raw is also correct on all cases and averages 5.5 reads,empirical_or_finite_result,supporting,One learned dataset or complete registered finite panel; no population or deployment authority.,anonymous row-level review data and standard-library independent verifier,PENDING_BLIND_COVERAGE,VERIFIED,retain at current scope; narrow or remove if blind review does not find entailment
AC-167,Results; source lines 205-205,The composed and responsibility-relative arms are decision-equivalent on this grid because every record has the maximum demand grade.,empirical_or_finite_result,headline,One learned dataset or complete registered finite panel; no population or deployment authority.,anonymous row-level review data and standard-library independent verifier,PENDING_BLIND_COVERAGE,VERIFIED,retain at current scope; narrow or remove if blind review does not find entailment
AC-168,Results; source lines 205-205,"We therefore claim separation from the provenance-tiered arms, not superiority of the composed policy over responsibility-relative routing.",empirical_or_finite_result,headline,One learned dataset or complete registered finite panel; no population or deployment authority.,anonymous row-level review data and standard-library independent verifier,PENDING_BLIND_COVERAGE,VERIFIED,retain at current scope; narrow or remove if blind review does not find entailment
AC-169,Results; source lines 205-205,The changed/current cell models a responsibility change between provenance checkpoints,empirical_or_finite_result,supporting,One learned dataset or complete registered finite panel; no population or deployment authority.,anonymous row-level review data and standard-library independent verifier,PENDING_BLIND_COVERAGE,VERIFIED,retain at current scope; narrow or remove if blind review does not find entailment
AC-170,Results; source lines 205-205,"it is a registered assumption, not an observation about a deployed memory system",empirical_or_finite_result,supporting,One learned dataset or complete registered finite panel; no population or deployment authority.,anonymous row-level review data and standard-library independent verifier,PENDING_BLIND_COVERAGE,VERIFIED,retain at current scope; narrow or remove if blind review does not find entailment
AC-171,Results; source lines 207-207,Transport needs more than ``always'' or ``same signature'',empirical_or_finite_result,supporting,One learned dataset or complete registered finite panel; no population or deployment authority.,anonymous row-level review data and standard-library independent verifier,PENDING_BLIND_COVERAGE,VERIFIED,retain at current scope; narrow or remove if blind review does not find entailment
AC-172,Results; source lines 209-209,The transport study exposes opposite errors (Table referenced display).,empirical_or_finite_result,supporting,One learned dataset or complete registered finite panel; no population or deployment authority.,anonymous row-level review data and standard-library independent verifier,PENDING_BLIND_COVERAGE,VERIFIED,retain at current scope; narrow or remove if blind review does not find entailment
AC-173,Results; source lines 209-209,Unconditional transport makes 40 unsound transports.,empirical_or_finite_result,supporting,One learned dataset or complete registered finite panel; no population or deployment authority.,anonymous row-level review data and standard-library independent verifier,PENDING_BLIND_COVERAGE,VERIFIED,retain at current scope; narrow or remove if blind review does not find entailment
AC-174,Results; source lines 209-209,Twenty are content-invalid conflicting cases; 20 mixed cases violate the registered justification predicate even when content may remain satisfying.,empirical_or_finite_result,supporting,One learned dataset or complete registered finite panel; no population or deployment authority.,anonymous row-level review data and standard-library independent verifier,PENDING_BLIND_COVERAGE,VERIFIED,retain at current scope; narrow or remove if blind review does not find entailment
AC-175,Results; source lines 209-209,Signature equality is verifier-correct but needlessly reissues all 20 redundant cases.,empirical_or_finite_result,supporting,One learned dataset or complete registered finite panel; no population or deployment authority.,anonymous row-level review data and standard-library independent verifier,PENDING_BLIND_COVERAGE,VERIFIED,retain at current scope; narrow or remove if blind review does not find entailment
AC-176,Results; source lines 209-209,The local drift-bound rule is verifier-correct on all 60 with no unsound transport and no needless reissue.,empirical_or_finite_result,supporting,One learned dataset or complete registered finite panel; no population or deployment authority.,anonymous row-level review data and standard-library independent verifier,PENDING_BLIND_COVERAGE,VERIFIED,retain at current scope; narrow or remove if blind review does not find entailment
AC-177,Results; source lines 209-209,"On redundant drift it reads eight literals on average, versus 12 for always reissuing",empirical_or_finite_result,supporting,One learned dataset or complete registered finite panel; no population or deployment authority.,anonymous row-level review data and standard-library independent verifier,PENDING_BLIND_COVERAGE,VERIFIED,retain at current scope; narrow or remove if blind review does not find entailment
AC-178,Results; source lines 228-228,The local rule is exact only on this grid.,empirical_or_finite_result,supporting,One learned dataset or complete registered finite panel; no population or deployment authority.,anonymous row-level review data and standard-library independent verifier,PENDING_BLIND_COVERAGE,VERIFIED,retain at current scope; narrow or remove if blind review does not find entailment
AC-179,Results; source lines 228-228,"We do not claim uniqueness, adversarial robustness, non-monotone rewrite coverage, or transport beyond the registered clause operations",empirical_or_finite_result,supporting,One learned dataset or complete registered finite panel; no population or deployment authority.,anonymous row-level review data and standard-library independent verifier,PENDING_BLIND_COVERAGE,VERIFIED,retain at current scope; narrow or remove if blind review does not find entailment
AC-180,Discussion; source lines 232-232,"The learned and verified studies agree on a modest principle: support is a relation among representation, downstream responsibility, and context.",interpretation,supporting,Must remain within one learned dataset and three finite panels.,current manuscript evidence hierarchy,PENDING_BLIND_COVERAGE,BOUNDED_INFERENCE,retain at current scope; narrow or remove if blind review does not find entailment
AC-181,Discussion; source lines 232-232,Treating it as an intrinsic property of the stored state hides the reason a reopen is necessary.,interpretation,supporting,Must remain within one learned dataset and three finite panels.,current manuscript evidence hierarchy,PENDING_BLIND_COVERAGE,BOUNDED_INFERENCE,retain at current scope; narrow or remove if blind review does not find entailment
AC-182,Discussion; source lines 232-232,"In the digit study, two parity probabilities are useful and current but discard distinctions needed for exact identity.",interpretation,supporting,Must remain within one learned dataset and three finite panels.,current manuscript evidence hierarchy,PENDING_BLIND_COVERAGE,BOUNDED_INFERENCE,retain at current scope; narrow or remove if blind review does not find entailment
AC-183,Discussion; source lines 232-232,"In the formula study, the old assignment is valid and verified until a clause changes the required model.",interpretation,supporting,Must remain within one learned dataset and three finite panels.,current manuscript evidence hierarchy,PENDING_BLIND_COVERAGE,BOUNDED_INFERENCE,retain at current scope; narrow or remove if blind review does not find entailment
AC-184,Discussion; source lines 232-232,Neither failure is well described as generic low confidence or corrupt provenance,interpretation,supporting,Must remain within one learned dataset and three finite panels.,current manuscript evidence hierarchy,PENDING_BLIND_COVERAGE,BOUNDED_INFERENCE,retain at current scope; narrow or remove if blind review does not find entailment
AC-185,Discussion; source lines 234-234,The policy's resource advantage should not be read as a learned optimization result.,interpretation,supporting,Must remain within one learned dataset and three finite panels.,current manuscript evidence hierarchy,PENDING_BLIND_COVERAGE,BOUNDED_INFERENCE,retain at current scope; narrow or remove if blind review does not find entailment
AC-186,Discussion; source lines 234-234,"Once the responsibility declaration is trusted, its routing is straightforward.",interpretation,supporting,Must remain within one learned dataset and three finite panels.,current manuscript evidence hierarchy,PENDING_BLIND_COVERAGE,BOUNDED_INFERENCE,retain at current scope; narrow or remove if blind review does not find entailment
AC-187,Discussion; source lines 234-234,The scientific burden moves to how support is established and how changes invalidate it.,interpretation,supporting,Must remain within one learned dataset and three finite panels.,current manuscript evidence hierarchy,PENDING_BLIND_COVERAGE,BOUNDED_INFERENCE,retain at current scope; narrow or remove if blind review does not find entailment
AC-188,Discussion; source lines 234-234,The collision proposition gives an exact negative certificate for unsupported representations,interpretation,supporting,Must remain within one learned dataset and three finite panels.,current manuscript evidence hierarchy,PENDING_BLIND_COVERAGE,BOUNDED_INFERENCE,retain at current scope; narrow or remove if blind review does not find entailment
AC-189,Discussion; source lines 234-234,verifiers can establish support on finite formal objects,interpretation,supporting,Must remain within one learned dataset and three finite panels.,current manuscript evidence hierarchy,PENDING_BLIND_COVERAGE,BOUNDED_INFERENCE,retain at current scope; narrow or remove if blind review does not find entailment
AC-190,Discussion; source lines 234-234,learned tasks require calibrated external evidence and cannot self-certify from the same decisions being assessed,interpretation,supporting,Must remain within one learned dataset and three finite panels.,current manuscript evidence hierarchy,PENDING_BLIND_COVERAGE,BOUNDED_INFERENCE,retain at current scope; narrow or remove if blind review does not find entailment
AC-191,Discussion; source lines 236-236,The provenance-tiered comparison clarifies complementarity rather than competition.,interpretation,supporting,Must remain within one learned dataset and three finite panels.,current manuscript evidence hierarchy,PENDING_BLIND_COVERAGE,BOUNDED_INFERENCE,retain at current scope; narrow or remove if blind review does not find entailment
AC-192,Discussion; source lines 236-236,Provenance answers whether a record is grounded and current.,interpretation,supporting,Must remain within one learned dataset and three finite panels.,current manuscript evidence hierarchy,PENDING_BLIND_COVERAGE,BOUNDED_INFERENCE,retain at current scope; narrow or remove if blind review does not find entailment
AC-193,Discussion; source lines 236-236,Responsibility support answers whether its contents retain the distinctions needed for the requested output.,interpretation,supporting,Must remain within one learned dataset and three finite panels.,current manuscript evidence hierarchy,PENDING_BLIND_COVERAGE,BOUNDED_INFERENCE,retain at current scope; narrow or remove if blind review does not find entailment
AC-194,Discussion; source lines 236-236,A practical system needs both.,interpretation,supporting,Must remain within one learned dataset and three finite panels.,current manuscript evidence hierarchy,PENDING_BLIND_COVERAGE,BOUNDED_INFERENCE,retain at current scope; narrow or remove if blind review does not find entailment
AC-195,Discussion; source lines 236-236,The composed policy's equality with responsibility-relative routing in our grid is a limitation: demand grading adds no information when every record has maximum grade.,interpretation,headline,Must remain within one learned dataset and three finite panels.,current manuscript evidence hierarchy,PENDING_BLIND_COVERAGE,BOUNDED_INFERENCE,retain at current scope; narrow or remove if blind review does not find entailment
AC-196,Discussion; source lines 236-236,More diverse grades would be required to study interaction rather than logical non-reducibility,interpretation,supporting,Must remain within one learned dataset and three finite panels.,current manuscript evidence hierarchy,PENDING_BLIND_COVERAGE,BOUNDED_INFERENCE,retain at current scope; narrow or remove if blind review does not find entailment
AC-197,Discussion; source lines 238-238,The transport study adds a second caution.,interpretation,supporting,Must remain within one learned dataset and three finite panels.,current manuscript evidence hierarchy,PENDING_BLIND_COVERAGE,BOUNDED_INFERENCE,retain at current scope; narrow or remove if blind review does not find entailment
AC-198,Discussion; source lines 238-238,"Revoking every certificate after any syntactic change is safe but can waste work, whereas transporting every authenticated certificate is unsound.",interpretation,supporting,Must remain within one learned dataset and three finite panels.,current manuscript evidence hierarchy,PENDING_BLIND_COVERAGE,BOUNDED_INFERENCE,retain at current scope; narrow or remove if blind review does not find entailment
AC-199,Discussion; source lines 238-238,"Local revalidation can occupy the middle, but its conditions are domain specific.",interpretation,supporting,Must remain within one learned dataset and three finite panels.,current manuscript evidence hierarchy,PENDING_BLIND_COVERAGE,BOUNDED_INFERENCE,retain at current scope; narrow or remove if blind review does not find entailment
AC-200,Discussion; source lines 238-238,"In open-ended learned systems, defining the relevant semantic drift may be harder than reopening state",interpretation,supporting,Must remain within one learned dataset and three finite panels.,current manuscript evidence hierarchy,PENDING_BLIND_COVERAGE,BOUNDED_INFERENCE,retain at current scope; narrow or remove if blind review does not find entailment
AC-201,Discussion; source lines 240-240,The retained measurement failure is equally important.,interpretation,supporting,Must remain within one learned dataset and three finite panels.,current manuscript evidence hierarchy,PENDING_BLIND_COVERAGE,BOUNDED_INFERENCE,retain at current scope; narrow or remove if blind review does not find entailment
AC-202,Discussion; source lines 240-240,A system cannot demonstrate safe reuse when its action rule and harm label share the same support bit.,interpretation,supporting,Must remain within one learned dataset and three finite panels.,current manuscript evidence hierarchy,PENDING_BLIND_COVERAGE,BOUNDED_INFERENCE,retain at current scope; narrow or remove if blind review does not find entailment
AC-203,Discussion; source lines 240-240,"Independent opportunity denominators, gold responsibilities, and verifiers are required.",interpretation,supporting,Must remain within one learned dataset and three finite panels.,current manuscript evidence hierarchy,PENDING_BLIND_COVERAGE,BOUNDED_INFERENCE,retain at current scope; narrow or remove if blind review does not find entailment
AC-204,Discussion; source lines 240-240,This correction is not superseded by the later positive studies,interpretation,supporting,Must remain within one learned dataset and three finite panels.,current manuscript evidence hierarchy,PENDING_BLIND_COVERAGE,BOUNDED_INFERENCE,retain at current scope; narrow or remove if blind review does not find entailment
AC-205,Limitations; source lines 244-244,"The real-data evidence uses one small, bundled image dataset and two responsibilities with a deliberately severe information bottleneck.",boundary,supporting,Anti-generalization statement must remain at least this strong.,current evidence hierarchy and retained adverse measurement,PENDING_BLIND_COVERAGE,BOUNDED_INFERENCE,retain at current scope; narrow or remove if blind review does not find entailment
AC-206,Limitations; source lines 244-244,Cross-validation folds reuse one dataset and are not independent domains.,boundary,supporting,Anti-generalization statement must remain at least this strong.,current evidence hierarchy and retained adverse measurement,PENDING_BLIND_COVERAGE,BOUNDED_INFERENCE,retain at current scope; narrow or remove if blind review does not find entailment
AC-207,Limitations; source lines 244-244,"The 17,970 total counts policy evaluations, not 17,970 independent source items.",empirical_or_finite_result,supporting,One learned dataset or complete registered finite panel; no population or deployment authority.,anonymous row-level review data and standard-library independent verifier,PENDING_BLIND_COVERAGE,VERIFIED,retain at current scope; narrow or remove if blind review does not find entailment
AC-208,Limitations; source lines 244-244,Accuracy equality with always-raw is structural because the same component predictors are routed by responsibility,boundary,supporting,Anti-generalization statement must remain at least this strong.,current evidence hierarchy and retained adverse measurement,PENDING_BLIND_COVERAGE,BOUNDED_INFERENCE,retain at current scope; narrow or remove if blind review does not find entailment
AC-209,Limitations; source lines 246-246,All formula results are finite and constructed.,boundary,supporting,Anti-generalization statement must remain at least this strong.,current evidence hierarchy and retained adverse measurement,PENDING_BLIND_COVERAGE,BOUNDED_INFERENCE,retain at current scope; narrow or remove if blind review does not find entailment
AC-210,Limitations; source lines 246-246,"Their checkers establish exact counts for those cases, not a distributional guarantee.",boundary,supporting,Anti-generalization statement must remain at least this strong.,current evidence hierarchy and retained adverse measurement,PENDING_BLIND_COVERAGE,BOUNDED_INFERENCE,retain at current scope; narrow or remove if blind review does not find entailment
AC-211,Limitations; source lines 246-246,The provenance-tiered arms approximate an architectural idea rather than reproducing a complete deployed memory system.,boundary,supporting,Anti-generalization statement must remain at least this strong.,current evidence hierarchy and retained adverse measurement,PENDING_BLIND_COVERAGE,BOUNDED_INFERENCE,retain at current scope; narrow or remove if blind review does not find entailment
AC-212,Limitations; source lines 246-246,The changed/current trust window is a modeling choice.,boundary,supporting,Anti-generalization statement must remain at least this strong.,current evidence hierarchy and retained adverse measurement,PENDING_BLIND_COVERAGE,BOUNDED_INFERENCE,retain at current scope; narrow or remove if blind review does not find entailment
AC-213,Limitations; source lines 246-246,The drift rule covers only registered Boolean-clause operations and is not a general semantic-equivalence procedure,boundary,supporting,Anti-generalization statement must remain at least this strong.,current evidence hierarchy and retained adverse measurement,PENDING_BLIND_COVERAGE,BOUNDED_INFERENCE,retain at current scope; narrow or remove if blind review does not find entailment
AC-214,Limitations; source lines 248-248,"Raw-value and literal-read counts are transparent local resource measures, not latency, energy, memory traffic, or monetary cost.",boundary,supporting,Anti-generalization statement must remain at least this strong.,current evidence hierarchy and retained adverse measurement,PENDING_BLIND_COVERAGE,BOUNDED_INFERENCE,retain at current scope; narrow or remove if blind review does not find entailment
AC-215,Limitations; source lines 248-248,"Training the compact representation is shared across policies and separately disclosed, but the headline reuse comparison does not amortize it over a deployment horizon.",boundary,supporting,Anti-generalization statement must remain at least this strong.,current evidence hierarchy and retained adverse measurement,PENDING_BLIND_COVERAGE,BOUNDED_INFERENCE,retain at current scope; narrow or remove if blind review does not find entailment
AC-216,Limitations; source lines 248-248,A different workload mix could favor always-raw or always-reissue,boundary,supporting,Anti-generalization statement must remain at least this strong.,current evidence hierarchy and retained adverse measurement,PENDING_BLIND_COVERAGE,BOUNDED_INFERENCE,retain at current scope; narrow or remove if blind review does not find entailment
AC-217,Limitations; source lines 250-250,Responsibilities are known and discrete.,boundary,supporting,Anti-generalization statement must remain at least this strong.,current evidence hierarchy and retained adverse measurement,PENDING_BLIND_COVERAGE,BOUNDED_INFERENCE,retain at current scope; narrow or remove if blind review does not find entailment
AC-218,Limitations; source lines 250-250,"Real requests may be ambiguous, compositional, adversarially framed, or governed by human authority.",boundary,supporting,Anti-generalization statement must remain at least this strong.,current evidence hierarchy and retained adverse measurement,PENDING_BLIND_COVERAGE,BOUNDED_INFERENCE,retain at current scope; narrow or remove if blind review does not find entailment
AC-219,Limitations; source lines 250-250,"The policy does not determine scientific truth, certify its own support, or decide who may declare a responsibility.",boundary,supporting,Anti-generalization statement must remain at least this strong.,current evidence hierarchy and retained adverse measurement,PENDING_BLIND_COVERAGE,BOUNDED_INFERENCE,retain at current scope; narrow or remove if blind review does not find entailment
AC-220,Limitations; source lines 250-250,"External evaluation on real agent workflows, richer semantic changes, and independently authored responsibility labels remains future work",boundary,supporting,Anti-generalization statement must remain at least this strong.,current evidence hierarchy and retained adverse measurement,PENDING_BLIND_COVERAGE,BOUNDED_INFERENCE,retain at current scope; narrow or remove if blind review does not find entailment
AC-221,Reproducibility and availability; source lines 254-254,"The anonymous review materials contain the aggregate fold record for the learned-data study, complete finite summaries for the three verified studies, the retained adverse measurement, and a standard-library verifier that recomputes every table and stated rate from reader-facing data.",availability,supporting,Anonymous-review scope only; public deposition remains a human filing action.,current anonymous source/review archives and independent verifier,PENDING_BLIND_COVERAGE,VERIFIED,retain at current scope; narrow or remove if blind review does not find entailment
AC-222,Reproducibility and availability; source lines 254-254,The verifier is separate from the model-fitting and Boolean-search programs used to generate the original results,availability,supporting,Anonymous-review scope only; public deposition remains a human filing action.,current anonymous source/review archives and independent verifier,PENDING_BLIND_COVERAGE,VERIFIED,retain at current scope; narrow or remove if blind review does not find entailment
AC-223,Reproducibility and availability; source lines 256-256,"The source archive contains the anonymous manuscript source, bibliography, and journal style.",availability,supporting,Anonymous-review scope only; public deposition remains a human filing action.,current anonymous source/review archives and independent verifier,PENDING_BLIND_COVERAGE,VERIFIED,retain at current scope; narrow or remove if blind review does not find entailment
AC-224,Reproducibility and availability; source lines 256-256,The review archive contains no author identity or private development history.,availability,supporting,Anonymous-review scope only; public deposition remains a human filing action.,current anonymous source/review archives and independent verifier,PENDING_BLIND_COVERAGE,VERIFIED,retain at current scope; narrow or remove if blind review does not find entailment
AC-225,Reproducibility and availability; source lines 256-256,"On publication, the full study programs, frozen case panels, and execution records will be deposited with a persistent public research artifact.",availability,supporting,Anonymous-review scope only; public deposition remains a human filing action.,current anonymous source/review archives and independent verifier,PENDING_BLIND_COVERAGE,VERIFIED,retain at current scope; narrow or remove if blind review does not find entailment
AC-226,Reproducibility and availability; source lines 256-256,"Until then, the anonymous review data are sufficient to inspect every quantitative statement in this manuscript",availability,supporting,Anonymous-review scope only; public deposition remains a human filing action.,current anonymous source/review archives and independent verifier,PENDING_BLIND_COVERAGE,VERIFIED,retain at current scope; narrow or remove if blind review does not find entailment
AC-227,Conclusion; source lines 260-260,Current provenance and high confidence do not by themselves establish that stored state supports a changed task.,interpretation,headline,Must remain within one learned dataset and three finite panels.,current manuscript evidence hierarchy,PENDING_BLIND_COVERAGE,BOUNDED_INFERENCE,retain at current scope; narrow or remove if blind review does not find entailment
AC-228,Conclusion; source lines 260-260,"Across one learned dataset and three finite verified panels, an explicit responsibility contract distinguishes reusable state from state that must be reopened, preserves the always-raw correctness ceiling by construction, and avoids unnecessary raw access.",interpretation,supporting,Must remain within one learned dataset and three finite panels.,current manuscript evidence hierarchy,PENDING_BLIND_COVERAGE,BOUNDED_INFERENCE,retain at current scope; narrow or remove if blind review does not find entailment
AC-229,Conclusion; source lines 260-260,The same studies expose unsupported reuse by responsibility-blind comparators and complementary failures of unconditional and signature-only transport.,interpretation,supporting,Must remain within one learned dataset and three finite panels.,current manuscript evidence hierarchy,PENDING_BLIND_COVERAGE,BOUNDED_INFERENCE,retain at current scope; narrow or remove if blind review does not find entailment
AC-230,Conclusion; source lines 260-260,The conclusion is bounded: state sufficiency is responsibility relative in these registered settings.,interpretation,supporting,Must remain within one learned dataset and three finite panels.,current manuscript evidence hierarchy,PENDING_BLIND_COVERAGE,BOUNDED_INFERENCE,retain at current scope; narrow or remove if blind review does not find entailment
AC-231,Conclusion; source lines 260-260,"Deployment safety, population generalization, and arbitrary semantic transport remain unestablished",interpretation,supporting,Must remain within one learned dataset and three finite panels.,current manuscript evidence hierarchy,PENDING_BLIND_COVERAGE,BOUNDED_INFERENCE,retain at current scope; narrow or remove if blind review does not find entailment
AC-232,Tables 1-4,"The learned-data study contains 1,797 source items and 3,594 responsibility episodes per policy arm",empirical_or_finite_result,supporting,One learned dataset or complete registered finite panel; no population or deployment authority.,anonymous row-level review data and standard-library independent verifier,PENDING_BLIND_COVERAGE,VERIFIED,retain at current scope; narrow or remove if blind review does not find entailment
AC-233,Tables 1-4,Responsibility-relative and always-raw policies have combined accuracy 0.944 and exact-digit accuracy 0.970,empirical_or_finite_result,headline,One learned dataset or complete registered finite panel; no population or deployment authority.,anonymous row-level review data and standard-library independent verifier,PENDING_BLIND_COVERAGE,VERIFIED,retain at current scope; narrow or remove if blind review does not find entailment
AC-234,Tables 1-4,Responsibility-relative routing reads 33 state values per episode versus 64 for always raw,empirical_or_finite_result,headline,One learned dataset or complete registered finite panel; no population or deployment authority.,anonymous row-level review data and standard-library independent verifier,PENDING_BLIND_COVERAGE,VERIFIED,retain at current scope; narrow or remove if blind review does not find entailment
AC-235,Tables 1-4,Confidence-only exact-digit accuracy is 0.396 with unsupported reuse rate 0.777,empirical_or_finite_result,supporting,One learned dataset or complete registered finite panel; no population or deployment authority.,anonymous row-level review data and standard-library independent verifier,PENDING_BLIND_COVERAGE,VERIFIED,retain at current scope; narrow or remove if blind review does not find entailment
AC-236,Tables 1-4,Provenance-only and unqualified exact-digit accuracy is 0.238 with unsupported reuse rate 1.000,empirical_or_finite_result,supporting,One learned dataset or complete registered finite panel; no population or deployment authority.,anonymous row-level review data and standard-library independent verifier,PENDING_BLIND_COVERAGE,VERIFIED,retain at current scope; narrow or remove if blind review does not find entailment
AC-237,Tables 1-4,"In the 12-case old/new formula panel, responsibility-relative and always-raw policies are correct on 24 of 24 episodes",empirical_or_finite_result,headline,One learned dataset or complete registered finite panel; no population or deployment authority.,anonymous row-level review data and standard-library independent verifier,PENDING_BLIND_COVERAGE,VERIFIED,retain at current scope; narrow or remove if blind review does not find entailment
AC-238,Tables 1-4,Confidence-only and provenance-only policies are correct on 12 of 24 formula episodes and make 12 stale reuses,empirical_or_finite_result,supporting,One learned dataset or complete registered finite panel; no population or deployment authority.,anonymous row-level review data and standard-library independent verifier,PENDING_BLIND_COVERAGE,VERIFIED,retain at current scope; narrow or remove if blind review does not find entailment
AC-239,Tables 1-4,"In the 48-case provenance comparison, each provenance-tiered arm is correct on 36 cases and makes 12 unsupported reuses",empirical_or_finite_result,supporting,One learned dataset or complete registered finite panel; no population or deployment authority.,anonymous row-level review data and standard-library independent verifier,PENDING_BLIND_COVERAGE,VERIFIED,retain at current scope; narrow or remove if blind review does not find entailment
AC-240,Tables 1-4,"Responsibility-relative, composed, and always-raw policies are correct on all 48 provenance-comparison cases",empirical_or_finite_result,headline,One learned dataset or complete registered finite panel; no population or deployment authority.,anonymous row-level review data and standard-library independent verifier,PENDING_BLIND_COVERAGE,VERIFIED,retain at current scope; narrow or remove if blind review does not find entailment
AC-241,Tables 1-4,"In the 60-case transport panel, unconditional transport makes 40 unsound transports and is verifier-correct on 40 cases",empirical_or_finite_result,supporting,One learned dataset or complete registered finite panel; no population or deployment authority.,anonymous row-level review data and standard-library independent verifier,PENDING_BLIND_COVERAGE,VERIFIED,retain at current scope; narrow or remove if blind review does not find entailment
AC-242,Tables 1-4,Signature equality and always reissuing make 20 needless reissues each,empirical_or_finite_result,supporting,One learned dataset or complete registered finite panel; no population or deployment authority.,anonymous row-level review data and standard-library independent verifier,PENDING_BLIND_COVERAGE,VERIFIED,retain at current scope; narrow or remove if blind review does not find entailment
AC-243,Tables 1-4,The local drift-bound rule is verifier-correct on all 60 cases with zero unsound transport and zero needless reissue,empirical_or_finite_result,supporting,One learned dataset or complete registered finite panel; no population or deployment authority.,anonymous row-level review data and standard-library independent verifier,PENDING_BLIND_COVERAGE,VERIFIED,retain at current scope; narrow or remove if blind review does not find entailment
