time=2026-08-24T14:08:33.666+02:00 level=INFO source=routes.go:1933 msg="server config" env="map[CUDA_VISIBLE_DEVICES:0 GGML_VK_VISIBLE_DEVICES: GPU_DEVICE_ORDINAL:0 HIP_VISIBLE_DEVICES: HSA_OVERRIDE_GFX_VERSION: HTTPS_PROXY: HTTP_PROXY: LLAMA_ARG_FIT: LLAMA_ARG_FIT_TARGET: NO_PROXY:127.0.0.1,localhost OLLAMA_CONTEXT_LENGTH:0 OLLAMA_DEBUG:INFO OLLAMA_DEBUG_LOG_REQUESTS:false OLLAMA_EDITOR: OLLAMA_FLASH_ATTENTION:false OLLAMA_GO_TEMPLATE:true OLLAMA_GPU_OVERHEAD:0 OLLAMA_HOST:http://127.0.0.1:11471 OLLAMA_IGPU_ENABLE: OLLAMA_KEEP_ALIVE:30m0s OLLAMA_KV_CACHE_TYPE: OLLAMA_LLM_LIBRARY: OLLAMA_LOAD_TIMEOUT:5m0s OLLAMA_MAX_LOADED_MODELS:0 OLLAMA_MAX_QUEUE:512 OLLAMA_MAX_TRANSFER_STREAMS:4 OLLAMA_MODELS:/projects/hep/fs10/scratch/scyiu/orion_p1_sab_openweight_v1_20260824/run/job-3533966/ollama-models OLLAMA_NOHISTORY:true OLLAMA_NOPRUNE:true OLLAMA_NO_CLOUD:false OLLAMA_NUM_PARALLEL:1 OLLAMA_ORIGINS:[http://localhost https://localhost http://localhost:* https://localhost:* http://127.0.0.1 https://127.0.0.1 http://127.0.0.1:* https://127.0.0.1:* http://0.0.0.0 https://0.0.0.0 http://0.0.0.0:* https://0.0.0.0:* app://* file://* tauri://* vscode-webview://* vscode-file://*] OLLAMA_REMOTES:[ollama.com] OLLAMA_SCHED_SPREAD:false OLLAMA_VULKAN:true ROCR_VISIBLE_DEVICES:0 http_proxy: https_proxy: no_proxy:127.0.0.1,localhost]"
time=2026-08-24T14:08:33.666+02:00 level=INFO source=routes.go:1935 msg="Ollama cloud disabled: false"
time=2026-08-24T14:08:33.669+02:00 level=INFO source=routes.go:1990 msg="Listening on 127.0.0.1:11471 (version 0.32.14)"
time=2026-08-24T14:08:33.670+02:00 level=INFO source=model_list_cache.go:112 msg="model list cache hydration complete" models=0 failures=0 elapsed=1.507882ms
time=2026-08-24T14:08:33.671+02:00 level=INFO source=runner.go:60 msg="discovering available GPUs..."
time=2026-08-24T14:08:33.672+02:00 level=WARN source=runner.go:722 msg="user overrode visible devices" CUDA_VISIBLE_DEVICES=0
time=2026-08-24T14:08:33.672+02:00 level=WARN source=runner.go:722 msg="user overrode visible devices" ROCR_VISIBLE_DEVICES=0
time=2026-08-24T14:08:33.672+02:00 level=WARN source=runner.go:722 msg="user overrode visible devices" GPU_DEVICE_ORDINAL=0
time=2026-08-24T14:08:33.672+02:00 level=WARN source=runner.go:726 msg="if GPUs are not correctly discovered, unset and try again"
time=2026-08-24T14:08:33.944+02:00 level=INFO source=model_recommendations.go:177 msg="model recommendations cache sleep scheduled" wait=4h25m55.345930705s consecutive_failures=0
time=2026-08-24T14:08:37.273+02:00 level=INFO source=types.go:32 msg="inference compute" id=0 filter_id=0 library=CUDA compute=8.6 name=CUDA0 description="NVIDIA A40" libdirs=ollama,cuda_v13 driver=13.0 pci_id=0000:4b:00.0 type=discrete total="44.4 GiB" available="42.5 GiB"
time=2026-08-24T14:08:37.273+02:00 level=INFO source=routes.go:2040 msg="vram-based default context" total_vram="44.4 GiB" default_num_ctx=32768
[GIN] 2026/08/24 - 14:08:37 | 200 |     290.769µs |       127.0.0.1 | GET      "/api/version"
[GIN] 2026/08/24 - 14:08:37 | 200 |      59.127µs |       127.0.0.1 | GET      "/api/version"
[GIN] 2026/08/24 - 14:08:37 | 200 |      61.319µs |       127.0.0.1 | HEAD     "/"
[GIN] 2026/08/24 - 14:09:33 | 201 | 38.497544802s |       127.0.0.1 | POST     "/api/blobs/sha256:fadc3e5f8d42bf7e894a785b05082e47daee4df26680389817e2093056f088ad"
time=2026-08-24T14:09:34.988+02:00 level=INFO source=quantization.go:124 msg="quantizing model" type=COPY input=/projects/hep/fs10/scratch/scyiu/orion_p1_sab_openweight_v1_20260824/run/job-3533966/ollama-models/blobs/sha256-fadc3e5f8d42bf7e894a785b05082e47daee4df26680389817e2093056f088ad output=/projects/hep/fs10/scratch/scyiu/orion_p1_sab_openweight_v1_20260824/run/job-3533966/ollama-models/blobs/COPY83889683
load_backend: loaded CPU backend from /lunarc/sw/pkg/ollama/0.32.14/lib/ollama/libggml-cpu-icelake.so
version: 0.1.0-dev (build 1, commit 7e4c0a968)
built with GNU 13.3.1 for Linux x86_64
llama_quantize: quantizing '/projects/hep/fs10/scratch/scyiu/orion_p1_sab_openweight_v1_20260824/run/job-3533966/ollama-models/blobs/sha256-fadc3e5f8d42bf7e894a785b05082e47daee4df26680389817e2093056f088ad' to '/projects/hep/fs10/scratch/scyiu/orion_p1_sab_openweight_v1_20260824/run/job-3533966/ollama-models/blobs/COPY83889683' as COPY
llama_model_loader: loaded meta data with 44 key-value pairs and 579 tensors from /projects/hep/fs10/scratch/scyiu/orion_p1_sab_openweight_v1_20260824/run/job-3533966/ollama-models/blobs/sha256-fadc3e5f8d42bf7e894a785b05082e47daee4df26680389817e2093056f088ad (version GGUF V3 (latest))
llama_model_loader: Dumping metadata keys/values. Note: KV overrides do not apply in this output.
llama_model_loader: - kv   0:                       general.architecture str              = qwen3moe
llama_model_loader: - kv   1:                               general.type str              = model
llama_model_loader: - kv   2:                               general.name str              = Qwen3-Coder-30B-A3B-Instruct
llama_model_loader: - kv   3:                           general.finetune str              = Instruct
llama_model_loader: - kv   4:                           general.basename str              = Qwen3-Coder-30B-A3B-Instruct
llama_model_loader: - kv   5:                       general.quantized_by str              = Unsloth
llama_model_loader: - kv   6:                         general.size_label str              = 30B-A3B
llama_model_loader: - kv   7:                            general.license str              = apache-2.0
llama_model_loader: - kv   8:                       general.license.link str              = https://huggingface.co/Qwen/Qwen3-Cod...
llama_model_loader: - kv   9:                           general.repo_url str              = https://huggingface.co/unsloth
llama_model_loader: - kv  10:                   general.base_model.count u32              = 1
llama_model_loader: - kv  11:                  general.base_model.0.name str              = Qwen3 Coder 30B A3B Instruct
llama_model_loader: - kv  12:          general.base_model.0.organization str              = Qwen
llama_model_loader: - kv  13:              general.base_model.0.repo_url str              = https://huggingface.co/Qwen/Qwen3-Cod...
llama_model_loader: - kv  14:                               general.tags arr[str,2]       = ["unsloth", "text-generation"]
llama_model_loader: - kv  15:                       qwen3moe.block_count u32              = 48
llama_model_loader: - kv  16:                    qwen3moe.context_length u32              = 262144
llama_model_loader: - kv  17:                  qwen3moe.embedding_length u32              = 2048
llama_model_loader: - kv  18:               qwen3moe.feed_forward_length u32              = 5472
llama_model_loader: - kv  19:              qwen3moe.attention.head_count u32              = 32
llama_model_loader: - kv  20:           qwen3moe.attention.head_count_kv u32              = 4
llama_model_loader: - kv  21:                    qwen3moe.rope.freq_base f32              = 10000000.000000
llama_model_loader: - kv  22:  qwen3moe.attention.layer_norm_rms_epsilon f32              = 0.000001
llama_model_loader: - kv  23:                 qwen3moe.expert_used_count u32              = 8
llama_model_loader: - kv  24:              qwen3moe.attention.key_length u32              = 128
llama_model_loader: - kv  25:            qwen3moe.attention.value_length u32              = 128
llama_model_loader: - kv  26:                      qwen3moe.expert_count u32              = 128
llama_model_loader: - kv  27:        qwen3moe.expert_feed_forward_length u32              = 768
llama_model_loader: - kv  28: qwen3moe.expert_shared_feed_forward_length u32              = 0
llama_model_loader: - kv  29:                       tokenizer.ggml.model str              = gpt2
llama_model_loader: - kv  30:                         tokenizer.ggml.pre str              = qwen2
llama_model_loader: - kv  31:                      tokenizer.ggml.tokens arr[str,151936]  = ["!", "\"", "#", "$", "%", "&", "'", ...
llama_model_loader: - kv  32:                  tokenizer.ggml.token_type arr[i32,151936]  = [1, 1, 1, 1, 1, 1, 1, 1, 1, 1, 1, 1, ...
llama_model_loader: - kv  33:                      tokenizer.ggml.merges arr[str,151387]  = ["Ġ Ġ", "ĠĠ ĠĠ", "i n", "Ġ t",...
llama_model_loader: - kv  34:                tokenizer.ggml.eos_token_id u32              = 151645
llama_model_loader: - kv  35:            tokenizer.ggml.padding_token_id u32              = 151654
llama_model_loader: - kv  36:               tokenizer.ggml.add_bos_token bool             = false
llama_model_loader: - kv  37:                    tokenizer.chat_template str              = {# Copyright 2025-present Unsloth. Ap...
llama_model_loader: - kv  38:               general.quantization_version u32              = 2
llama_model_loader: - kv  39:                          general.file_type u32              = 15
llama_model_loader: - kv  40:                      quantize.imatrix.file str              = Qwen3-Coder-30B-A3B-Instruct-GGUF/ima...
llama_model_loader: - kv  41:                   quantize.imatrix.dataset str              = unsloth_calibration_Qwen3-Coder-30B-A...
llama_model_loader: - kv  42:             quantize.imatrix.entries_count u32              = 384
llama_model_loader: - kv  43:              quantize.imatrix.chunks_count u32              = 154
llama_model_loader: - type  f32:  241 tensors
llama_model_loader: - type q4_K:  289 tensors
llama_model_loader: - type q6_K:   49 tensors
[   1/ 579] output.weight                        - [  2048, 151936,      1,      1], type =   q6_K, size =  243.428 MiB
[   2/ 579] output_norm.weight                   - [  2048,      1,      1,      1], type =    f32, size =    0.008 MiB
[   3/ 579] token_embd.weight                    - [  2048, 151936,      1,      1], type =   q4_K, size =  166.922 MiB
[   4/ 579] blk.0.attn_k.weight                  - [  2048,    512,      1,      1], type =   q4_K, size =    0.562 MiB
[   5/ 579] blk.0.attn_k_norm.weight             - [   128,      1,      1,      1], type =    f32, size =    0.000 MiB
[   6/ 579] blk.0.attn_norm.weight               - [  2048,      1,      1,      1], type =    f32, size =    0.008 MiB
[   7/ 579] blk.0.attn_output.weight             - [  4096,   2048,      1,      1], type =   q4_K, size =    4.500 MiB
[   8/ 579] blk.0.attn_q.weight                  - [  2048,   4096,      1,      1], type =   q4_K, size =    4.500 MiB
[   9/ 579] blk.0.attn_q_norm.weight             - [   128,      1,      1,      1], type =    f32, size =    0.000 MiB
[  10/ 579] blk.0.attn_v.weight                  - [  2048,    512,      1,      1], type =   q6_K, size =    0.820 MiB
[  11/ 579] blk.0.ffn_down_exps.weight           - [   768,   2048,    128,      1], type =   q6_K, size =  157.500 MiB
[  12/ 579] blk.0.ffn_gate_exps.weight           - [  2048,    768,    128,      1], type =   q4_K, size =  108.000 MiB
[  13/ 579] blk.0.ffn_gate_inp.weight            - [  2048,    128,      1,      1], type =    f32, size =    1.000 MiB
[  14/ 579] blk.0.ffn_norm.weight                - [  2048,      1,      1,      1], type =    f32, size =    0.008 MiB
[  15/ 579] blk.0.ffn_up_exps.weight             - [  2048,    768,    128,      1], type =   q4_K, size =  108.000 MiB
[  16/ 579] blk.1.attn_k.weight                  - [  2048,    512,      1,      1], type =   q4_K, size =    0.562 MiB
[  17/ 579] blk.1.attn_k_norm.weight             - [   128,      1,      1,      1], type =    f32, size =    0.000 MiB
[  18/ 579] blk.1.attn_norm.weight               - [  2048,      1,      1,      1], type =    f32, size =    0.008 MiB
[  19/ 579] blk.1.attn_output.weight             - [  4096,   2048,      1,      1], type =   q4_K, size =    4.500 MiB
[  20/ 579] blk.1.attn_q.weight                  - [  2048,   4096,      1,      1], type =   q4_K, size =    4.500 MiB
[  21/ 579] blk.1.attn_q_norm.weight             - [   128,      1,      1,      1], type =    f32, size =    0.000 MiB
[  22/ 579] blk.1.attn_v.weight                  - [  2048,    512,      1,      1], type =   q6_K, size =    0.820 MiB
[  23/ 579] blk.1.ffn_down_exps.weight           - [   768,   2048,    128,      1], type =   q6_K, size =  157.500 MiB
[  24/ 579] blk.1.ffn_gate_exps.weight           - [  2048,    768,    128,      1], type =   q4_K, size =  108.000 MiB
[  25/ 579] blk.1.ffn_gate_inp.weight            - [  2048,    128,      1,      1], type =    f32, size =    1.000 MiB
[  26/ 579] blk.1.ffn_norm.weight                - [  2048,      1,      1,      1], type =    f32, size =    0.008 MiB
[  27/ 579] blk.1.ffn_up_exps.weight             - [  2048,    768,    128,      1], type =   q4_K, size =  108.000 MiB
[  28/ 579] blk.2.attn_k.weight                  - [  2048,    512,      1,      1], type =   q4_K, size =    0.562 MiB
[  29/ 579] blk.2.attn_k_norm.weight             - [   128,      1,      1,      1], type =    f32, size =    0.000 MiB
[  30/ 579] blk.2.attn_norm.weight               - [  2048,      1,      1,      1], type =    f32, size =    0.008 MiB
[  31/ 579] blk.2.attn_output.weight             - [  4096,   2048,      1,      1], type =   q4_K, size =    4.500 MiB
[  32/ 579] blk.2.attn_q.weight                  - [  2048,   4096,      1,      1], type =   q4_K, size =    4.500 MiB
[  33/ 579] blk.2.attn_q_norm.weight             - [   128,      1,      1,      1], type =    f32, size =    0.000 MiB
[  34/ 579] blk.2.attn_v.weight                  - [  2048,    512,      1,      1], type =   q6_K, size =    0.820 MiB
[  35/ 579] blk.2.ffn_down_exps.weight           - [   768,   2048,    128,      1], type =   q6_K, size =  157.500 MiB
[  36/ 579] blk.2.ffn_gate_exps.weight           - [  2048,    768,    128,      1], type =   q4_K, size =  108.000 MiB
[  37/ 579] blk.2.ffn_gate_inp.weight            - [  2048,    128,      1,      1], type =    f32, size =    1.000 MiB
[  38/ 579] blk.2.ffn_norm.weight                - [  2048,      1,      1,      1], type =    f32, size =    0.008 MiB
[  39/ 579] blk.2.ffn_up_exps.weight             - [  2048,    768,    128,      1], type =   q4_K, size =  108.000 MiB
[  40/ 579] blk.3.attn_k.weight                  - [  2048,    512,      1,      1], type =   q4_K, size =    0.562 MiB
[  41/ 579] blk.3.attn_k_norm.weight             - [   128,      1,      1,      1], type =    f32, size =    0.000 MiB
[  42/ 579] blk.3.attn_norm.weight               - [  2048,      1,      1,      1], type =    f32, size =    0.008 MiB
[  43/ 579] blk.3.attn_output.weight             - [  4096,   2048,      1,      1], type =   q4_K, size =    4.500 MiB
[  44/ 579] blk.3.attn_q.weight                  - [  2048,   4096,      1,      1], type =   q4_K, size =    4.500 MiB
[  45/ 579] blk.3.attn_q_norm.weight             - [   128,      1,      1,      1], type =    f32, size =    0.000 MiB
[  46/ 579] blk.3.attn_v.weight                  - [  2048,    512,      1,      1], type =   q6_K, size =    0.820 MiB
[  47/ 579] blk.3.ffn_down_exps.weight           - [   768,   2048,    128,      1], type =   q6_K, size =  157.500 MiB
[  48/ 579] blk.3.ffn_gate_exps.weight           - [  2048,    768,    128,      1], type =   q4_K, size =  108.000 MiB
[  49/ 579] blk.3.ffn_gate_inp.weight            - [  2048,    128,      1,      1], type =    f32, size =    1.000 MiB
[  50/ 579] blk.3.ffn_norm.weight                - [  2048,      1,      1,      1], type =    f32, size =    0.008 MiB
[  51/ 579] blk.3.ffn_up_exps.weight             - [  2048,    768,    128,      1], type =   q4_K, size =  108.000 MiB
[  52/ 579] blk.4.attn_k.weight                  - [  2048,    512,      1,      1], type =   q4_K, size =    0.562 MiB
[  53/ 579] blk.4.attn_k_norm.weight             - [   128,      1,      1,      1], type =    f32, size =    0.000 MiB
[  54/ 579] blk.4.attn_norm.weight               - [  2048,      1,      1,      1], type =    f32, size =    0.008 MiB
[  55/ 579] blk.4.attn_output.weight             - [  4096,   2048,      1,      1], type =   q4_K, size =    4.500 MiB
[  56/ 579] blk.4.attn_q.weight                  - [  2048,   4096,      1,      1], type =   q4_K, size =    4.500 MiB
[  57/ 579] blk.4.attn_q_norm.weight             - [   128,      1,      1,      1], type =    f32, size =    0.000 MiB
[  58/ 579] blk.4.attn_v.weight                  - [  2048,    512,      1,      1], type =   q6_K, size =    0.820 MiB
[  59/ 579] blk.4.ffn_down_exps.weight           - [   768,   2048,    128,      1], type =   q6_K, size =  157.500 MiB
[  60/ 579] blk.4.ffn_gate_exps.weight           - [  2048,    768,    128,      1], type =   q4_K, size =  108.000 MiB
[  61/ 579] blk.4.ffn_gate_inp.weight            - [  2048,    128,      1,      1], type =    f32, size =    1.000 MiB
[  62/ 579] blk.4.ffn_norm.weight                - [  2048,      1,      1,      1], type =    f32, size =    0.008 MiB
[  63/ 579] blk.4.ffn_up_exps.weight             - [  2048,    768,    128,      1], type =   q4_K, size =  108.000 MiB
[  64/ 579] blk.5.attn_k.weight                  - [  2048,    512,      1,      1], type =   q4_K, size =    0.562 MiB
[  65/ 579] blk.5.attn_k_norm.weight             - [   128,      1,      1,      1], type =    f32, size =    0.000 MiB
[  66/ 579] blk.5.attn_norm.weight               - [  2048,      1,      1,      1], type =    f32, size =    0.008 MiB
[  67/ 579] blk.5.attn_output.weight             - [  4096,   2048,      1,      1], type =   q4_K, size =    4.500 MiB
[  68/ 579] blk.5.attn_q.weight                  - [  2048,   4096,      1,      1], type =   q4_K, size =    4.500 MiB
[  69/ 579] blk.5.attn_q_norm.weight             - [   128,      1,      1,      1], type =    f32, size =    0.000 MiB
[  70/ 579] blk.5.attn_v.weight                  - [  2048,    512,      1,      1], type =   q6_K, size =    0.820 MiB
[  71/ 579] blk.5.ffn_down_exps.weight           - [   768,   2048,    128,      1], type =   q6_K, size =  157.500 MiB
[  72/ 579] blk.5.ffn_gate_exps.weight           - [  2048,    768,    128,      1], type =   q4_K, size =  108.000 MiB
[  73/ 579] blk.5.ffn_gate_inp.weight            - [  2048,    128,      1,      1], type =    f32, size =    1.000 MiB
[  74/ 579] blk.5.ffn_norm.weight                - [  2048,      1,      1,      1], type =    f32, size =    0.008 MiB
[  75/ 579] blk.5.ffn_up_exps.weight             - [  2048,    768,    128,      1], type =   q4_K, size =  108.000 MiB
[  76/ 579] blk.6.attn_k.weight                  - [  2048,    512,      1,      1], type =   q4_K, size =    0.562 MiB
[  77/ 579] blk.6.attn_k_norm.weight             - [   128,      1,      1,      1], type =    f32, size =    0.000 MiB
[  78/ 579] blk.6.attn_norm.weight               - [  2048,      1,      1,      1], type =    f32, size =    0.008 MiB
[  79/ 579] blk.6.attn_output.weight             - [  4096,   2048,      1,      1], type =   q4_K, size =    4.500 MiB
[  80/ 579] blk.6.attn_q.weight                  - [  2048,   4096,      1,      1], type =   q4_K, size =    4.500 MiB
[  81/ 579] blk.6.attn_q_norm.weight             - [   128,      1,      1,      1], type =    f32, size =    0.000 MiB
[  82/ 579] blk.6.attn_v.weight                  - [  2048,    512,      1,      1], type =   q4_K, size =    0.562 MiB
[  83/ 579] blk.6.ffn_down_exps.weight           - [   768,   2048,    128,      1], type =   q4_K, size =  108.000 MiB
[  84/ 579] blk.6.ffn_gate_exps.weight           - [  2048,    768,    128,      1], type =   q4_K, size =  108.000 MiB
[  85/ 579] blk.6.ffn_gate_inp.weight            - [  2048,    128,      1,      1], type =    f32, size =    1.000 MiB
[  86/ 579] blk.6.ffn_norm.weight                - [  2048,      1,      1,      1], type =    f32, size =    0.008 MiB
[  87/ 579] blk.6.ffn_up_exps.weight             - [  2048,    768,    128,      1], type =   q4_K, size =  108.000 MiB
[  88/ 579] blk.7.attn_k.weight                  - [  2048,    512,      1,      1], type =   q4_K, size =    0.562 MiB
[  89/ 579] blk.7.attn_k_norm.weight             - [   128,      1,      1,      1], type =    f32, size =    0.000 MiB
[  90/ 579] blk.7.attn_norm.weight               - [  2048,      1,      1,      1], type =    f32, size =    0.008 MiB
[  91/ 579] blk.7.attn_output.weight             - [  4096,   2048,      1,      1], type =   q4_K, size =    4.500 MiB
[  92/ 579] blk.7.attn_q.weight                  - [  2048,   4096,      1,      1], type =   q4_K, size =    4.500 MiB
[  93/ 579] blk.7.attn_q_norm.weight             - [   128,      1,      1,      1], type =    f32, size =    0.000 MiB
[  94/ 579] blk.7.attn_v.weight                  - [  2048,    512,      1,      1], type =   q4_K, size =    0.562 MiB
[  95/ 579] blk.7.ffn_down_exps.weight           - [   768,   2048,    128,      1], type =   q4_K, size =  108.000 MiB
[  96/ 579] blk.7.ffn_gate_exps.weight           - [  2048,    768,    128,      1], type =   q4_K, size =  108.000 MiB
[  97/ 579] blk.7.ffn_gate_inp.weight            - [  2048,    128,      1,      1], type =    f32, size =    1.000 MiB
[  98/ 579] blk.7.ffn_norm.weight                - [  2048,      1,      1,      1], type =    f32, size =    0.008 MiB
[  99/ 579] blk.7.ffn_up_exps.weight             - [  2048,    768,    128,      1], type =   q4_K, size =  108.000 MiB
[ 100/ 579] blk.8.attn_k.weight                  - [  2048,    512,      1,      1], type =   q4_K, size =    0.562 MiB
[ 101/ 579] blk.8.attn_k_norm.weight             - [   128,      1,      1,      1], type =    f32, size =    0.000 MiB
[ 102/ 579] blk.8.attn_norm.weight               - [  2048,      1,      1,      1], type =    f32, size =    0.008 MiB
[ 103/ 579] blk.8.attn_output.weight             - [  4096,   2048,      1,      1], type =   q4_K, size =    4.500 MiB
[ 104/ 579] blk.8.attn_q.weight                  - [  2048,   4096,      1,      1], type =   q4_K, size =    4.500 MiB
[ 105/ 579] blk.8.attn_q_norm.weight             - [   128,      1,      1,      1], type =    f32, size =    0.000 MiB
[ 106/ 579] blk.8.attn_v.weight                  - [  2048,    512,      1,      1], type =   q6_K, size =    0.820 MiB
[ 107/ 579] blk.8.ffn_down_exps.weight           - [   768,   2048,    128,      1], type =   q6_K, size =  157.500 MiB
[ 108/ 579] blk.8.ffn_gate_exps.weight           - [  2048,    768,    128,      1], type =   q4_K, size =  108.000 MiB
[ 109/ 579] blk.8.ffn_gate_inp.weight            - [  2048,    128,      1,      1], type =    f32, size =    1.000 MiB
[ 110/ 579] blk.8.ffn_norm.weight                - [  2048,      1,      1,      1], type =    f32, size =    0.008 MiB
[ 111/ 579] blk.8.ffn_up_exps.weight             - [  2048,    768,    128,      1], type =   q4_K, size =  108.000 MiB
[ 112/ 579] blk.9.attn_k.weight                  - [  2048,    512,      1,      1], type =   q4_K, size =    0.562 MiB
[ 113/ 579] blk.9.attn_k_norm.weight             - [   128,      1,      1,      1], type =    f32, size =    0.000 MiB
[ 114/ 579] blk.9.attn_norm.weight               - [  2048,      1,      1,      1], type =    f32, size =    0.008 MiB
[ 115/ 579] blk.9.attn_output.weight             - [  4096,   2048,      1,      1], type =   q4_K, size =    4.500 MiB
[ 116/ 579] blk.9.attn_q.weight                  - [  2048,   4096,      1,      1], type =   q4_K, size =    4.500 MiB
[ 117/ 579] blk.9.attn_q_norm.weight             - [   128,      1,      1,      1], type =    f32, size =    0.000 MiB
[ 118/ 579] blk.9.attn_v.weight                  - [  2048,    512,      1,      1], type =   q4_K, size =    0.562 MiB
[ 119/ 579] blk.9.ffn_down_exps.weight           - [   768,   2048,    128,      1], type =   q4_K, size =  108.000 MiB
[ 120/ 579] blk.9.ffn_gate_exps.weight           - [  2048,    768,    128,      1], type =   q4_K, size =  108.000 MiB
[ 121/ 579] blk.9.ffn_gate_inp.weight            - [  2048,    128,      1,      1], type =    f32, size =    1.000 MiB
[ 122/ 579] blk.9.ffn_norm.weight                - [  2048,      1,      1,      1], type =    f32, size =    0.008 MiB
[ 123/ 579] blk.9.ffn_up_exps.weight             - [  2048,    768,    128,      1], type =   q4_K, size =  108.000 MiB
[ 124/ 579] blk.10.attn_k.weight                 - [  2048,    512,      1,      1], type =   q4_K, size =    0.562 MiB
[ 125/ 579] blk.10.attn_k_norm.weight            - [   128,      1,      1,      1], type =    f32, size =    0.000 MiB
[ 126/ 579] blk.10.attn_norm.weight              - [  2048,      1,      1,      1], type =    f32, size =    0.008 MiB
[ 127/ 579] blk.10.attn_output.weight            - [  4096,   2048,      1,      1], type =   q4_K, size =    4.500 MiB
[ 128/ 579] blk.10.attn_q.weight                 - [  2048,   4096,      1,      1], type =   q4_K, size =    4.500 MiB
[ 129/ 579] blk.10.attn_q_norm.weight            - [   128,      1,      1,      1], type =    f32, size =    0.000 MiB
[ 130/ 579] blk.10.attn_v.weight                 - [  2048,    512,      1,      1], type =   q4_K, size =    0.562 MiB
[ 131/ 579] blk.10.ffn_down_exps.weight          - [   768,   2048,    128,      1], type =   q4_K, size =  108.000 MiB
[ 132/ 579] blk.10.ffn_gate_exps.weight          - [  2048,    768,    128,      1], type =   q4_K, size =  108.000 MiB
[ 133/ 579] blk.10.ffn_gate_inp.weight           - [  2048,    128,      1,      1], type =    f32, size =    1.000 MiB
[ 134/ 579] blk.10.ffn_norm.weight               - [  2048,      1,      1,      1], type =    f32, size =    0.008 MiB
[ 135/ 579] blk.10.ffn_up_exps.weight            - [  2048,    768,    128,      1], type =   q4_K, size =  108.000 MiB
[ 136/ 579] blk.11.attn_k.weight                 - [  2048,    512,      1,      1], type =   q4_K, size =    0.562 MiB
[ 137/ 579] blk.11.attn_k_norm.weight            - [   128,      1,      1,      1], type =    f32, size =    0.000 MiB
[ 138/ 579] blk.11.attn_norm.weight              - [  2048,      1,      1,      1], type =    f32, size =    0.008 MiB
[ 139/ 579] blk.11.attn_output.weight            - [  4096,   2048,      1,      1], type =   q4_K, size =    4.500 MiB
[ 140/ 579] blk.11.attn_q.weight                 - [  2048,   4096,      1,      1], type =   q4_K, size =    4.500 MiB
[ 141/ 579] blk.11.attn_q_norm.weight            - [   128,      1,      1,      1], type =    f32, size =    0.000 MiB
[ 142/ 579] blk.11.attn_v.weight                 - [  2048,    512,      1,      1], type =   q6_K, size =    0.820 MiB
[ 143/ 579] blk.11.ffn_down_exps.weight          - [   768,   2048,    128,      1], type =   q6_K, size =  157.500 MiB
[ 144/ 579] blk.11.ffn_gate_exps.weight          - [  2048,    768,    128,      1], type =   q4_K, size =  108.000 MiB
[ 145/ 579] blk.11.ffn_gate_inp.weight           - [  2048,    128,      1,      1], type =    f32, size =    1.000 MiB
[ 146/ 579] blk.11.ffn_norm.weight               - [  2048,      1,      1,      1], type =    f32, size =    0.008 MiB
[ 147/ 579] blk.11.ffn_up_exps.weight            - [  2048,    768,    128,      1], type =   q4_K, size =  108.000 MiB
[ 148/ 579] blk.12.attn_k.weight                 - [  2048,    512,      1,      1], type =   q4_K, size =    0.562 MiB
[ 149/ 579] blk.12.attn_k_norm.weight            - [   128,      1,      1,      1], type =    f32, size =    0.000 MiB
[ 150/ 579] blk.12.attn_norm.weight              - [  2048,      1,      1,      1], type =    f32, size =    0.008 MiB
[ 151/ 579] blk.12.attn_output.weight            - [  4096,   2048,      1,      1], type =   q4_K, size =    4.500 MiB
[ 152/ 579] blk.12.attn_q.weight                 - [  2048,   4096,      1,      1], type =   q4_K, size =    4.500 MiB
[ 153/ 579] blk.12.attn_q_norm.weight            - [   128,      1,      1,      1], type =    f32, size =    0.000 MiB
[ 154/ 579] blk.12.attn_v.weight                 - [  2048,    512,      1,      1], type =   q4_K, size =    0.562 MiB
[ 155/ 579] blk.12.ffn_down_exps.weight          - [   768,   2048,    128,      1], type =   q4_K, size =  108.000 MiB
[ 156/ 579] blk.12.ffn_gate_exps.weight          - [  2048,    768,    128,      1], type =   q4_K, size =  108.000 MiB
[ 157/ 579] blk.12.ffn_gate_inp.weight           - [  2048,    128,      1,      1], type =    f32, size =    1.000 MiB
[ 158/ 579] blk.12.ffn_norm.weight               - [  2048,      1,      1,      1], type =    f32, size =    0.008 MiB
[ 159/ 579] blk.12.ffn_up_exps.weight            - [  2048,    768,    128,      1], type =   q4_K, size =  108.000 MiB
[ 160/ 579] blk.13.attn_k.weight                 - [  2048,    512,      1,      1], type =   q4_K, size =    0.562 MiB
[ 161/ 579] blk.13.attn_k_norm.weight            - [   128,      1,      1,      1], type =    f32, size =    0.000 MiB
[ 162/ 579] blk.13.attn_norm.weight              - [  2048,      1,      1,      1], type =    f32, size =    0.008 MiB
[ 163/ 579] blk.13.attn_output.weight            - [  4096,   2048,      1,      1], type =   q4_K, size =    4.500 MiB
[ 164/ 579] blk.13.attn_q.weight                 - [  2048,   4096,      1,      1], type =   q4_K, size =    4.500 MiB
[ 165/ 579] blk.13.attn_q_norm.weight            - [   128,      1,      1,      1], type =    f32, size =    0.000 MiB
[ 166/ 579] blk.13.attn_v.weight                 - [  2048,    512,      1,      1], type =   q4_K, size =    0.562 MiB
[ 167/ 579] blk.13.ffn_down_exps.weight          - [   768,   2048,    128,      1], type =   q4_K, size =  108.000 MiB
[ 168/ 579] blk.13.ffn_gate_exps.weight          - [  2048,    768,    128,      1], type =   q4_K, size =  108.000 MiB
[ 169/ 579] blk.13.ffn_gate_inp.weight           - [  2048,    128,      1,      1], type =    f32, size =    1.000 MiB
[ 170/ 579] blk.13.ffn_norm.weight               - [  2048,      1,      1,      1], type =    f32, size =    0.008 MiB
[ 171/ 579] blk.13.ffn_up_exps.weight            - [  2048,    768,    128,      1], type =   q4_K, size =  108.000 MiB
[ 172/ 579] blk.14.attn_k.weight                 - [  2048,    512,      1,      1], type =   q4_K, size =    0.562 MiB
[ 173/ 579] blk.14.attn_k_norm.weight            - [   128,      1,      1,      1], type =    f32, size =    0.000 MiB
[ 174/ 579] blk.14.attn_norm.weight              - [  2048,      1,      1,      1], type =    f32, size =    0.008 MiB
[ 175/ 579] blk.14.attn_output.weight            - [  4096,   2048,      1,      1], type =   q4_K, size =    4.500 MiB
[ 176/ 579] blk.14.attn_q.weight                 - [  2048,   4096,      1,      1], type =   q4_K, size =    4.500 MiB
[ 177/ 579] blk.14.attn_q_norm.weight            - [   128,      1,      1,      1], type =    f32, size =    0.000 MiB
[ 178/ 579] blk.14.attn_v.weight                 - [  2048,    512,      1,      1], type =   q6_K, size =    0.820 MiB
[ 179/ 579] blk.14.ffn_down_exps.weight          - [   768,   2048,    128,      1], type =   q6_K, size =  157.500 MiB
[ 180/ 579] blk.14.ffn_gate_exps.weight          - [  2048,    768,    128,      1], type =   q4_K, size =  108.000 MiB
[ 181/ 579] blk.14.ffn_gate_inp.weight           - [  2048,    128,      1,      1], type =    f32, size =    1.000 MiB
[ 182/ 579] blk.14.ffn_norm.weight               - [  2048,      1,      1,      1], type =    f32, size =    0.008 MiB
[ 183/ 579] blk.14.ffn_up_exps.weight            - [  2048,    768,    128,      1], type =   q4_K, size =  108.000 MiB
[ 184/ 579] blk.15.attn_k.weight                 - [  2048,    512,      1,      1], type =   q4_K, size =    0.562 MiB
[ 185/ 579] blk.15.attn_k_norm.weight            - [   128,      1,      1,      1], type =    f32, size =    0.000 MiB
[ 186/ 579] blk.15.attn_norm.weight              - [  2048,      1,      1,      1], type =    f32, size =    0.008 MiB
[ 187/ 579] blk.15.attn_output.weight            - [  4096,   2048,      1,      1], type =   q4_K, size =    4.500 MiB
[ 188/ 579] blk.15.attn_q.weight                 - [  2048,   4096,      1,      1], type =   q4_K, size =    4.500 MiB
[ 189/ 579] blk.15.attn_q_norm.weight            - [   128,      1,      1,      1], type =    f32, size =    0.000 MiB
[ 190/ 579] blk.15.attn_v.weight                 - [  2048,    512,      1,      1], type =   q4_K, size =    0.562 MiB
[ 191/ 579] blk.15.ffn_down_exps.weight          - [   768,   2048,    128,      1], type =   q4_K, size =  108.000 MiB
[ 192/ 579] blk.15.ffn_gate_exps.weight          - [  2048,    768,    128,      1], type =   q4_K, size =  108.000 MiB
[ 193/ 579] blk.15.ffn_gate_inp.weight           - [  2048,    128,      1,      1], type =    f32, size =    1.000 MiB
[ 194/ 579] blk.15.ffn_norm.weight               - [  2048,      1,      1,      1], type =    f32, size =    0.008 MiB
[ 195/ 579] blk.15.ffn_up_exps.weight            - [  2048,    768,    128,      1], type =   q4_K, size =  108.000 MiB
[ 196/ 579] blk.16.attn_k.weight                 - [  2048,    512,      1,      1], type =   q4_K, size =    0.562 MiB
[ 197/ 579] blk.16.attn_k_norm.weight            - [   128,      1,      1,      1], type =    f32, size =    0.000 MiB
[ 198/ 579] blk.16.attn_norm.weight              - [  2048,      1,      1,      1], type =    f32, size =    0.008 MiB
[ 199/ 579] blk.16.attn_output.weight            - [  4096,   2048,      1,      1], type =   q4_K, size =    4.500 MiB
[ 200/ 579] blk.16.attn_q.weight                 - [  2048,   4096,      1,      1], type =   q4_K, size =    4.500 MiB
[ 201/ 579] blk.16.attn_q_norm.weight            - [   128,      1,      1,      1], type =    f32, size =    0.000 MiB
[ 202/ 579] blk.16.attn_v.weight                 - [  2048,    512,      1,      1], type =   q4_K, size =    0.562 MiB
[ 203/ 579] blk.16.ffn_down_exps.weight          - [   768,   2048,    128,      1], type =   q4_K, size =  108.000 MiB
[ 204/ 579] blk.16.ffn_gate_exps.weight          - [  2048,    768,    128,      1], type =   q4_K, size =  108.000 MiB
[ 205/ 579] blk.16.ffn_gate_inp.weight           - [  2048,    128,      1,      1], type =    f32, size =    1.000 MiB
[ 206/ 579] blk.16.ffn_norm.weight               - [  2048,      1,      1,      1], type =    f32, size =    0.008 MiB
[ 207/ 579] blk.16.ffn_up_exps.weight            - [  2048,    768,    128,      1], type =   q4_K, size =  108.000 MiB
[ 208/ 579] blk.17.attn_k.weight                 - [  2048,    512,      1,      1], type =   q4_K, size =    0.562 MiB
[ 209/ 579] blk.17.attn_k_norm.weight            - [   128,      1,      1,      1], type =    f32, size =    0.000 MiB
[ 210/ 579] blk.17.attn_norm.weight              - [  2048,      1,      1,      1], type =    f32, size =    0.008 MiB
[ 211/ 579] blk.17.attn_output.weight            - [  4096,   2048,      1,      1], type =   q4_K, size =    4.500 MiB
[ 212/ 579] blk.17.attn_q.weight                 - [  2048,   4096,      1,      1], type =   q4_K, size =    4.500 MiB
[ 213/ 579] blk.17.attn_q_norm.weight            - [   128,      1,      1,      1], type =    f32, size =    0.000 MiB
[ 214/ 579] blk.17.attn_v.weight                 - [  2048,    512,      1,      1], type =   q6_K, size =    0.820 MiB
[ 215/ 579] blk.17.ffn_down_exps.weight          - [   768,   2048,    128,      1], type =   q6_K, size =  157.500 MiB
[ 216/ 579] blk.17.ffn_gate_exps.weight          - [  2048,    768,    128,      1], type =   q4_K, size =  108.000 MiB
[ 217/ 579] blk.17.ffn_gate_inp.weight           - [  2048,    128,      1,      1], type =    f32, size =    1.000 MiB
[ 218/ 579] blk.17.ffn_norm.weight               - [  2048,      1,      1,      1], type =    f32, size =    0.008 MiB
[ 219/ 579] blk.17.ffn_up_exps.weight            - [  2048,    768,    128,      1], type =   q4_K, size =  108.000 MiB
[ 220/ 579] blk.18.attn_k.weight                 - [  2048,    512,      1,      1], type =   q4_K, size =    0.562 MiB
[ 221/ 579] blk.18.attn_k_norm.weight            - [   128,      1,      1,      1], type =    f32, size =    0.000 MiB
[ 222/ 579] blk.18.attn_norm.weight              - [  2048,      1,      1,      1], type =    f32, size =    0.008 MiB
[ 223/ 579] blk.18.attn_output.weight            - [  4096,   2048,      1,      1], type =   q4_K, size =    4.500 MiB
[ 224/ 579] blk.18.attn_q.weight                 - [  2048,   4096,      1,      1], type =   q4_K, size =    4.500 MiB
[ 225/ 579] blk.18.attn_q_norm.weight            - [   128,      1,      1,      1], type =    f32, size =    0.000 MiB
[ 226/ 579] blk.18.attn_v.weight                 - [  2048,    512,      1,      1], type =   q4_K, size =    0.562 MiB
[ 227/ 579] blk.18.ffn_down_exps.weight          - [   768,   2048,    128,      1], type =   q4_K, size =  108.000 MiB
[ 228/ 579] blk.18.ffn_gate_exps.weight          - [  2048,    768,    128,      1], type =   q4_K, size =  108.000 MiB
[ 229/ 579] blk.18.ffn_gate_inp.weight           - [  2048,    128,      1,      1], type =    f32, size =    1.000 MiB
[ 230/ 579] blk.18.ffn_norm.weight               - [  2048,      1,      1,      1], type =    f32, size =    0.008 MiB
[ 231/ 579] blk.18.ffn_up_exps.weight            - [  2048,    768,    128,      1], type =   q4_K, size =  108.000 MiB
[ 232/ 579] blk.19.attn_k.weight                 - [  2048,    512,      1,      1], type =   q4_K, size =    0.562 MiB
[ 233/ 579] blk.19.attn_k_norm.weight            - [   128,      1,      1,      1], type =    f32, size =    0.000 MiB
[ 234/ 579] blk.19.attn_norm.weight              - [  2048,      1,      1,      1], type =    f32, size =    0.008 MiB
[ 235/ 579] blk.19.attn_output.weight            - [  4096,   2048,      1,      1], type =   q4_K, size =    4.500 MiB
[ 236/ 579] blk.19.attn_q.weight                 - [  2048,   4096,      1,      1], type =   q4_K, size =    4.500 MiB
[ 237/ 579] blk.19.attn_q_norm.weight            - [   128,      1,      1,      1], type =    f32, size =    0.000 MiB
[ 238/ 579] blk.19.attn_v.weight                 - [  2048,    512,      1,      1], type =   q4_K, size =    0.562 MiB
[ 239/ 579] blk.19.ffn_down_exps.weight          - [   768,   2048,    128,      1], type =   q4_K, size =  108.000 MiB
[ 240/ 579] blk.19.ffn_gate_exps.weight          - [  2048,    768,    128,      1], type =   q4_K, size =  108.000 MiB
[ 241/ 579] blk.19.ffn_gate_inp.weight           - [  2048,    128,      1,      1], type =    f32, size =    1.000 MiB
[ 242/ 579] blk.19.ffn_norm.weight               - [  2048,      1,      1,      1], type =    f32, size =    0.008 MiB
[ 243/ 579] blk.19.ffn_up_exps.weight            - [  2048,    768,    128,      1], type =   q4_K, size =  108.000 MiB
[ 244/ 579] blk.20.attn_k.weight                 - [  2048,    512,      1,      1], type =   q4_K, size =    0.562 MiB
[ 245/ 579] blk.20.attn_k_norm.weight            - [   128,      1,      1,      1], type =    f32, size =    0.000 MiB
[ 246/ 579] blk.20.attn_norm.weight              - [  2048,      1,      1,      1], type =    f32, size =    0.008 MiB
[ 247/ 579] blk.20.attn_output.weight            - [  4096,   2048,      1,      1], type =   q4_K, size =    4.500 MiB
[ 248/ 579] blk.20.attn_q.weight                 - [  2048,   4096,      1,      1], type =   q4_K, size =    4.500 MiB
[ 249/ 579] blk.20.attn_q_norm.weight            - [   128,      1,      1,      1], type =    f32, size =    0.000 MiB
[ 250/ 579] blk.20.attn_v.weight                 - [  2048,    512,      1,      1], type =   q6_K, size =    0.820 MiB
[ 251/ 579] blk.20.ffn_down_exps.weight          - [   768,   2048,    128,      1], type =   q6_K, size =  157.500 MiB
[ 252/ 579] blk.20.ffn_gate_exps.weight          - [  2048,    768,    128,      1], type =   q4_K, size =  108.000 MiB
[ 253/ 579] blk.20.ffn_gate_inp.weight           - [  2048,    128,      1,      1], type =    f32, size =    1.000 MiB
[ 254/ 579] blk.20.ffn_norm.weight               - [  2048,      1,      1,      1], type =    f32, size =    0.008 MiB
[ 255/ 579] blk.20.ffn_up_exps.weight            - [  2048,    768,    128,      1], type =   q4_K, size =  108.000 MiB
[ 256/ 579] blk.21.attn_k.weight                 - [  2048,    512,      1,      1], type =   q4_K, size =    0.562 MiB
[ 257/ 579] blk.21.attn_k_norm.weight            - [   128,      1,      1,      1], type =    f32, size =    0.000 MiB
[ 258/ 579] blk.21.attn_norm.weight              - [  2048,      1,      1,      1], type =    f32, size =    0.008 MiB
[ 259/ 579] blk.21.attn_output.weight            - [  4096,   2048,      1,      1], type =   q4_K, size =    4.500 MiB
[ 260/ 579] blk.21.attn_q.weight                 - [  2048,   4096,      1,      1], type =   q4_K, size =    4.500 MiB
[ 261/ 579] blk.21.attn_q_norm.weight            - [   128,      1,      1,      1], type =    f32, size =    0.000 MiB
[ 262/ 579] blk.21.attn_v.weight                 - [  2048,    512,      1,      1], type =   q4_K, size =    0.562 MiB
[ 263/ 579] blk.21.ffn_down_exps.weight          - [   768,   2048,    128,      1], type =   q4_K, size =  108.000 MiB
[ 264/ 579] blk.21.ffn_gate_exps.weight          - [  2048,    768,    128,      1], type =   q4_K, size =  108.000 MiB
[ 265/ 579] blk.21.ffn_gate_inp.weight           - [  2048,    128,      1,      1], type =    f32, size =    1.000 MiB
[ 266/ 579] blk.21.ffn_norm.weight               - [  2048,      1,      1,      1], type =    f32, size =    0.008 MiB
[ 267/ 579] blk.21.ffn_up_exps.weight            - [  2048,    768,    128,      1], type =   q4_K, size =  108.000 MiB
[ 268/ 579] blk.22.attn_k.weight                 - [  2048,    512,      1,      1], type =   q4_K, size =    0.562 MiB
[ 269/ 579] blk.22.attn_k_norm.weight            - [   128,      1,      1,      1], type =    f32, size =    0.000 MiB
[ 270/ 579] blk.22.attn_norm.weight              - [  2048,      1,      1,      1], type =    f32, size =    0.008 MiB
[ 271/ 579] blk.22.attn_output.weight            - [  4096,   2048,      1,      1], type =   q4_K, size =    4.500 MiB
[ 272/ 579] blk.22.attn_q.weight                 - [  2048,   4096,      1,      1], type =   q4_K, size =    4.500 MiB
[ 273/ 579] blk.22.attn_q_norm.weight            - [   128,      1,      1,      1], type =    f32, size =    0.000 MiB
[ 274/ 579] blk.22.attn_v.weight                 - [  2048,    512,      1,      1], type =   q4_K, size =    0.562 MiB
[ 275/ 579] blk.22.ffn_down_exps.weight          - [   768,   2048,    128,      1], type =   q4_K, size =  108.000 MiB
[ 276/ 579] blk.22.ffn_gate_exps.weight          - [  2048,    768,    128,      1], type =   q4_K, size =  108.000 MiB
[ 277/ 579] blk.22.ffn_gate_inp.weight           - [  2048,    128,      1,      1], type =    f32, size =    1.000 MiB
[ 278/ 579] blk.22.ffn_norm.weight               - [  2048,      1,      1,      1], type =    f32, size =    0.008 MiB
[ 279/ 579] blk.22.ffn_up_exps.weight            - [  2048,    768,    128,      1], type =   q4_K, size =  108.000 MiB
[ 280/ 579] blk.23.attn_k.weight                 - [  2048,    512,      1,      1], type =   q4_K, size =    0.562 MiB
[ 281/ 579] blk.23.attn_k_norm.weight            - [   128,      1,      1,      1], type =    f32, size =    0.000 MiB
[ 282/ 579] blk.23.attn_norm.weight              - [  2048,      1,      1,      1], type =    f32, size =    0.008 MiB
[ 283/ 579] blk.23.attn_output.weight            - [  4096,   2048,      1,      1], type =   q4_K, size =    4.500 MiB
[ 284/ 579] blk.23.attn_q.weight                 - [  2048,   4096,      1,      1], type =   q4_K, size =    4.500 MiB
[ 285/ 579] blk.23.attn_q_norm.weight            - [   128,      1,      1,      1], type =    f32, size =    0.000 MiB
[ 286/ 579] blk.23.attn_v.weight                 - [  2048,    512,      1,      1], type =   q6_K, size =    0.820 MiB
[ 287/ 579] blk.23.ffn_down_exps.weight          - [   768,   2048,    128,      1], type =   q6_K, size =  157.500 MiB
[ 288/ 579] blk.23.ffn_gate_exps.weight          - [  2048,    768,    128,      1], type =   q4_K, size =  108.000 MiB
[ 289/ 579] blk.23.ffn_gate_inp.weight           - [  2048,    128,      1,      1], type =    f32, size =    1.000 MiB
[ 290/ 579] blk.23.ffn_norm.weight               - [  2048,      1,      1,      1], type =    f32, size =    0.008 MiB
[ 291/ 579] blk.23.ffn_up_exps.weight            - [  2048,    768,    128,      1], type =   q4_K, size =  108.000 MiB
[ 292/ 579] blk.24.attn_k.weight                 - [  2048,    512,      1,      1], type =   q4_K, size =    0.562 MiB
[ 293/ 579] blk.24.attn_k_norm.weight            - [   128,      1,      1,      1], type =    f32, size =    0.000 MiB
[ 294/ 579] blk.24.attn_norm.weight              - [  2048,      1,      1,      1], type =    f32, size =    0.008 MiB
[ 295/ 579] blk.24.attn_output.weight            - [  4096,   2048,      1,      1], type =   q4_K, size =    4.500 MiB
[ 296/ 579] blk.24.attn_q.weight                 - [  2048,   4096,      1,      1], type =   q4_K, size =    4.500 MiB
[ 297/ 579] blk.24.attn_q_norm.weight            - [   128,      1,      1,      1], type =    f32, size =    0.000 MiB
[ 298/ 579] blk.24.attn_v.weight                 - [  2048,    512,      1,      1], type =   q4_K, size =    0.562 MiB
[ 299/ 579] blk.24.ffn_down_exps.weight          - [   768,   2048,    128,      1], type =   q4_K, size =  108.000 MiB
[ 300/ 579] blk.24.ffn_gate_exps.weight          - [  2048,    768,    128,      1], type =   q4_K, size =  108.000 MiB
[ 301/ 579] blk.24.ffn_gate_inp.weight           - [  2048,    128,      1,      1], type =    f32, size =    1.000 MiB
[ 302/ 579] blk.24.ffn_norm.weight               - [  2048,      1,      1,      1], type =    f32, size =    0.008 MiB
[ 303/ 579] blk.24.ffn_up_exps.weight            - [  2048,    768,    128,      1], type =   q4_K, size =  108.000 MiB
[ 304/ 579] blk.25.attn_k.weight                 - [  2048,    512,      1,      1], type =   q4_K, size =    0.562 MiB
[ 305/ 579] blk.25.attn_k_norm.weight            - [   128,      1,      1,      1], type =    f32, size =    0.000 MiB
[ 306/ 579] blk.25.attn_norm.weight              - [  2048,      1,      1,      1], type =    f32, size =    0.008 MiB
[ 307/ 579] blk.25.attn_output.weight            - [  4096,   2048,      1,      1], type =   q4_K, size =    4.500 MiB
[ 308/ 579] blk.25.attn_q.weight                 - [  2048,   4096,      1,      1], type =   q4_K, size =    4.500 MiB
[ 309/ 579] blk.25.attn_q_norm.weight            - [   128,      1,      1,      1], type =    f32, size =    0.000 MiB
[ 310/ 579] blk.25.attn_v.weight                 - [  2048,    512,      1,      1], type =   q4_K, size =    0.562 MiB
[ 311/ 579] blk.25.ffn_down_exps.weight          - [   768,   2048,    128,      1], type =   q4_K, size =  108.000 MiB
[ 312/ 579] blk.25.ffn_gate_exps.weight          - [  2048,    768,    128,      1], type =   q4_K, size =  108.000 MiB
[ 313/ 579] blk.25.ffn_gate_inp.weight           - [  2048,    128,      1,      1], type =    f32, size =    1.000 MiB
[ 314/ 579] blk.25.ffn_norm.weight               - [  2048,      1,      1,      1], type =    f32, size =    0.008 MiB
[ 315/ 579] blk.25.ffn_up_exps.weight            - [  2048,    768,    128,      1], type =   q4_K, size =  108.000 MiB
[ 316/ 579] blk.26.attn_k.weight                 - [  2048,    512,      1,      1], type =   q4_K, size =    0.562 MiB
[ 317/ 579] blk.26.attn_k_norm.weight            - [   128,      1,      1,      1], type =    f32, size =    0.000 MiB
[ 318/ 579] blk.26.attn_norm.weight              - [  2048,      1,      1,      1], type =    f32, size =    0.008 MiB
[ 319/ 579] blk.26.attn_output.weight            - [  4096,   2048,      1,      1], type =   q4_K, size =    4.500 MiB
[ 320/ 579] blk.26.attn_q.weight                 - [  2048,   4096,      1,      1], type =   q4_K, size =    4.500 MiB
[ 321/ 579] blk.26.attn_q_norm.weight            - [   128,      1,      1,      1], type =    f32, size =    0.000 MiB
[ 322/ 579] blk.26.attn_v.weight                 - [  2048,    512,      1,      1], type =   q6_K, size =    0.820 MiB
[ 323/ 579] blk.26.ffn_down_exps.weight          - [   768,   2048,    128,      1], type =   q6_K, size =  157.500 MiB
[ 324/ 579] blk.26.ffn_gate_exps.weight          - [  2048,    768,    128,      1], type =   q4_K, size =  108.000 MiB
[ 325/ 579] blk.26.ffn_gate_inp.weight           - [  2048,    128,      1,      1], type =    f32, size =    1.000 MiB
[ 326/ 579] blk.26.ffn_norm.weight               - [  2048,      1,      1,      1], type =    f32, size =    0.008 MiB
[ 327/ 579] blk.26.ffn_up_exps.weight            - [  2048,    768,    128,      1], type =   q4_K, size =  108.000 MiB
[ 328/ 579] blk.27.attn_k.weight                 - [  2048,    512,      1,      1], type =   q4_K, size =    0.562 MiB
[ 329/ 579] blk.27.attn_k_norm.weight            - [   128,      1,      1,      1], type =    f32, size =    0.000 MiB
[ 330/ 579] blk.27.attn_norm.weight              - [  2048,      1,      1,      1], type =    f32, size =    0.008 MiB
[ 331/ 579] blk.27.attn_output.weight            - [  4096,   2048,      1,      1], type =   q4_K, size =    4.500 MiB
[ 332/ 579] blk.27.attn_q.weight                 - [  2048,   4096,      1,      1], type =   q4_K, size =    4.500 MiB
[ 333/ 579] blk.27.attn_q_norm.weight            - [   128,      1,      1,      1], type =    f32, size =    0.000 MiB
[ 334/ 579] blk.27.attn_v.weight                 - [  2048,    512,      1,      1], type =   q4_K, size =    0.562 MiB
[ 335/ 579] blk.27.ffn_down_exps.weight          - [   768,   2048,    128,      1], type =   q4_K, size =  108.000 MiB
[ 336/ 579] blk.27.ffn_gate_exps.weight          - [  2048,    768,    128,      1], type =   q4_K, size =  108.000 MiB
[ 337/ 579] blk.27.ffn_gate_inp.weight           - [  2048,    128,      1,      1], type =    f32, size =    1.000 MiB
[ 338/ 579] blk.27.ffn_norm.weight               - [  2048,      1,      1,      1], type =    f32, size =    0.008 MiB
[ 339/ 579] blk.27.ffn_up_exps.weight            - [  2048,    768,    128,      1], type =   q4_K, size =  108.000 MiB
[ 340/ 579] blk.28.attn_k.weight                 - [  2048,    512,      1,      1], type =   q4_K, size =    0.562 MiB
[ 341/ 579] blk.28.attn_k_norm.weight            - [   128,      1,      1,      1], type =    f32, size =    0.000 MiB
[ 342/ 579] blk.28.attn_norm.weight              - [  2048,      1,      1,      1], type =    f32, size =    0.008 MiB
[ 343/ 579] blk.28.attn_output.weight            - [  4096,   2048,      1,      1], type =   q4_K, size =    4.500 MiB
[ 344/ 579] blk.28.attn_q.weight                 - [  2048,   4096,      1,      1], type =   q4_K, size =    4.500 MiB
[ 345/ 579] blk.28.attn_q_norm.weight            - [   128,      1,      1,      1], type =    f32, size =    0.000 MiB
[ 346/ 579] blk.28.attn_v.weight                 - [  2048,    512,      1,      1], type =   q4_K, size =    0.562 MiB
[ 347/ 579] blk.28.ffn_down_exps.weight          - [   768,   2048,    128,      1], type =   q4_K, size =  108.000 MiB
[ 348/ 579] blk.28.ffn_gate_exps.weight          - [  2048,    768,    128,      1], type =   q4_K, size =  108.000 MiB
[ 349/ 579] blk.28.ffn_gate_inp.weight           - [  2048,    128,      1,      1], type =    f32, size =    1.000 MiB
[ 350/ 579] blk.28.ffn_norm.weight               - [  2048,      1,      1,      1], type =    f32, size =    0.008 MiB
[ 351/ 579] blk.28.ffn_up_exps.weight            - [  2048,    768,    128,      1], type =   q4_K, size =  108.000 MiB
[ 352/ 579] blk.29.attn_k.weight                 - [  2048,    512,      1,      1], type =   q4_K, size =    0.562 MiB
[ 353/ 579] blk.29.attn_k_norm.weight            - [   128,      1,      1,      1], type =    f32, size =    0.000 MiB
[ 354/ 579] blk.29.attn_norm.weight              - [  2048,      1,      1,      1], type =    f32, size =    0.008 MiB
[ 355/ 579] blk.29.attn_output.weight            - [  4096,   2048,      1,      1], type =   q4_K, size =    4.500 MiB
[ 356/ 579] blk.29.attn_q.weight                 - [  2048,   4096,      1,      1], type =   q4_K, size =    4.500 MiB
[ 357/ 579] blk.29.attn_q_norm.weight            - [   128,      1,      1,      1], type =    f32, size =    0.000 MiB
[ 358/ 579] blk.29.attn_v.weight                 - [  2048,    512,      1,      1], type =   q6_K, size =    0.820 MiB
[ 359/ 579] blk.29.ffn_down_exps.weight          - [   768,   2048,    128,      1], type =   q6_K, size =  157.500 MiB
[ 360/ 579] blk.29.ffn_gate_exps.weight          - [  2048,    768,    128,      1], type =   q4_K, size =  108.000 MiB
[ 361/ 579] blk.29.ffn_gate_inp.weight           - [  2048,    128,      1,      1], type =    f32, size =    1.000 MiB
[ 362/ 579] blk.29.ffn_norm.weight               - [  2048,      1,      1,      1], type =    f32, size =    0.008 MiB
[ 363/ 579] blk.29.ffn_up_exps.weight            - [  2048,    768,    128,      1], type =   q4_K, size =  108.000 MiB
[ 364/ 579] blk.30.attn_k.weight                 - [  2048,    512,      1,      1], type =   q4_K, size =    0.562 MiB
[ 365/ 579] blk.30.attn_k_norm.weight            - [   128,      1,      1,      1], type =    f32, size =    0.000 MiB
[ 366/ 579] blk.30.attn_norm.weight              - [  2048,      1,      1,      1], type =    f32, size =    0.008 MiB
[ 367/ 579] blk.30.attn_output.weight            - [  4096,   2048,      1,      1], type =   q4_K, size =    4.500 MiB
[ 368/ 579] blk.30.attn_q.weight                 - [  2048,   4096,      1,      1], type =   q4_K, size =    4.500 MiB
[ 369/ 579] blk.30.attn_q_norm.weight            - [   128,      1,      1,      1], type =    f32, size =    0.000 MiB
[ 370/ 579] blk.30.attn_v.weight                 - [  2048,    512,      1,      1], type =   q4_K, size =    0.562 MiB
[ 371/ 579] blk.30.ffn_down_exps.weight          - [   768,   2048,    128,      1], type =   q4_K, size =  108.000 MiB
[ 372/ 579] blk.30.ffn_gate_exps.weight          - [  2048,    768,    128,      1], type =   q4_K, size =  108.000 MiB
[ 373/ 579] blk.30.ffn_gate_inp.weight           - [  2048,    128,      1,      1], type =    f32, size =    1.000 MiB
[ 374/ 579] blk.30.ffn_norm.weight               - [  2048,      1,      1,      1], type =    f32, size =    0.008 MiB
[ 375/ 579] blk.30.ffn_up_exps.weight            - [  2048,    768,    128,      1], type =   q4_K, size =  108.000 MiB
[ 376/ 579] blk.31.attn_k.weight                 - [  2048,    512,      1,      1], type =   q4_K, size =    0.562 MiB
[ 377/ 579] blk.31.attn_k_norm.weight            - [   128,      1,      1,      1], type =    f32, size =    0.000 MiB
[ 378/ 579] blk.31.attn_norm.weight              - [  2048,      1,      1,      1], type =    f32, size =    0.008 MiB
[ 379/ 579] blk.31.attn_output.weight            - [  4096,   2048,      1,      1], type =   q4_K, size =    4.500 MiB
[ 380/ 579] blk.31.attn_q.weight                 - [  2048,   4096,      1,      1], type =   q4_K, size =    4.500 MiB
[ 381/ 579] blk.31.attn_q_norm.weight            - [   128,      1,      1,      1], type =    f32, size =    0.000 MiB
[ 382/ 579] blk.31.attn_v.weight                 - [  2048,    512,      1,      1], type =   q4_K, size =    0.562 MiB
[ 383/ 579] blk.31.ffn_down_exps.weight          - [   768,   2048,    128,      1], type =   q4_K, size =  108.000 MiB
[ 384/ 579] blk.31.ffn_gate_exps.weight          - [  2048,    768,    128,      1], type =   q4_K, size =  108.000 MiB
[ 385/ 579] blk.31.ffn_gate_inp.weight           - [  2048,    128,      1,      1], type =    f32, size =    1.000 MiB
[ 386/ 579] blk.31.ffn_norm.weight               - [  2048,      1,      1,      1], type =    f32, size =    0.008 MiB
[ 387/ 579] blk.31.ffn_up_exps.weight            - [  2048,    768,    128,      1], type =   q4_K, size =  108.000 MiB
[ 388/ 579] blk.32.attn_k.weight                 - [  2048,    512,      1,      1], type =   q4_K, size =    0.562 MiB
[ 389/ 579] blk.32.attn_k_norm.weight            - [   128,      1,      1,      1], type =    f32, size =    0.000 MiB
[ 390/ 579] blk.32.attn_norm.weight              - [  2048,      1,      1,      1], type =    f32, size =    0.008 MiB
[ 391/ 579] blk.32.attn_output.weight            - [  4096,   2048,      1,      1], type =   q4_K, size =    4.500 MiB
[ 392/ 579] blk.32.attn_q.weight                 - [  2048,   4096,      1,      1], type =   q4_K, size =    4.500 MiB
[ 393/ 579] blk.32.attn_q_norm.weight            - [   128,      1,      1,      1], type =    f32, size =    0.000 MiB
[ 394/ 579] blk.32.attn_v.weight                 - [  2048,    512,      1,      1], type =   q6_K, size =    0.820 MiB
[ 395/ 579] blk.32.ffn_down_exps.weight          - [   768,   2048,    128,      1], type =   q6_K, size =  157.500 MiB
[ 396/ 579] blk.32.ffn_gate_exps.weight          - [  2048,    768,    128,      1], type =   q4_K, size =  108.000 MiB
[ 397/ 579] blk.32.ffn_gate_inp.weight           - [  2048,    128,      1,      1], type =    f32, size =    1.000 MiB
[ 398/ 579] blk.32.ffn_norm.weight               - [  2048,      1,      1,      1], type =    f32, size =    0.008 MiB
[ 399/ 579] blk.32.ffn_up_exps.weight            - [  2048,    768,    128,      1], type =   q4_K, size =  108.000 MiB
[ 400/ 579] blk.33.attn_k.weight                 - [  2048,    512,      1,      1], type =   q4_K, size =    0.562 MiB
[ 401/ 579] blk.33.attn_k_norm.weight            - [   128,      1,      1,      1], type =    f32, size =    0.000 MiB
[ 402/ 579] blk.33.attn_norm.weight              - [  2048,      1,      1,      1], type =    f32, size =    0.008 MiB
[ 403/ 579] blk.33.attn_output.weight            - [  4096,   2048,      1,      1], type =   q4_K, size =    4.500 MiB
[ 404/ 579] blk.33.attn_q.weight                 - [  2048,   4096,      1,      1], type =   q4_K, size =    4.500 MiB
[ 405/ 579] blk.33.attn_q_norm.weight            - [   128,      1,      1,      1], type =    f32, size =    0.000 MiB
[ 406/ 579] blk.33.attn_v.weight                 - [  2048,    512,      1,      1], type =   q4_K, size =    0.562 MiB
[ 407/ 579] blk.33.ffn_down_exps.weight          - [   768,   2048,    128,      1], type =   q4_K, size =  108.000 MiB
[ 408/ 579] blk.33.ffn_gate_exps.weight          - [  2048,    768,    128,      1], type =   q4_K, size =  108.000 MiB
[ 409/ 579] blk.33.ffn_gate_inp.weight           - [  2048,    128,      1,      1], type =    f32, size =    1.000 MiB
[ 410/ 579] blk.33.ffn_norm.weight               - [  2048,      1,      1,      1], type =    f32, size =    0.008 MiB
[ 411/ 579] blk.33.ffn_up_exps.weight            - [  2048,    768,    128,      1], type =   q4_K, size =  108.000 MiB
[ 412/ 579] blk.34.attn_k.weight                 - [  2048,    512,      1,      1], type =   q4_K, size =    0.562 MiB
[ 413/ 579] blk.34.attn_k_norm.weight            - [   128,      1,      1,      1], type =    f32, size =    0.000 MiB
[ 414/ 579] blk.34.attn_norm.weight              - [  2048,      1,      1,      1], type =    f32, size =    0.008 MiB
[ 415/ 579] blk.34.attn_output.weight            - [  4096,   2048,      1,      1], type =   q4_K, size =    4.500 MiB
[ 416/ 579] blk.34.attn_q.weight                 - [  2048,   4096,      1,      1], type =   q4_K, size =    4.500 MiB
[ 417/ 579] blk.34.attn_q_norm.weight            - [   128,      1,      1,      1], type =    f32, size =    0.000 MiB
[ 418/ 579] blk.34.attn_v.weight                 - [  2048,    512,      1,      1], type =   q4_K, size =    0.562 MiB
[ 419/ 579] blk.34.ffn_down_exps.weight          - [   768,   2048,    128,      1], type =   q4_K, size =  108.000 MiB
[ 420/ 579] blk.34.ffn_gate_exps.weight          - [  2048,    768,    128,      1], type =   q4_K, size =  108.000 MiB
[ 421/ 579] blk.34.ffn_gate_inp.weight           - [  2048,    128,      1,      1], type =    f32, size =    1.000 MiB
[ 422/ 579] blk.34.ffn_norm.weight               - [  2048,      1,      1,      1], type =    f32, size =    0.008 MiB
[ 423/ 579] blk.34.ffn_up_exps.weight            - [  2048,    768,    128,      1], type =   q4_K, size =  108.000 MiB
[ 424/ 579] blk.35.attn_k.weight                 - [  2048,    512,      1,      1], type =   q4_K, size =    0.562 MiB
[ 425/ 579] blk.35.attn_k_norm.weight            - [   128,      1,      1,      1], type =    f32, size =    0.000 MiB
[ 426/ 579] blk.35.attn_norm.weight              - [  2048,      1,      1,      1], type =    f32, size =    0.008 MiB
[ 427/ 579] blk.35.attn_output.weight            - [  4096,   2048,      1,      1], type =   q4_K, size =    4.500 MiB
[ 428/ 579] blk.35.attn_q.weight                 - [  2048,   4096,      1,      1], type =   q4_K, size =    4.500 MiB
[ 429/ 579] blk.35.attn_q_norm.weight            - [   128,      1,      1,      1], type =    f32, size =    0.000 MiB
[ 430/ 579] blk.35.attn_v.weight                 - [  2048,    512,      1,      1], type =   q6_K, size =    0.820 MiB
[ 431/ 579] blk.35.ffn_down_exps.weight          - [   768,   2048,    128,      1], type =   q6_K, size =  157.500 MiB
[ 432/ 579] blk.35.ffn_gate_exps.weight          - [  2048,    768,    128,      1], type =   q4_K, size =  108.000 MiB
[ 433/ 579] blk.35.ffn_gate_inp.weight           - [  2048,    128,      1,      1], type =    f32, size =    1.000 MiB
[ 434/ 579] blk.35.ffn_norm.weight               - [  2048,      1,      1,      1], type =    f32, size =    0.008 MiB
[ 435/ 579] blk.35.ffn_up_exps.weight            - [  2048,    768,    128,      1], type =   q4_K, size =  108.000 MiB
[ 436/ 579] blk.36.attn_k.weight                 - [  2048,    512,      1,      1], type =   q4_K, size =    0.562 MiB
[ 437/ 579] blk.36.attn_k_norm.weight            - [   128,      1,      1,      1], type =    f32, size =    0.000 MiB
[ 438/ 579] blk.36.attn_norm.weight              - [  2048,      1,      1,      1], type =    f32, size =    0.008 MiB
[ 439/ 579] blk.36.attn_output.weight            - [  4096,   2048,      1,      1], type =   q4_K, size =    4.500 MiB
[ 440/ 579] blk.36.attn_q.weight                 - [  2048,   4096,      1,      1], type =   q4_K, size =    4.500 MiB
[ 441/ 579] blk.36.attn_q_norm.weight            - [   128,      1,      1,      1], type =    f32, size =    0.000 MiB
[ 442/ 579] blk.36.attn_v.weight                 - [  2048,    512,      1,      1], type =   q4_K, size =    0.562 MiB
[ 443/ 579] blk.36.ffn_down_exps.weight          - [   768,   2048,    128,      1], type =   q4_K, size =  108.000 MiB
[ 444/ 579] blk.36.ffn_gate_exps.weight          - [  2048,    768,    128,      1], type =   q4_K, size =  108.000 MiB
[ 445/ 579] blk.36.ffn_gate_inp.weight           - [  2048,    128,      1,      1], type =    f32, size =    1.000 MiB
[ 446/ 579] blk.36.ffn_norm.weight               - [  2048,      1,      1,      1], type =    f32, size =    0.008 MiB
[ 447/ 579] blk.36.ffn_up_exps.weight            - [  2048,    768,    128,      1], type =   q4_K, size =  108.000 MiB
[ 448/ 579] blk.37.attn_k.weight                 - [  2048,    512,      1,      1], type =   q4_K, size =    0.562 MiB
[ 449/ 579] blk.37.attn_k_norm.weight            - [   128,      1,      1,      1], type =    f32, size =    0.000 MiB
[ 450/ 579] blk.37.attn_norm.weight              - [  2048,      1,      1,      1], type =    f32, size =    0.008 MiB
[ 451/ 579] blk.37.attn_output.weight            - [  4096,   2048,      1,      1], type =   q4_K, size =    4.500 MiB
[ 452/ 579] blk.37.attn_q.weight                 - [  2048,   4096,      1,      1], type =   q4_K, size =    4.500 MiB
[ 453/ 579] blk.37.attn_q_norm.weight            - [   128,      1,      1,      1], type =    f32, size =    0.000 MiB
[ 454/ 579] blk.37.attn_v.weight                 - [  2048,    512,      1,      1], type =   q4_K, size =    0.562 MiB
[ 455/ 579] blk.37.ffn_down_exps.weight          - [   768,   2048,    128,      1], type =   q4_K, size =  108.000 MiB
[ 456/ 579] blk.37.ffn_gate_exps.weight          - [  2048,    768,    128,      1], type =   q4_K, size =  108.000 MiB
[ 457/ 579] blk.37.ffn_gate_inp.weight           - [  2048,    128,      1,      1], type =    f32, size =    1.000 MiB
[ 458/ 579] blk.37.ffn_norm.weight               - [  2048,      1,      1,      1], type =    f32, size =    0.008 MiB
[ 459/ 579] blk.37.ffn_up_exps.weight            - [  2048,    768,    128,      1], type =   q4_K, size =  108.000 MiB
[ 460/ 579] blk.38.attn_k.weight                 - [  2048,    512,      1,      1], type =   q4_K, size =    0.562 MiB
[ 461/ 579] blk.38.attn_k_norm.weight            - [   128,      1,      1,      1], type =    f32, size =    0.000 MiB
[ 462/ 579] blk.38.attn_norm.weight              - [  2048,      1,      1,      1], type =    f32, size =    0.008 MiB
[ 463/ 579] blk.38.attn_output.weight            - [  4096,   2048,      1,      1], type =   q4_K, size =    4.500 MiB
[ 464/ 579] blk.38.attn_q.weight                 - [  2048,   4096,      1,      1], type =   q4_K, size =    4.500 MiB
[ 465/ 579] blk.38.attn_q_norm.weight            - [   128,      1,      1,      1], type =    f32, size =    0.000 MiB
[ 466/ 579] blk.38.attn_v.weight                 - [  2048,    512,      1,      1], type =   q6_K, size =    0.820 MiB
[ 467/ 579] blk.38.ffn_down_exps.weight          - [   768,   2048,    128,      1], type =   q6_K, size =  157.500 MiB
[ 468/ 579] blk.38.ffn_gate_exps.weight          - [  2048,    768,    128,      1], type =   q4_K, size =  108.000 MiB
[ 469/ 579] blk.38.ffn_gate_inp.weight           - [  2048,    128,      1,      1], type =    f32, size =    1.000 MiB
[ 470/ 579] blk.38.ffn_norm.weight               - [  2048,      1,      1,      1], type =    f32, size =    0.008 MiB
[ 471/ 579] blk.38.ffn_up_exps.weight            - [  2048,    768,    128,      1], type =   q4_K, size =  108.000 MiB
[ 472/ 579] blk.39.attn_k.weight                 - [  2048,    512,      1,      1], type =   q4_K, size =    0.562 MiB
[ 473/ 579] blk.39.attn_k_norm.weight            - [   128,      1,      1,      1], type =    f32, size =    0.000 MiB
[ 474/ 579] blk.39.attn_norm.weight              - [  2048,      1,      1,      1], type =    f32, size =    0.008 MiB
[ 475/ 579] blk.39.attn_output.weight            - [  4096,   2048,      1,      1], type =   q4_K, size =    4.500 MiB
[ 476/ 579] blk.39.attn_q.weight                 - [  2048,   4096,      1,      1], type =   q4_K, size =    4.500 MiB
[ 477/ 579] blk.39.attn_q_norm.weight            - [   128,      1,      1,      1], type =    f32, size =    0.000 MiB
[ 478/ 579] blk.39.attn_v.weight                 - [  2048,    512,      1,      1], type =   q4_K, size =    0.562 MiB
[ 479/ 579] blk.39.ffn_down_exps.weight          - [   768,   2048,    128,      1], type =   q4_K, size =  108.000 MiB
[ 480/ 579] blk.39.ffn_gate_exps.weight          - [  2048,    768,    128,      1], type =   q4_K, size =  108.000 MiB
[ 481/ 579] blk.39.ffn_gate_inp.weight           - [  2048,    128,      1,      1], type =    f32, size =    1.000 MiB
[ 482/ 579] blk.39.ffn_norm.weight               - [  2048,      1,      1,      1], type =    f32, size =    0.008 MiB
[ 483/ 579] blk.39.ffn_up_exps.weight            - [  2048,    768,    128,      1], type =   q4_K, size =  108.000 MiB
[ 484/ 579] blk.40.attn_k.weight                 - [  2048,    512,      1,      1], type =   q4_K, size =    0.562 MiB
[ 485/ 579] blk.40.attn_k_norm.weight            - [   128,      1,      1,      1], type =    f32, size =    0.000 MiB
[ 486/ 579] blk.40.attn_norm.weight              - [  2048,      1,      1,      1], type =    f32, size =    0.008 MiB
[ 487/ 579] blk.40.attn_output.weight            - [  4096,   2048,      1,      1], type =   q4_K, size =    4.500 MiB
[ 488/ 579] blk.40.attn_q.weight                 - [  2048,   4096,      1,      1], type =   q4_K, size =    4.500 MiB
[ 489/ 579] blk.40.attn_q_norm.weight            - [   128,      1,      1,      1], type =    f32, size =    0.000 MiB
[ 490/ 579] blk.40.attn_v.weight                 - [  2048,    512,      1,      1], type =   q4_K, size =    0.562 MiB
[ 491/ 579] blk.40.ffn_down_exps.weight          - [   768,   2048,    128,      1], type =   q4_K, size =  108.000 MiB
[ 492/ 579] blk.40.ffn_gate_exps.weight          - [  2048,    768,    128,      1], type =   q4_K, size =  108.000 MiB
[ 493/ 579] blk.40.ffn_gate_inp.weight           - [  2048,    128,      1,      1], type =    f32, size =    1.000 MiB
[ 494/ 579] blk.40.ffn_norm.weight               - [  2048,      1,      1,      1], type =    f32, size =    0.008 MiB
[ 495/ 579] blk.40.ffn_up_exps.weight            - [  2048,    768,    128,      1], type =   q4_K, size =  108.000 MiB
[ 496/ 579] blk.41.attn_k.weight                 - [  2048,    512,      1,      1], type =   q4_K, size =    0.562 MiB
[ 497/ 579] blk.41.attn_k_norm.weight            - [   128,      1,      1,      1], type =    f32, size =    0.000 MiB
[ 498/ 579] blk.41.attn_norm.weight              - [  2048,      1,      1,      1], type =    f32, size =    0.008 MiB
[ 499/ 579] blk.41.attn_output.weight            - [  4096,   2048,      1,      1], type =   q4_K, size =    4.500 MiB
[ 500/ 579] blk.41.attn_q.weight                 - [  2048,   4096,      1,      1], type =   q4_K, size =    4.500 MiB
[ 501/ 579] blk.41.attn_q_norm.weight            - [   128,      1,      1,      1], type =    f32, size =    0.000 MiB
[ 502/ 579] blk.41.attn_v.weight                 - [  2048,    512,      1,      1], type =   q6_K, size =    0.820 MiB
[ 503/ 579] blk.41.ffn_down_exps.weight          - [   768,   2048,    128,      1], type =   q6_K, size =  157.500 MiB
[ 504/ 579] blk.41.ffn_gate_exps.weight          - [  2048,    768,    128,      1], type =   q4_K, size =  108.000 MiB
[ 505/ 579] blk.41.ffn_gate_inp.weight           - [  2048,    128,      1,      1], type =    f32, size =    1.000 MiB
[ 506/ 579] blk.41.ffn_norm.weight               - [  2048,      1,      1,      1], type =    f32, size =    0.008 MiB
[ 507/ 579] blk.41.ffn_up_exps.weight            - [  2048,    768,    128,      1], type =   q4_K, size =  108.000 MiB
[ 508/ 579] blk.42.attn_k.weight                 - [  2048,    512,      1,      1], type =   q4_K, size =    0.562 MiB
[ 509/ 579] blk.42.attn_k_norm.weight            - [   128,      1,      1,      1], type =    f32, size =    0.000 MiB
[ 510/ 579] blk.42.attn_norm.weight              - [  2048,      1,      1,      1], type =    f32, size =    0.008 MiB
[ 511/ 579] blk.42.attn_output.weight            - [  4096,   2048,      1,      1], type =   q4_K, size =    4.500 MiB
[ 512/ 579] blk.42.attn_q.weight                 - [  2048,   4096,      1,      1], type =   q4_K, size =    4.500 MiB
[ 513/ 579] blk.42.attn_q_norm.weight            - [   128,      1,      1,      1], type =    f32, size =    0.000 MiB
[ 514/ 579] blk.42.attn_v.weight                 - [  2048,    512,      1,      1], type =   q6_K, size =    0.820 MiB
[ 515/ 579] blk.42.ffn_down_exps.weight          - [   768,   2048,    128,      1], type =   q6_K, size =  157.500 MiB
[ 516/ 579] blk.42.ffn_gate_exps.weight          - [  2048,    768,    128,      1], type =   q4_K, size =  108.000 MiB
[ 517/ 579] blk.42.ffn_gate_inp.weight           - [  2048,    128,      1,      1], type =    f32, size =    1.000 MiB
[ 518/ 579] blk.42.ffn_norm.weight               - [  2048,      1,      1,      1], type =    f32, size =    0.008 MiB
[ 519/ 579] blk.42.ffn_up_exps.weight            - [  2048,    768,    128,      1], type =   q4_K, size =  108.000 MiB
[ 520/ 579] blk.43.attn_k.weight                 - [  2048,    512,      1,      1], type =   q4_K, size =    0.562 MiB
[ 521/ 579] blk.43.attn_k_norm.weight            - [   128,      1,      1,      1], type =    f32, size =    0.000 MiB
[ 522/ 579] blk.43.attn_norm.weight              - [  2048,      1,      1,      1], type =    f32, size =    0.008 MiB
[ 523/ 579] blk.43.attn_output.weight            - [  4096,   2048,      1,      1], type =   q4_K, size =    4.500 MiB
[ 524/ 579] blk.43.attn_q.weight                 - [  2048,   4096,      1,      1], type =   q4_K, size =    4.500 MiB
[ 525/ 579] blk.43.attn_q_norm.weight            - [   128,      1,      1,      1], type =    f32, size =    0.000 MiB
[ 526/ 579] blk.43.attn_v.weight                 - [  2048,    512,      1,      1], type =   q6_K, size =    0.820 MiB
[ 527/ 579] blk.43.ffn_down_exps.weight          - [   768,   2048,    128,      1], type =   q6_K, size =  157.500 MiB
[ 528/ 579] blk.43.ffn_gate_exps.weight          - [  2048,    768,    128,      1], type =   q4_K, size =  108.000 MiB
[ 529/ 579] blk.43.ffn_gate_inp.weight           - [  2048,    128,      1,      1], type =    f32, size =    1.000 MiB
[ 530/ 579] blk.43.ffn_norm.weight               - [  2048,      1,      1,      1], type =    f32, size =    0.008 MiB
[ 531/ 579] blk.43.ffn_up_exps.weight            - [  2048,    768,    128,      1], type =   q4_K, size =  108.000 MiB
[ 532/ 579] blk.44.attn_k.weight                 - [  2048,    512,      1,      1], type =   q4_K, size =    0.562 MiB
[ 533/ 579] blk.44.attn_k_norm.weight            - [   128,      1,      1,      1], type =    f32, size =    0.000 MiB
[ 534/ 579] blk.44.attn_norm.weight              - [  2048,      1,      1,      1], type =    f32, size =    0.008 MiB
[ 535/ 579] blk.44.attn_output.weight            - [  4096,   2048,      1,      1], type =   q4_K, size =    4.500 MiB
[ 536/ 579] blk.44.attn_q.weight                 - [  2048,   4096,      1,      1], type =   q4_K, size =    4.500 MiB
[ 537/ 579] blk.44.attn_q_norm.weight            - [   128,      1,      1,      1], type =    f32, size =    0.000 MiB
[ 538/ 579] blk.44.attn_v.weight                 - [  2048,    512,      1,      1], type =   q6_K, size =    0.820 MiB
[ 539/ 579] blk.44.ffn_down_exps.weight          - [   768,   2048,    128,      1], type =   q6_K, size =  157.500 MiB
[ 540/ 579] blk.44.ffn_gate_exps.weight          - [  2048,    768,    128,      1], type =   q4_K, size =  108.000 MiB
[ 541/ 579] blk.44.ffn_gate_inp.weight           - [  2048,    128,      1,      1], type =    f32, size =    1.000 MiB
[ 542/ 579] blk.44.ffn_norm.weight               - [  2048,      1,      1,      1], type =    f32, size =    0.008 MiB
[ 543/ 579] blk.44.ffn_up_exps.weight            - [  2048,    768,    128,      1], type =   q4_K, size =  108.000 MiB
[ 544/ 579] blk.45.attn_k.weight                 - [  2048,    512,      1,      1], type =   q4_K, size =    0.562 MiB
[ 545/ 579] blk.45.attn_k_norm.weight            - [   128,      1,      1,      1], type =    f32, size =    0.000 MiB
[ 546/ 579] blk.45.attn_norm.weight              - [  2048,      1,      1,      1], type =    f32, size =    0.008 MiB
[ 547/ 579] blk.45.attn_output.weight            - [  4096,   2048,      1,      1], type =   q4_K, size =    4.500 MiB
[ 548/ 579] blk.45.attn_q.weight                 - [  2048,   4096,      1,      1], type =   q4_K, size =    4.500 MiB
[ 549/ 579] blk.45.attn_q_norm.weight            - [   128,      1,      1,      1], type =    f32, size =    0.000 MiB
[ 550/ 579] blk.45.attn_v.weight                 - [  2048,    512,      1,      1], type =   q6_K, size =    0.820 MiB
[ 551/ 579] blk.45.ffn_down_exps.weight          - [   768,   2048,    128,      1], type =   q6_K, size =  157.500 MiB
[ 552/ 579] blk.45.ffn_gate_exps.weight          - [  2048,    768,    128,      1], type =   q4_K, size =  108.000 MiB
[ 553/ 579] blk.45.ffn_gate_inp.weight           - [  2048,    128,      1,      1], type =    f32, size =    1.000 MiB
[ 554/ 579] blk.45.ffn_norm.weight               - [  2048,      1,      1,      1], type =    f32, size =    0.008 MiB
[ 555/ 579] blk.45.ffn_up_exps.weight            - [  2048,    768,    128,      1], type =   q4_K, size =  108.000 MiB
[ 556/ 579] blk.46.attn_k.weight                 - [  2048,    512,      1,      1], type =   q4_K, size =    0.562 MiB
[ 557/ 579] blk.46.attn_k_norm.weight            - [   128,      1,      1,      1], type =    f32, size =    0.000 MiB
[ 558/ 579] blk.46.attn_norm.weight              - [  2048,      1,      1,      1], type =    f32, size =    0.008 MiB
[ 559/ 579] blk.46.attn_output.weight            - [  4096,   2048,      1,      1], type =   q4_K, size =    4.500 MiB
[ 560/ 579] blk.46.attn_q.weight                 - [  2048,   4096,      1,      1], type =   q4_K, size =    4.500 MiB
[ 561/ 579] blk.46.attn_q_norm.weight            - [   128,      1,      1,      1], type =    f32, size =    0.000 MiB
[ 562/ 579] blk.46.attn_v.weight                 - [  2048,    512,      1,      1], type =   q6_K, size =    0.820 MiB
[ 563/ 579] blk.46.ffn_down_exps.weight          - [   768,   2048,    128,      1], type =   q6_K, size =  157.500 MiB
[ 564/ 579] blk.46.ffn_gate_exps.weight          - [  2048,    768,    128,      1], type =   q4_K, size =  108.000 MiB
[ 565/ 579] blk.46.ffn_gate_inp.weight           - [  2048,    128,      1,      1], type =    f32, size =    1.000 MiB
[ 566/ 579] blk.46.ffn_norm.weight               - [  2048,      1,      1,      1], type =    f32, size =    0.008 MiB
[ 567/ 579] blk.46.ffn_up_exps.weight            - [  2048,    768,    128,      1], type =   q4_K, size =  108.000 MiB
[ 568/ 579] blk.47.attn_k.weight                 - [  2048,    512,      1,      1], type =   q4_K, size =    0.562 MiB
[ 569/ 579] blk.47.attn_k_norm.weight            - [   128,      1,      1,      1], type =    f32, size =    0.000 MiB
[ 570/ 579] blk.47.attn_norm.weight              - [  2048,      1,      1,      1], type =    f32, size =    0.008 MiB
[ 571/ 579] blk.47.attn_output.weight            - [  4096,   2048,      1,      1], type =   q4_K, size =    4.500 MiB
[ 572/ 579] blk.47.attn_q.weight                 - [  2048,   4096,      1,      1], type =   q4_K, size =    4.500 MiB
[ 573/ 579] blk.47.attn_q_norm.weight            - [   128,      1,      1,      1], type =    f32, size =    0.000 MiB
[ 574/ 579] blk.47.attn_v.weight                 - [  2048,    512,      1,      1], type =   q6_K, size =    0.820 MiB
[ 575/ 579] blk.47.ffn_down_exps.weight          - [   768,   2048,    128,      1], type =   q6_K, size =  157.500 MiB
[ 576/ 579] blk.47.ffn_gate_exps.weight          - [  2048,    768,    128,      1], type =   q4_K, size =  108.000 MiB
[ 577/ 579] blk.47.ffn_gate_inp.weight           - [  2048,    128,      1,      1], type =    f32, size =    1.000 MiB
[ 578/ 579] blk.47.ffn_norm.weight               - [  2048,      1,      1,      1], type =    f32, size =    0.008 MiB
[ 579/ 579] blk.47.ffn_up_exps.weight            - [  2048,    768,    128,      1], type =   q4_K, size =  108.000 MiB
llama_model_quantize_impl: model size  = 17691.34 MiB (4.86 BPW)
llama_model_quantize_impl: quant size  = 17691.34 MiB (4.86 BPW)
[GIN] 2026/08/24 - 14:11:18 | 200 |         1m44s |       127.0.0.1 | POST     "/api/create"
[GIN] 2026/08/24 - 14:11:18 | 200 |     101.656µs |       127.0.0.1 | HEAD     "/"
[GIN] 2026/08/24 - 14:11:18 | 200 |  281.831045ms |       127.0.0.1 | POST     "/api/show"
[GIN] 2026/08/24 - 14:11:18 | 200 |      61.526µs |       127.0.0.1 | HEAD     "/"
[GIN] 2026/08/24 - 14:11:18 | 200 |    4.024544ms |       127.0.0.1 | POST     "/api/show"
[GIN] 2026/08/24 - 14:11:18 | 200 |      56.279µs |       127.0.0.1 | HEAD     "/"
[GIN] 2026/08/24 - 14:11:18 | 200 |    1.620943ms |       127.0.0.1 | GET      "/api/tags"
time=2026-08-24T14:12:01.659+02:00 level=INFO source=server.go:109 msg="using llama-server for model" model=/projects/hep/fs10/scratch/scyiu/orion_p1_sab_openweight_v1_20260824/run/job-3533966/ollama-models/blobs/sha256-696dd86adb1ed54f138e199c0278a412fbcb30b997a880d4bf3e04a6dd5b7792
time=2026-08-24T14:12:01.661+02:00 level=INFO source=llama_server.go:433 msg="starting llama-server" cmd="/lunarc/sw/pkg/ollama/0.32.14/lib/ollama/llama-server --model /projects/hep/fs10/scratch/scyiu/orion_p1_sab_openweight_v1_20260824/run/job-3533966/ollama-models/blobs/sha256-696dd86adb1ed54f138e199c0278a412fbcb30b997a880d4bf3e04a6dd5b7792 --port 45227 --host 127.0.0.1 --no-webui --offline -c 32768 -np 1 --log-verbosity 4 --no-log-prefix --no-log-timestamps --flash-attn auto -b 1024 -ub 1024 --context-shift --keep 4"
time=2026-08-24T14:12:01.662+02:00 level=INFO source=sched.go:613 msg="system memory" total="503.0 GiB" free="464.6 GiB" free_swap="4.0 GiB"
time=2026-08-24T14:12:01.662+02:00 level=INFO source=sched.go:620 msg="gpu memory" id=0 library=CUDA available="42.1 GiB" free="42.5 GiB" minimum="457.0 MiB" overhead="0 B"
time=2026-08-24T14:12:01.662+02:00 level=INFO source=llama_server.go:1048 msg="loading model via llama-server" model=/projects/hep/fs10/scratch/scyiu/orion_p1_sab_openweight_v1_20260824/run/job-3533966/ollama-models/blobs/sha256-696dd86adb1ed54f138e199c0278a412fbcb30b997a880d4bf3e04a6dd5b7792
time=2026-08-24T14:12:01.662+02:00 level=INFO source=llama_server.go:1295 msg="waiting for llama-server to start responding"
time=2026-08-24T14:12:01.662+02:00 level=INFO source=llama_server.go:1350 msg="waiting for llama-server to become available" status="llm server not responding"
cmn  common_param: common_params_print_info: build 1 (7e4c0a968) with GNU 13.3.1 for Linux x86_64
cmn  common_param: common_params_print_info: verbosity = 4 (adjust with the `-lv N` CLI arg)
cmn  common_param: device_info:
cmn  common_param:   - CPU     : Intel(R) Xeon(R) Gold 6326 CPU @ 2.90GHz (515114 MiB, 515114 MiB free)
cmn  common_param:   - CUDA0   : NVIDIA A40 (45488 MiB, 43554 MiB free)
cmn  common_param: system_info: n_threads = 32 (n_threads_batch = 32) / 32 | CPU : SSE3 = 1 | SSSE3 = 1 | AVX = 1 | AVX2 = 1 | F16C = 1 | FMA = 1 | BMI2 = 1 | AVX512 = 1 | AVX512_VBMI = 1 | AVX512_VNNI = 1 | LLAMAFILE = 1 | REPACK = 1 | CUDA : ARCHS = 750,800,860,870,890,900,1000,1030,1100,1200,1210 | USE_GRAPHS = 1 | 
srv          init: using 31 threads for HTTP server
srv          init: The UI is disabled
srv          init: Use --ui/--no-ui (or deprecated --webui/--no-webui) to enable/disable
srv  llama_server: -----------------
srv  llama_server: CORS is set to allow all origins ('*') and no API key is set
srv  llama_server: this can be a security risk (cross-origin attacks)
srv  llama_server: more info: https://github.com/ggml-org/llama.cpp/pull/25655
srv  llama_server: -----------------
srv         start: binding port with default address family
srv    load_model: loading model '/projects/hep/fs10/scratch/scyiu/orion_p1_sab_openweight_v1_20260824/run/job-3533966/ollama-models/blobs/sha256-696dd86adb1ed54f138e199c0278a412fbcb30b997a880d4bf3e04a6dd5b7792'
srv    load_model: local path '/projects/hep/fs10/scratch/scyiu/orion_p1_sab_openweight_v1_20260824/run/job-3533966/ollama-models/blobs/sha256-696dd86adb1ed54f138e199c0278a412fbcb30b997a880d4bf3e04a6dd5b7792'
cmn  common_init_: fitting params to device memory ...
cmn  common_init_: (for bugs during this step try to reproduce them with -fit off, or provide --verbose logs if the bug only occurs with -fit on)
common_params_fit_impl: getting device memory data for initial parameters:
time=2026-08-24T14:12:02.166+02:00 level=INFO source=llama_server.go:1350 msg="waiting for llama-server to become available" status="llm server loading model"
common_memory_breakdown_print: | memory breakdown [MiB] | total    free     self   model   context   compute    unaccounted |
common_memory_breakdown_print: |   - CUDA0 (A40)        | 45488 = 43554 + (20828 = 17524 +    3072 +     232) +      -18895 |
common_memory_breakdown_print: |   - Host               |                    246 =   166 +       0 +      80                |
common_params_fit_impl: projected to use 20828 MiB of device memory vs. 43554 MiB of free device memory
common_params_fit_impl: will leave 22726 >= 1024 MiB of free device memory, no changes needed
common_fit_params: successfully fit params to free device memory
common_fit_params: fitting params to free memory took 0.33 seconds
llama_model_loader: loaded meta data with 44 key-value pairs and 579 tensors from /projects/hep/fs10/scratch/scyiu/orion_p1_sab_openweight_v1_20260824/run/job-3533966/ollama-models/blobs/sha256-696dd86adb1ed54f138e199c0278a412fbcb30b997a880d4bf3e04a6dd5b7792 (version GGUF V3 (latest))
llama_model_loader: Dumping metadata keys/values. Note: KV overrides do not apply in this output.
llama_model_loader: - kv   0:                       general.architecture str              = qwen3moe
llama_model_loader: - kv   1:                               general.type str              = model
llama_model_loader: - kv   2:                               general.name str              = Qwen3-Coder-30B-A3B-Instruct
llama_model_loader: - kv   3:                           general.finetune str              = Instruct
llama_model_loader: - kv   4:                           general.basename str              = Qwen3-Coder-30B-A3B-Instruct
llama_model_loader: - kv   5:                       general.quantized_by str              = Unsloth
llama_model_loader: - kv   6:                         general.size_label str              = 30B-A3B
llama_model_loader: - kv   7:                            general.license str              = apache-2.0
llama_model_loader: - kv   8:                       general.license.link str              = https://huggingface.co/Qwen/Qwen3-Cod...
llama_model_loader: - kv   9:                           general.repo_url str              = https://huggingface.co/unsloth
llama_model_loader: - kv  10:                   general.base_model.count u32              = 1
llama_model_loader: - kv  11:                  general.base_model.0.name str              = Qwen3 Coder 30B A3B Instruct
llama_model_loader: - kv  12:          general.base_model.0.organization str              = Qwen
llama_model_loader: - kv  13:              general.base_model.0.repo_url str              = https://huggingface.co/Qwen/Qwen3-Cod...
llama_model_loader: - kv  14:                               general.tags arr[str,2]       = ["unsloth", "text-generation"]
llama_model_loader: - kv  15:                       qwen3moe.block_count u32              = 48
llama_model_loader: - kv  16:                    qwen3moe.context_length u32              = 262144
llama_model_loader: - kv  17:                  qwen3moe.embedding_length u32              = 2048
llama_model_loader: - kv  18:               qwen3moe.feed_forward_length u32              = 5472
llama_model_loader: - kv  19:              qwen3moe.attention.head_count u32              = 32
llama_model_loader: - kv  20:           qwen3moe.attention.head_count_kv u32              = 4
llama_model_loader: - kv  21:                    qwen3moe.rope.freq_base f32              = 10000000.000000
llama_model_loader: - kv  22:  qwen3moe.attention.layer_norm_rms_epsilon f32              = 0.000001
llama_model_loader: - kv  23:                 qwen3moe.expert_used_count u32              = 8
llama_model_loader: - kv  24:              qwen3moe.attention.key_length u32              = 128
llama_model_loader: - kv  25:            qwen3moe.attention.value_length u32              = 128
llama_model_loader: - kv  26:                      qwen3moe.expert_count u32              = 128
llama_model_loader: - kv  27:        qwen3moe.expert_feed_forward_length u32              = 768
llama_model_loader: - kv  28: qwen3moe.expert_shared_feed_forward_length u32              = 0
llama_model_loader: - kv  29:                       tokenizer.ggml.model str              = gpt2
llama_model_loader: - kv  30:                         tokenizer.ggml.pre str              = qwen2
llama_model_loader: - kv  31:                      tokenizer.ggml.tokens arr[str,151936]  = ["!", "\"", "#", "$", "%", "&", "'", ...
llama_model_loader: - kv  32:                  tokenizer.ggml.token_type arr[i32,151936]  = [1, 1, 1, 1, 1, 1, 1, 1, 1, 1, 1, 1, ...
llama_model_loader: - kv  33:                      tokenizer.ggml.merges arr[str,151387]  = ["Ġ Ġ", "ĠĠ ĠĠ", "i n", "Ġ t",...
llama_model_loader: - kv  34:                tokenizer.ggml.eos_token_id u32              = 151645
llama_model_loader: - kv  35:            tokenizer.ggml.padding_token_id u32              = 151654
llama_model_loader: - kv  36:               tokenizer.ggml.add_bos_token bool             = false
llama_model_loader: - kv  37:                    tokenizer.chat_template str              = {# Copyright 2025-present Unsloth. Ap...
llama_model_loader: - kv  38:                      quantize.imatrix.file str              = Qwen3-Coder-30B-A3B-Instruct-GGUF/ima...
llama_model_loader: - kv  39:                   quantize.imatrix.dataset str              = unsloth_calibration_Qwen3-Coder-30B-A...
llama_model_loader: - kv  40:             quantize.imatrix.entries_count u32              = 384
llama_model_loader: - kv  41:              quantize.imatrix.chunks_count u32              = 154
llama_model_loader: - kv  42:               general.quantization_version u32              = 2
llama_model_loader: - kv  43:                          general.file_type u32              = 15
llama_model_loader: - type  f32:  241 tensors
llama_model_loader: - type q4_K:  289 tensors
llama_model_loader: - type q6_K:   49 tensors
print_info: file format = GGUF V3 (latest)
print_info: file type   = Q4_K - Medium
print_info: file size   = 17.28 GiB (4.86 BPW) 
llama_prepare_model_devices: using device CUDA0 (NVIDIA A40) (0000:4b:00.0) - 43554 MiB free
load: 0 unused tokens
load: control-looking token: 128247 '</s>' was not control-type; this is probably a bug in the model. its type will be overridden
load: printing all EOG tokens:
load:   - 128247 ('</s>')
load:   - 151643 ('<|endoftext|>')
load:   - 151645 ('<|im_end|>')
load:   - 151662 ('<|fim_pad|>')
load:   - 151663 ('<|repo_name|>')
load:   - 151664 ('<|file_sep|>')
load: special tokens cache size = 27
load: token to piece cache size = 0.9311 MB
print_info: arch                  = qwen3moe
print_info: vocab_only            = 0
print_info: no_alloc              = 0
print_info: n_ctx_train           = 262144
print_info: n_embd_inp            = 2048
print_info: n_embd                = 2048
print_info: n_embd_out            = 2048
print_info: n_layer               = 48
print_info: n_layer_all           = 48
print_info: n_head                = 32
print_info: n_head_kv             = 4
print_info: n_rot                 = 128
print_info: n_swa                 = 0
print_info: is_swa_any            = 0
print_info: n_embd_head_k         = 128
print_info: n_embd_head_v         = 128
print_info: n_gqa                 = 8
print_info: n_embd_k_gqa          = 512
print_info: n_embd_v_gqa          = 512
print_info: f_norm_eps            = 0.0e+00
print_info: f_norm_rms_eps        = 1.0e-06
print_info: f_clamp_kqv           = 0.0e+00
print_info: f_max_alibi_bias      = 0.0e+00
print_info: f_logit_scale         = 0.0e+00
print_info: f_attn_scale          = 0.0e+00
print_info: f_attn_value_scale    = 0.0000
print_info: n_ff                  = 5472
print_info: n_expert              = 128
print_info: n_expert_used         = 8
print_info: n_expert_groups       = 0
print_info: n_group_used          = 0
print_info: causal attn           = 1
print_info: pooling type          = -1
print_info: rope type             = 2
print_info: rope scaling          = linear
print_info: freq_base_train       = 10000000.0
print_info: freq_scale_train      = 1
print_info: n_ctx_orig_yarn       = 262144
print_info: rope_yarn_log_mul     = 0.0000
print_info: rope_finetuned        = unknown
print_info: model type            = 30B.A3B
print_info: model params          = 30.53 B
print_info: general.name          = Qwen3-Coder-30B-A3B-Instruct
print_info: n_ff_exp              = 768
print_info: vocab type            = BPE
print_info: n_vocab               = 151936
print_info: n_merges              = 151387
print_info: BOS token             = 11 ','
print_info: EOS token             = 151645 '<|im_end|>'
print_info: EOT token             = 151645 '<|im_end|>'
print_info: PAD token             = 151654 '<|vision_pad|>'
print_info: LF token              = 198 'Ċ'
print_info: FIM PRE token         = 151659 '<|fim_prefix|>'
print_info: FIM SUF token         = 151661 '<|fim_suffix|>'
print_info: FIM MID token         = 151660 '<|fim_middle|>'
print_info: FIM PAD token         = 151662 '<|fim_pad|>'
print_info: FIM REP token         = 151663 '<|repo_name|>'
print_info: FIM SEP token         = 151664 '<|file_sep|>'
print_info: EOG token             = 128247 '</s>'
print_info: EOG token             = 151643 '<|endoftext|>'
print_info: EOG token             = 151645 '<|im_end|>'
print_info: EOG token             = 151662 '<|fim_pad|>'
print_info: EOG token             = 151663 '<|repo_name|>'
print_info: EOG token             = 151664 '<|file_sep|>'
print_info: max token length      = 256
load_tensors: loading model tensors, this can take a while... (load_mode = mmap)
time=2026-08-24T14:12:02.870+02:00 level=INFO source=llama_server.go:1350 msg="waiting for llama-server to become available" status="llm server not responding"
load_tensors: offloading output layer to GPU
load_tensors: offloading 47 repeating layers to GPU
load_tensors: offloaded 49/49 layers to GPU
load_tensors:   CPU_Mapped model buffer size =   166.92 MiB
load_tensors:        CUDA0 model buffer size = 17524.43 MiB
time=2026-08-24T14:12:03.121+02:00 level=INFO source=llama_server.go:1350 msg="waiting for llama-server to become available" status="llm server loading model"
time=2026-08-24T14:12:05.835+02:00 level=INFO source=llama_server.go:1350 msg="waiting for llama-server to become available" status="llm server not responding"
cmn  common_init_: added </s> logit bias = -inf
cmn  common_init_: added <|endoftext|> logit bias = -inf
cmn  common_init_: added <|im_end|> logit bias = -inf
cmn  common_init_: added <|fim_pad|> logit bias = -inf
cmn  common_init_: added <|repo_name|> logit bias = -inf
cmn  common_init_: added <|file_sep|> logit bias = -inf
llama_context: constructing llama_context
llama_context: n_seq_max             = 1
llama_context: n_ctx                 = 32768
llama_context: n_ctx_seq             = 32768
llama_context: n_batch               = 1024
llama_context: n_ubatch              = 1024
llama_context: causal_attn           = 1
llama_context: flash_attn            = auto
llama_context: kv_unified            = false
llama_context: freq_base             = 10000000.0
llama_context: freq_scale            = 1
llama_context: n_rs_seq              = 0
llama_context: n_outputs_max         = 1
llama_context: n_outputs_max_per_seq = 1
llama_context: n_ctx_seq (32768) < n_ctx_train (262144) -- the full capacity of the model will not be utilized
llama_context:  CUDA_Host  output buffer size =     0.58 MiB
llama_kv_cache:      CUDA0 KV buffer size =  3072.00 MiB
llama_kv_cache: size = 3072.00 MiB ( 32768 cells,  48 layers,  1/1 seqs), K (f16): 1536.00 MiB, V (f16): 1536.00 MiB
llama_kv_cache: attn_rot_k = 0, n_embd_head_k_all = 128
llama_kv_cache: attn_rot_v = 0, n_embd_head_k_all = 128
sched_reserve: reserving ...
resolve_fused_ops: Flash Attention enabled
resolve_fused_ops: resolving fused Gated Delta Net support:
resolve_fused_ops: fused Gated Delta Net (autoregressive) enabled
resolve_fused_ops: fused Gated Delta Net (chunked) enabled
resolve_fused_ops: resolving fused Lightning Indexer support:
resolve_fused_ops: Lightning Indexer enabled
resolve_fused_ops: resolving fused DeepSeek V4 HC support:
resolve_fused_ops: fused DeepSeek V4 HC pre enabled
resolve_fused_ops: fused DeepSeek V4 HC comb enabled
resolve_fused_ops: fused DeepSeek V4 HC post enabled
sched_reserve:      CUDA0 compute buffer size =   232.02 MiB
sched_reserve:  CUDA_Host compute buffer size =    80.02 MiB
sched_reserve: graph nodes  = 3030
sched_reserve: graph splits = 2
sched_reserve: reserve took 32.95 ms, sched copies = 1
cmn          init: llama threadpool init, n_threads = 32
cmn  common_init_: warming up the model with an empty run - please wait ... (--no-warmup to disable)
srv    load_model: initializing, n_slots = 1, n_ctx_slot = 32768, kv_unified = 'false'
spec common_specu: no implementations specified for speculative decoding
slot   load_model: id  0 | task -1 | new slot, n_ctx = 32768
srv    load_model: prompt cache is enabled, size limit: 8192 MiB
srv    load_model: use `--cache-ram 0` to disable the prompt cache
srv    load_model: for more info see https://github.com/ggml-org/llama.cpp/pull/16391
srv    load_model: context checkpoints enabled, max = 32, min spacing = 8192
srv          init: idle slots will be saved to prompt cache upon starting a new task
srv          init: init: chat template, example_format: '<|im_start|>system
You are a helpful assistant<|im_end|>
<|im_start|>user
Hello<|im_end|>
<|im_start|>assistant
Hi there<|im_end|>
<|im_start|>user
How are you?<|im_end|>
<|im_start|>assistant
'
srv          init: init: chat template, thinking = 0
srv  llama_server: model loaded
srv  llama_server: listening on http://127.0.0.1:45227
srv  update_slots: all slots are idle
time=2026-08-24T14:12:06.085+02:00 level=INFO source=llama_server.go:1362 msg="llama-server started in 4.42 seconds"
time=2026-08-24T14:12:06.147+02:00 level=INFO source=images.go:374 msg="template selection" model=registry.ollama.ai/library/orion-qwen3-coder-30b-a3b-q4km:sha-fadc3e5f selected=gguf_chat_template renderer="" parser="" go_template=null chat_template="[tools completion]" harmony=null renderer_parser=null
time=2026-08-24T14:12:06.148+02:00 level=INFO source=sched.go:728 msg="loaded runners" count=1
time=2026-08-24T14:12:06.148+02:00 level=INFO source=llama_server.go:1295 msg="waiting for llama-server to start responding"
time=2026-08-24T14:12:06.170+02:00 level=INFO source=llama_server.go:1362 msg="llama-server started in 4.51 seconds"
srv  server_strea: conv_id= (empty=1)
slot get_availabl: id  0 | task -1 |  - skipping, slot is empty
slot get_availabl: id  0 | task -1 | selected slot by LRU, t_last = -1
srv  get_availabl: updating prompt cache
srv          load:  - looking for better prompt, base f_keep = -1.000, f_sim = 0.000
srv        update:  - cache state: 0 prompts, 0.000 MiB (limits: 8192.000 MiB, 32768 tokens, 8589934592 est)
srv  get_availabl: prompt cache update took 0.01 ms
slot launch_slot_: id  0 | task -1 | sampler chain: logits -> ?penalties -> ?dry -> ?top-n-sigma -> top-k -> ?typical -> top-p -> ?min-p -> ?xtc -> temp-ext -> dist 
slot launch_slot_: id  0 | task -1 | sampler params: 
	repeat_last_n = 64, repeat_penalty = 1.000, frequency_penalty = 0.000, presence_penalty = 0.000
	dry_multiplier = 0.000, dry_base = 1.750, dry_allowed_length = 2, dry_penalty_last_n = 64
	top_k = 20, top_p = 0.950, min_p = 0.000, xtc_probability = 0.000, xtc_threshold = 0.100, typical_p = 1.000, top_n_sigma = -1.000, temp = 0.800
	mirostat = 0, mirostat_lr = 0.100, mirostat_ent = 5.000, adaptive_target = -1.000, adaptive_decay = 0.900
slot launch_slot_: id  0 | task 0 | processing task, is_child = 0
slot   operator(): id  0 | task 0 | new prompt, n_ctx_slot = 32768, n_keep = 4, task.n_tokens = 154
slot   operator(): id  0 | task 0 | cached n_tokens = 0, memory_seq_rm [0, end)
slot init_sampler: id  0 | task 0 | init sampler, took 0.02 ms, tokens: text = 154, total = 154
slot print_timing: id  0 | task 0 | prompt eval time =     231.44 ms /   154 tokens (    1.50 ms per token,   665.38 tokens per second)
slot print_timing: id  0 | task 0 |        eval time =    2459.54 ms /   185 tokens (   13.37 ms per token,    74.81 tokens per second)
slot print_timing: id  0 | task 0 |       total time =    2690.98 ms /   339 tokens
slot print_timing: id  0 | task 0 |    graphs reused =        183
slot      release: id  0 | task 0 | stop processing: n_tokens = 338, truncated = 0
srv  update_slots: all slots are idle
[GIN] 2026/08/24 - 14:12:08 | 200 |  8.765777236s |       127.0.0.1 | POST     "/api/generate"
srv  server_strea: conv_id= (empty=1)
slot get_availabl: id  0 | task -1 |  - checking sim = 0.014 (5/364) > 0.100
slot get_availabl: id  0 | task -1 | selected slot by LRU, t_last = 3642966571086
srv  get_availabl: updating prompt cache
srv   prompt_save:  - saving prompt with length 338, total state size = 31.692 MiB (draft: 0.000 MiB)
srv          load:  - looking for better prompt, base f_keep = 0.015, f_sim = 0.014
srv          load:    - prompt with length     338, lcp =       5, f_keep = 0.015, f_sim = 0.014
srv        update:  - cache state: 1 prompts, 31.692 MiB (limits: 8192.000 MiB, 32768 tokens, 87367 est)
srv        update:    - prompt 0xd90f650:     338 tokens, checkpoints:  0,    31.692 MiB
srv  get_availabl: prompt cache update took 21.61 ms
slot launch_slot_: id  0 | task -1 | sampler chain: logits -> ?penalties -> ?dry -> ?top-n-sigma -> top-k -> ?typical -> top-p -> ?min-p -> ?xtc -> temp-ext -> dist 
slot launch_slot_: id  0 | task -1 | sampler params: 
	repeat_last_n = 64, repeat_penalty = 1.000, frequency_penalty = 0.000, presence_penalty = 0.000
	dry_multiplier = 0.000, dry_base = 1.750, dry_allowed_length = 2, dry_penalty_last_n = 64
	top_k = 20, top_p = 0.950, min_p = 0.000, xtc_probability = 0.000, xtc_threshold = 0.100, typical_p = 1.000, top_n_sigma = -1.000, temp = 0.800
	mirostat = 0, mirostat_lr = 0.100, mirostat_ent = 5.000, adaptive_target = -1.000, adaptive_decay = 0.900
slot launch_slot_: id  0 | task 186 | processing task, is_child = 0
slot   operator(): id  0 | task 186 | new prompt, n_ctx_slot = 32768, n_keep = 4, task.n_tokens = 364
slot   operator(): id  0 | task 186 | cached n_tokens = 5, memory_seq_rm [5, end)
slot init_sampler: id  0 | task 186 | init sampler, took 0.12 ms, tokens: text = 364, total = 364
slot print_timing: id  0 | task 186 | n_gen =    259, tg =  85.91 t/s, tg_3s =  86.25 t/s
slot print_timing: id  0 | task 186 | n_gen =    470, tg =  78.10 t/s, tg_3s =  70.29 t/s
slot print_timing: id  0 | task 186 | prompt eval time =     184.31 ms /   359 tokens (    0.51 ms per token,  1947.76 tokens per second)
slot print_timing: id  0 | task 186 |        eval time =    6818.43 ms /   512 tokens (   13.34 ms per token,    74.94 tokens per second)
slot print_timing: id  0 | task 186 |       total time =    7002.74 ms /   871 tokens
slot print_timing: id  0 | task 186 |    graphs reused =        691
slot      release: id  0 | task 186 | stop processing: n_tokens = 875, truncated = 0
srv  update_slots: all slots are idle
[GIN] 2026/08/24 - 14:12:16 | 200 |  7.494732512s |       127.0.0.1 | POST     "/api/generate"
srv  server_strea: conv_id= (empty=1)
slot get_availabl: id  0 | task -1 |  - checking sim = 0.031 (5/162) > 0.100
slot get_availabl: id  0 | task -1 | selected slot by LRU, t_last = 3642974066607
srv  get_availabl: updating prompt cache
srv   prompt_save:  - saving prompt with length 875, total state size = 82.042 MiB (draft: 0.000 MiB)
srv          load:  - looking for better prompt, base f_keep = 0.006, f_sim = 0.031
srv          load:    - prompt with length     338, lcp =       9, f_keep = 0.027, f_sim = 0.056
srv          load:    - prompt with length     875, lcp =       5, f_keep = 0.006, f_sim = 0.031
srv        update:  - cache state: 2 prompts, 113.735 MiB (limits: 8192.000 MiB, 32768 tokens, 87368 est)
srv        update:    - prompt 0xd90f650:     338 tokens, checkpoints:  0,    31.692 MiB
srv        update:    - prompt 0xd8db520:     875 tokens, checkpoints:  0,    82.042 MiB
srv  get_availabl: prompt cache update took 34.80 ms
slot launch_slot_: id  0 | task -1 | sampler chain: logits -> ?penalties -> ?dry -> ?top-n-sigma -> top-k -> ?typical -> top-p -> ?min-p -> ?xtc -> temp-ext -> dist 
slot launch_slot_: id  0 | task -1 | sampler params: 
	repeat_last_n = 64, repeat_penalty = 1.000, frequency_penalty = 0.000, presence_penalty = 0.000
	dry_multiplier = 0.000, dry_base = 1.750, dry_allowed_length = 2, dry_penalty_last_n = 64
	top_k = 20, top_p = 0.950, min_p = 0.000, xtc_probability = 0.000, xtc_threshold = 0.100, typical_p = 1.000, top_n_sigma = -1.000, temp = 0.800
	mirostat = 0, mirostat_lr = 0.100, mirostat_ent = 5.000, adaptive_target = -1.000, adaptive_decay = 0.900
slot launch_slot_: id  0 | task 699 | processing task, is_child = 0
slot   operator(): id  0 | task 699 | new prompt, n_ctx_slot = 32768, n_keep = 4, task.n_tokens = 162
slot   operator(): id  0 | task 699 | cached n_tokens = 5, memory_seq_rm [5, end)
slot init_sampler: id  0 | task 699 | init sampler, took 0.02 ms, tokens: text = 162, total = 162
slot print_timing: id  0 | task 699 | prompt eval time =     108.13 ms /   157 tokens (    0.69 ms per token,  1451.93 tokens per second)
slot print_timing: id  0 | task 699 |        eval time =     629.08 ms /    96 tokens (    6.62 ms per token,   151.01 tokens per second)
slot print_timing: id  0 | task 699 |       total time =     737.21 ms /   253 tokens
slot print_timing: id  0 | task 699 |    graphs reused =        784
slot      release: id  0 | task 699 | stop processing: n_tokens = 257, truncated = 0
srv  update_slots: all slots are idle
[GIN] 2026/08/24 - 14:12:17 | 200 |  1.107753166s |       127.0.0.1 | POST     "/api/generate"
srv  server_strea: conv_id= (empty=1)
slot get_availabl: id  0 | task -1 |  - checking sim = 0.061 (9/147) > 0.100
slot get_availabl: id  0 | task -1 | selected slot by LRU, t_last = 3642975232608
srv  get_availabl: updating prompt cache
srv   prompt_save:  - saving prompt with length 257, total state size = 24.098 MiB (draft: 0.000 MiB)
srv          load:  - looking for better prompt, base f_keep = 0.035, f_sim = 0.061
srv          load:    - prompt with length     338, lcp =       9, f_keep = 0.027, f_sim = 0.061
srv          load:    - prompt with length     875, lcp =       5, f_keep = 0.006, f_sim = 0.034
srv          load:    - prompt with length     257, lcp =       9, f_keep = 0.035, f_sim = 0.061
srv        update:  - cache state: 3 prompts, 137.833 MiB (limits: 8192.000 MiB, 32768 tokens, 87368 est)
srv        update:    - prompt 0xd90f650:     338 tokens, checkpoints:  0,    31.692 MiB
srv        update:    - prompt 0xd8db520:     875 tokens, checkpoints:  0,    82.042 MiB
srv        update:    - prompt 0xcbd46a0:     257 tokens, checkpoints:  0,    24.098 MiB
srv  get_availabl: prompt cache update took 17.79 ms
slot launch_slot_: id  0 | task -1 | sampler chain: logits -> ?penalties -> ?dry -> ?top-n-sigma -> top-k -> ?typical -> top-p -> ?min-p -> ?xtc -> temp-ext -> dist 
slot launch_slot_: id  0 | task -1 | sampler params: 
	repeat_last_n = 64, repeat_penalty = 1.000, frequency_penalty = 0.000, presence_penalty = 0.000
	dry_multiplier = 0.000, dry_base = 1.750, dry_allowed_length = 2, dry_penalty_last_n = 64
	top_k = 20, top_p = 0.950, min_p = 0.000, xtc_probability = 0.000, xtc_threshold = 0.100, typical_p = 1.000, top_n_sigma = -1.000, temp = 0.800
	mirostat = 0, mirostat_lr = 0.100, mirostat_ent = 5.000, adaptive_target = -1.000, adaptive_decay = 0.900
slot launch_slot_: id  0 | task 796 | processing task, is_child = 0
slot   operator(): id  0 | task 796 | new prompt, n_ctx_slot = 32768, n_keep = 4, task.n_tokens = 147
slot   operator(): id  0 | task 796 | cached n_tokens = 9, memory_seq_rm [9, end)
slot init_sampler: id  0 | task 796 | init sampler, took 0.05 ms, tokens: text = 147, total = 147
slot print_timing: id  0 | task 796 | prompt eval time =      74.89 ms /   138 tokens (    0.54 ms per token,  1842.68 tokens per second)
slot print_timing: id  0 | task 796 |        eval time =    2669.33 ms /   221 tokens (   12.13 ms per token,    82.42 tokens per second)
slot print_timing: id  0 | task 796 |       total time =    2744.22 ms /   359 tokens
slot print_timing: id  0 | task 796 |    graphs reused =       1002
slot      release: id  0 | task 796 | stop processing: n_tokens = 367, truncated = 0
srv  update_slots: all slots are idle
[GIN] 2026/08/24 - 14:12:20 | 200 |  3.075265357s |       127.0.0.1 | POST     "/api/generate"
srv  server_strea: conv_id= (empty=1)
slot get_availabl: id  0 | task -1 |  - checking sim = 0.035 (6/171) > 0.100
slot get_availabl: id  0 | task -1 | selected slot by LRU, t_last = 3642978309533
srv  get_availabl: updating prompt cache
srv   prompt_save:  - saving prompt with length 367, total state size = 34.412 MiB (draft: 0.000 MiB)
srv          load:  - looking for better prompt, base f_keep = 0.016, f_sim = 0.035
srv          load:    - prompt with length     338, lcp =       6, f_keep = 0.018, f_sim = 0.035
srv          load:    - prompt with length     875, lcp =       5, f_keep = 0.006, f_sim = 0.029
srv          load:    - prompt with length     257, lcp =       6, f_keep = 0.023, f_sim = 0.035
srv          load:    - prompt with length     367, lcp =       6, f_keep = 0.016, f_sim = 0.035
srv        update:  - cache state: 4 prompts, 172.244 MiB (limits: 8192.000 MiB, 32768 tokens, 87368 est)
srv        update:    - prompt 0xd90f650:     338 tokens, checkpoints:  0,    31.692 MiB
srv        update:    - prompt 0xd8db520:     875 tokens, checkpoints:  0,    82.042 MiB
srv        update:    - prompt 0xcbd46a0:     257 tokens, checkpoints:  0,    24.098 MiB
srv        update:    - prompt 0xcbd8e90:     367 tokens, checkpoints:  0,    34.412 MiB
srv  get_availabl: prompt cache update took 17.74 ms
slot launch_slot_: id  0 | task -1 | sampler chain: logits -> ?penalties -> ?dry -> ?top-n-sigma -> top-k -> ?typical -> top-p -> ?min-p -> ?xtc -> temp-ext -> dist 
slot launch_slot_: id  0 | task -1 | sampler params: 
	repeat_last_n = 64, repeat_penalty = 1.000, frequency_penalty = 0.000, presence_penalty = 0.000
	dry_multiplier = 0.000, dry_base = 1.750, dry_allowed_length = 2, dry_penalty_last_n = 64
	top_k = 20, top_p = 0.950, min_p = 0.000, xtc_probability = 0.000, xtc_threshold = 0.100, typical_p = 1.000, top_n_sigma = -1.000, temp = 0.800
	mirostat = 0, mirostat_lr = 0.100, mirostat_ent = 5.000, adaptive_target = -1.000, adaptive_decay = 0.900
slot launch_slot_: id  0 | task 1018 | processing task, is_child = 0
slot   operator(): id  0 | task 1018 | new prompt, n_ctx_slot = 32768, n_keep = 4, task.n_tokens = 171
slot   operator(): id  0 | task 1018 | cached n_tokens = 6, memory_seq_rm [6, end)
slot init_sampler: id  0 | task 1018 | init sampler, took 0.08 ms, tokens: text = 171, total = 171
slot print_timing: id  0 | task 1018 | prompt eval time =      90.20 ms /   165 tokens (    0.55 ms per token,  1829.25 tokens per second)
slot print_timing: id  0 | task 1018 |        eval time =    1251.08 ms /    98 tokens (   12.90 ms per token,    77.53 tokens per second)
slot print_timing: id  0 | task 1018 |       total time =    1341.28 ms /   263 tokens
slot print_timing: id  0 | task 1018 |    graphs reused =       1097
slot      release: id  0 | task 1018 | stop processing: n_tokens = 268, truncated = 0
srv  update_slots: all slots are idle
[GIN] 2026/08/24 - 14:12:22 | 200 |  1.738943978s |       127.0.0.1 | POST     "/api/generate"
srv  server_strea: conv_id= (empty=1)
slot get_availabl: id  0 | task -1 |  - checking sim = 0.070 (3/43) > 0.100
slot get_availabl: id  0 | task -1 | selected slot by LRU, t_last = 3642980074640
srv  get_availabl: updating prompt cache
srv   prompt_save:  - saving prompt with length 268, total state size = 25.129 MiB (draft: 0.000 MiB)
srv          load:  - looking for better prompt, base f_keep = 0.011, f_sim = 0.070
srv          load:    - prompt with length     338, lcp =       3, f_keep = 0.009, f_sim = 0.070
srv          load:    - prompt with length     875, lcp =       3, f_keep = 0.003, f_sim = 0.070
srv          load:    - prompt with length     257, lcp =       3, f_keep = 0.012, f_sim = 0.070
srv          load:    - prompt with length     367, lcp =       3, f_keep = 0.008, f_sim = 0.070
srv          load:    - prompt with length     268, lcp =       3, f_keep = 0.011, f_sim = 0.070
srv        update:  - cache state: 5 prompts, 197.373 MiB (limits: 8192.000 MiB, 32768 tokens, 87368 est)
srv        update:    - prompt 0xd90f650:     338 tokens, checkpoints:  0,    31.692 MiB
srv        update:    - prompt 0xd8db520:     875 tokens, checkpoints:  0,    82.042 MiB
srv        update:    - prompt 0xcbd46a0:     257 tokens, checkpoints:  0,    24.098 MiB
srv        update:    - prompt 0xcbd8e90:     367 tokens, checkpoints:  0,    34.412 MiB
srv        update:    - prompt 0xcbd8d60:     268 tokens, checkpoints:  0,    25.129 MiB
srv  get_availabl: prompt cache update took 15.69 ms
slot launch_slot_: id  0 | task -1 | sampler chain: logits -> ?penalties -> ?dry -> ?top-n-sigma -> top-k -> ?typical -> top-p -> ?min-p -> ?xtc -> temp-ext -> dist 
slot launch_slot_: id  0 | task -1 | sampler params: 
	repeat_last_n = 64, repeat_penalty = 1.000, frequency_penalty = 0.000, presence_penalty = 0.000
	dry_multiplier = 0.000, dry_base = 1.750, dry_allowed_length = 2, dry_penalty_last_n = 64
	top_k = 20, top_p = 0.950, min_p = 0.000, xtc_probability = 0.000, xtc_threshold = 0.100, typical_p = 1.000, top_n_sigma = -1.000, temp = 0.800
	mirostat = 0, mirostat_lr = 0.100, mirostat_ent = 5.000, adaptive_target = -1.000, adaptive_decay = 0.900
slot launch_slot_: id  0 | task 1117 | processing task, is_child = 0
slot   operator(): id  0 | task 1117 | new prompt, n_ctx_slot = 32768, n_keep = 4, task.n_tokens = 43
slot   operator(): id  0 | task 1117 | cached n_tokens = 3, memory_seq_rm [3, end)
slot init_sampler: id  0 | task 1117 | init sampler, took 0.02 ms, tokens: text = 43, total = 43
slot print_timing: id  0 | task 1117 | prompt eval time =      47.86 ms /    40 tokens (    1.20 ms per token,   835.84 tokens per second)
slot print_timing: id  0 | task 1117 |        eval time =    1042.61 ms /    59 tokens (   17.98 ms per token,    55.63 tokens per second)
slot print_timing: id  0 | task 1117 |       total time =    1090.46 ms /    99 tokens
slot print_timing: id  0 | task 1117 |    graphs reused =       1154
slot      release: id  0 | task 1117 | stop processing: n_tokens = 101, truncated = 0
srv  update_slots: all slots are idle
[GIN] 2026/08/24 - 14:12:23 | 200 |  1.454067038s |       127.0.0.1 | POST     "/api/generate"
srv  server_strea: conv_id= (empty=1)
slot get_availabl: id  0 | task -1 |  - checking sim = 1.000 (43/43) > 0.100
slot get_availabl: id  0 | task -1 | selected slot by LCP similarity, f_sim_best = 1.000 (> 0.100 thold), f_keep = 0.426
srv  get_availabl: updating prompt cache
srv   prompt_save:  - saving prompt with length 101, total state size = 9.471 MiB (draft: 0.000 MiB)
srv          load:  - looking for better prompt, base f_keep = 0.426, f_sim = 1.000
srv          load:    - prompt with length     338, lcp =       3, f_keep = 0.009, f_sim = 0.070
srv          load:    - prompt with length     875, lcp =       3, f_keep = 0.003, f_sim = 0.070
srv          load:    - prompt with length     257, lcp =       3, f_keep = 0.012, f_sim = 0.070
srv          load:    - prompt with length     367, lcp =       3, f_keep = 0.008, f_sim = 0.070
srv          load:    - prompt with length     268, lcp =       3, f_keep = 0.011, f_sim = 0.070
srv          load:    - prompt with length     101, lcp =      43, f_keep = 0.426, f_sim = 1.000
srv        update:  - cache state: 6 prompts, 206.844 MiB (limits: 8192.000 MiB, 32768 tokens, 87367 est)
srv        update:    - prompt 0xd90f650:     338 tokens, checkpoints:  0,    31.692 MiB
srv        update:    - prompt 0xd8db520:     875 tokens, checkpoints:  0,    82.042 MiB
srv        update:    - prompt 0xcbd46a0:     257 tokens, checkpoints:  0,    24.098 MiB
srv        update:    - prompt 0xcbd8e90:     367 tokens, checkpoints:  0,    34.412 MiB
srv        update:    - prompt 0xcbd8d60:     268 tokens, checkpoints:  0,    25.129 MiB
srv        update:    - prompt 0xcbca9a0:     101 tokens, checkpoints:  0,     9.471 MiB
srv  get_availabl: prompt cache update took 12.97 ms
slot launch_slot_: id  0 | task -1 | sampler chain: logits -> ?penalties -> ?dry -> ?top-n-sigma -> top-k -> ?typical -> top-p -> ?min-p -> ?xtc -> temp-ext -> dist 
slot launch_slot_: id  0 | task -1 | sampler params: 
	repeat_last_n = 64, repeat_penalty = 1.000, frequency_penalty = 0.000, presence_penalty = 0.000
	dry_multiplier = 0.000, dry_base = 1.750, dry_allowed_length = 2, dry_penalty_last_n = 64
	top_k = 20, top_p = 0.950, min_p = 0.000, xtc_probability = 0.000, xtc_threshold = 0.100, typical_p = 1.000, top_n_sigma = -1.000, temp = 0.800
	mirostat = 0, mirostat_lr = 0.100, mirostat_ent = 5.000, adaptive_target = -1.000, adaptive_decay = 0.900
slot launch_slot_: id  0 | task 1177 | processing task, is_child = 0
slot   operator(): id  0 | task 1177 | new prompt, n_ctx_slot = 32768, n_keep = 4, task.n_tokens = 43
slot   operator(): id  0 | task 1177 | need to evaluate at least 1 token for each active slot (n_past = 43, task.n_tokens() = 43)
slot   operator(): id  0 | task 1177 | n_past was set to 42
slot   operator(): id  0 | task 1177 | cached n_tokens = 42, memory_seq_rm [42, end)
slot init_sampler: id  0 | task 1177 | init sampler, took 0.02 ms, tokens: text = 43, total = 43
slot print_timing: id  0 | task 1177 | prompt eval time =      88.84 ms /     1 tokens (   88.84 ms per token,    11.26 tokens per second)
slot print_timing: id  0 | task 1177 |        eval time =     382.64 ms /    61 tokens (    6.38 ms per token,   156.80 tokens per second)
slot print_timing: id  0 | task 1177 |       total time =     471.48 ms /    62 tokens
slot print_timing: id  0 | task 1177 |    graphs reused =       1215
slot      release: id  0 | task 1177 | stop processing: n_tokens = 103, truncated = 0
srv  update_slots: all slots are idle
[GIN] 2026/08/24 - 14:12:24 | 200 |  906.502781ms |       127.0.0.1 | POST     "/api/generate"
srv  server_strea: conv_id= (empty=1)
slot get_availabl: id  0 | task -1 |  - checking sim = 0.119 (5/42) > 0.100
slot get_availabl: id  0 | task -1 | selected slot by LCP similarity, f_sim_best = 0.119 (> 0.100 thold), f_keep = 0.049
srv  get_availabl: updating prompt cache
srv   prompt_save:  - saving prompt with length 103, total state size = 9.659 MiB (draft: 0.000 MiB)
srv          load:  - looking for better prompt, base f_keep = 0.049, f_sim = 0.119
srv          load:    - prompt with length     338, lcp =       3, f_keep = 0.009, f_sim = 0.071
srv          load:    - prompt with length     875, lcp =       3, f_keep = 0.003, f_sim = 0.071
srv          load:    - prompt with length     257, lcp =       3, f_keep = 0.012, f_sim = 0.071
srv          load:    - prompt with length     367, lcp =       3, f_keep = 0.008, f_sim = 0.071
srv          load:    - prompt with length     268, lcp =       3, f_keep = 0.011, f_sim = 0.071
srv          load:    - prompt with length     101, lcp =       5, f_keep = 0.050, f_sim = 0.119
srv          load:    - prompt with length     103, lcp =       5, f_keep = 0.049, f_sim = 0.119
srv        update:  - cache state: 7 prompts, 216.503 MiB (limits: 8192.000 MiB, 32768 tokens, 87367 est)
srv        update:    - prompt 0xd90f650:     338 tokens, checkpoints:  0,    31.692 MiB
srv        update:    - prompt 0xd8db520:     875 tokens, checkpoints:  0,    82.042 MiB
srv        update:    - prompt 0xcbd46a0:     257 tokens, checkpoints:  0,    24.098 MiB
srv        update:    - prompt 0xcbd8e90:     367 tokens, checkpoints:  0,    34.412 MiB
srv        update:    - prompt 0xcbd8d60:     268 tokens, checkpoints:  0,    25.129 MiB
srv        update:    - prompt 0xcbca9a0:     101 tokens, checkpoints:  0,     9.471 MiB
srv        update:    - prompt 0xcbca7d0:     103 tokens, checkpoints:  0,     9.659 MiB
srv  get_availabl: prompt cache update took 9.12 ms
slot launch_slot_: id  0 | task -1 | sampler chain: logits -> ?penalties -> ?dry -> ?top-n-sigma -> top-k -> ?typical -> top-p -> ?min-p -> ?xtc -> temp-ext -> dist 
slot launch_slot_: id  0 | task -1 | sampler params: 
	repeat_last_n = 64, repeat_penalty = 1.000, frequency_penalty = 0.000, presence_penalty = 0.000
	dry_multiplier = 0.000, dry_base = 1.750, dry_allowed_length = 2, dry_penalty_last_n = 64
	top_k = 20, top_p = 0.950, min_p = 0.000, xtc_probability = 0.000, xtc_threshold = 0.100, typical_p = 1.000, top_n_sigma = -1.000, temp = 0.800
	mirostat = 0, mirostat_lr = 0.100, mirostat_ent = 5.000, adaptive_target = -1.000, adaptive_decay = 0.900
slot launch_slot_: id  0 | task 1239 | processing task, is_child = 0
slot   operator(): id  0 | task 1239 | new prompt, n_ctx_slot = 32768, n_keep = 4, task.n_tokens = 42
slot   operator(): id  0 | task 1239 | cached n_tokens = 5, memory_seq_rm [5, end)
slot init_sampler: id  0 | task 1239 | init sampler, took 0.02 ms, tokens: text = 42, total = 42
slot print_timing: id  0 | task 1239 | prompt eval time =      88.97 ms /    37 tokens (    2.40 ms per token,   415.87 tokens per second)
slot print_timing: id  0 | task 1239 |        eval time =     316.22 ms /    25 tokens (   13.18 ms per token,    75.90 tokens per second)
slot print_timing: id  0 | task 1239 |       total time =     405.19 ms /    62 tokens
slot print_timing: id  0 | task 1239 |    graphs reused =       1238
slot      release: id  0 | task 1239 | stop processing: n_tokens = 66, truncated = 0
srv  update_slots: all slots are idle
[GIN] 2026/08/24 - 14:12:25 | 200 |  790.485539ms |       127.0.0.1 | POST     "/api/generate"
srv  server_strea: conv_id= (empty=1)
slot get_availabl: id  0 | task -1 |  - checking sim = 1.000 (42/42) > 0.100
slot get_availabl: id  0 | task -1 | selected slot by LCP similarity, f_sim_best = 1.000 (> 0.100 thold), f_keep = 0.636
slot launch_slot_: id  0 | task -1 | sampler chain: logits -> ?penalties -> ?dry -> ?top-n-sigma -> top-k -> ?typical -> top-p -> ?min-p -> ?xtc -> temp-ext -> dist 
slot launch_slot_: id  0 | task -1 | sampler params: 
	repeat_last_n = 64, repeat_penalty = 1.000, frequency_penalty = 0.000, presence_penalty = 0.000
	dry_multiplier = 0.000, dry_base = 1.750, dry_allowed_length = 2, dry_penalty_last_n = 64
	top_k = 20, top_p = 0.950, min_p = 0.000, xtc_probability = 0.000, xtc_threshold = 0.100, typical_p = 1.000, top_n_sigma = -1.000, temp = 0.800
	mirostat = 0, mirostat_lr = 0.100, mirostat_ent = 5.000, adaptive_target = -1.000, adaptive_decay = 0.900
slot launch_slot_: id  0 | task 1265 | processing task, is_child = 0
slot   operator(): id  0 | task 1265 | new prompt, n_ctx_slot = 32768, n_keep = 4, task.n_tokens = 42
slot   operator(): id  0 | task 1265 | need to evaluate at least 1 token for each active slot (n_past = 42, task.n_tokens() = 42)
slot   operator(): id  0 | task 1265 | n_past was set to 41
slot   operator(): id  0 | task 1265 | cached n_tokens = 41, memory_seq_rm [41, end)
slot init_sampler: id  0 | task 1265 | init sampler, took 0.02 ms, tokens: text = 42, total = 42
slot print_timing: id  0 | task 1265 | prompt eval time =      21.29 ms /     1 tokens (   21.29 ms per token,    46.96 tokens per second)
slot print_timing: id  0 | task 1265 |        eval time =     278.71 ms /    27 tokens (   10.72 ms per token,    93.29 tokens per second)
slot print_timing: id  0 | task 1265 |       total time =     300.00 ms /    28 tokens
slot print_timing: id  0 | task 1265 |    graphs reused =       1265
slot      release: id  0 | task 1265 | stop processing: n_tokens = 68, truncated = 0
srv  update_slots: all slots are idle
[GIN] 2026/08/24 - 14:12:26 | 200 |  638.184826ms |       127.0.0.1 | POST     "/api/generate"
srv  server_strea: conv_id= (empty=1)
slot get_availabl: id  0 | task -1 |  - checking sim = 1.000 (42/42) > 0.100
slot get_availabl: id  0 | task -1 | selected slot by LCP similarity, f_sim_best = 1.000 (> 0.100 thold), f_keep = 0.618
slot launch_slot_: id  0 | task -1 | sampler chain: logits -> ?penalties -> ?dry -> ?top-n-sigma -> top-k -> ?typical -> top-p -> ?min-p -> ?xtc -> temp-ext -> dist 
slot launch_slot_: id  0 | task -1 | sampler params: 
	repeat_last_n = 64, repeat_penalty = 1.000, frequency_penalty = 0.000, presence_penalty = 0.000
	dry_multiplier = 0.000, dry_base = 1.750, dry_allowed_length = 2, dry_penalty_last_n = 64
	top_k = 20, top_p = 0.950, min_p = 0.000, xtc_probability = 0.000, xtc_threshold = 0.100, typical_p = 1.000, top_n_sigma = -1.000, temp = 0.800
	mirostat = 0, mirostat_lr = 0.100, mirostat_ent = 5.000, adaptive_target = -1.000, adaptive_decay = 0.900
slot launch_slot_: id  0 | task 1293 | processing task, is_child = 0
slot   operator(): id  0 | task 1293 | new prompt, n_ctx_slot = 32768, n_keep = 4, task.n_tokens = 42
slot   operator(): id  0 | task 1293 | need to evaluate at least 1 token for each active slot (n_past = 42, task.n_tokens() = 42)
slot   operator(): id  0 | task 1293 | n_past was set to 41
slot   operator(): id  0 | task 1293 | cached n_tokens = 41, memory_seq_rm [41, end)
slot init_sampler: id  0 | task 1293 | init sampler, took 0.01 ms, tokens: text = 42, total = 42
slot print_timing: id  0 | task 1293 | prompt eval time =       7.41 ms /     1 tokens (    7.41 ms per token,   134.99 tokens per second)
slot print_timing: id  0 | task 1293 |        eval time =     345.06 ms /    27 tokens (   13.27 ms per token,    75.35 tokens per second)
slot print_timing: id  0 | task 1293 |       total time =     352.47 ms /    28 tokens
slot print_timing: id  0 | task 1293 |    graphs reused =       1292
slot      release: id  0 | task 1293 | stop processing: n_tokens = 68, truncated = 0
srv  update_slots: all slots are idle
[GIN] 2026/08/24 - 14:12:26 | 200 |  673.089735ms |       127.0.0.1 | POST     "/api/generate"
srv  server_strea: conv_id= (empty=1)
slot get_availabl: id  0 | task -1 |  - checking sim = 0.000 (5/27764) > 0.100
slot get_availabl: id  0 | task -1 | selected slot by LRU, t_last = 3642984584316
srv  get_availabl: updating prompt cache
srv   prompt_save:  - saving prompt with length 68, total state size = 6.377 MiB (draft: 0.000 MiB)
srv          load:  - looking for better prompt, base f_keep = 0.074, f_sim = 0.000
srv          load:    - prompt with length     338, lcp =       3, f_keep = 0.009, f_sim = 0.000
srv          load:    - prompt with length     875, lcp =       3, f_keep = 0.003, f_sim = 0.000
srv          load:    - prompt with length     257, lcp =       3, f_keep = 0.012, f_sim = 0.000
srv          load:    - prompt with length     367, lcp =       3, f_keep = 0.008, f_sim = 0.000
srv          load:    - prompt with length     268, lcp =       3, f_keep = 0.011, f_sim = 0.000
srv          load:    - prompt with length     101, lcp =       5, f_keep = 0.050, f_sim = 0.000
srv          load:    - prompt with length     103, lcp =       5, f_keep = 0.049, f_sim = 0.000
srv          load:    - prompt with length      68, lcp =       5, f_keep = 0.074, f_sim = 0.000
srv        update:  - cache state: 8 prompts, 222.880 MiB (limits: 8192.000 MiB, 32768 tokens, 87367 est)
srv        update:    - prompt 0xd90f650:     338 tokens, checkpoints:  0,    31.692 MiB
srv        update:    - prompt 0xd8db520:     875 tokens, checkpoints:  0,    82.042 MiB
srv        update:    - prompt 0xcbd46a0:     257 tokens, checkpoints:  0,    24.098 MiB
srv        update:    - prompt 0xcbd8e90:     367 tokens, checkpoints:  0,    34.412 MiB
srv        update:    - prompt 0xcbd8d60:     268 tokens, checkpoints:  0,    25.129 MiB
srv        update:    - prompt 0xcbca9a0:     101 tokens, checkpoints:  0,     9.471 MiB
srv        update:    - prompt 0xcbca7d0:     103 tokens, checkpoints:  0,     9.659 MiB
srv        update:    - prompt 0x7f054c002b20:      68 tokens, checkpoints:  0,     6.377 MiB
srv  get_availabl: prompt cache update took 8.42 ms
slot launch_slot_: id  0 | task -1 | sampler chain: logits -> ?penalties -> ?dry -> ?top-n-sigma -> top-k -> ?typical -> top-p -> ?min-p -> ?xtc -> temp-ext -> dist 
slot launch_slot_: id  0 | task -1 | sampler params: 
	repeat_last_n = 64, repeat_penalty = 1.000, frequency_penalty = 0.000, presence_penalty = 0.000
	dry_multiplier = 0.000, dry_base = 1.750, dry_allowed_length = 2, dry_penalty_last_n = 64
	top_k = 20, top_p = 0.950, min_p = 0.000, xtc_probability = 0.000, xtc_threshold = 0.100, typical_p = 1.000, top_n_sigma = -1.000, temp = 0.800
	mirostat = 0, mirostat_lr = 0.100, mirostat_ent = 5.000, adaptive_target = -1.000, adaptive_decay = 0.900
slot launch_slot_: id  0 | task 1321 | processing task, is_child = 0
slot   operator(): id  0 | task 1321 | new prompt, n_ctx_slot = 32768, n_keep = 4, task.n_tokens = 27764
slot   operator(): id  0 | task 1321 | cached n_tokens = 5, memory_seq_rm [5, end)
slot   operator(): id  0 | task 1321 | cached n_tokens = 1029, memory_seq_rm [1029, end)
slot   operator(): id  0 | task 1321 | cached n_tokens = 2053, memory_seq_rm [2053, end)
slot   operator(): id  0 | task 1321 | cached n_tokens = 3077, memory_seq_rm [3077, end)
slot   operator(): id  0 | task 1321 | cached n_tokens = 4101, memory_seq_rm [4101, end)
slot   operator(): id  0 | task 1321 | cached n_tokens = 5125, memory_seq_rm [5125, end)
slot   operator(): id  0 | task 1321 | cached n_tokens = 6149, memory_seq_rm [6149, end)
slot   operator(): id  0 | task 1321 | cached n_tokens = 7173, memory_seq_rm [7173, end)
slot   operator(): id  0 | task 1321 | cached n_tokens = 8197, memory_seq_rm [8197, end)
slot   operator(): id  0 | task 1321 | cached n_tokens = 9221, memory_seq_rm [9221, end)
slot   operator(): id  0 | task 1321 | cached n_tokens = 10245, memory_seq_rm [10245, end)
slot   operator(): id  0 | task 1321 | cached n_tokens = 11269, memory_seq_rm [11269, end)
slot   operator(): id  0 | task 1321 | cached n_tokens = 12293, memory_seq_rm [12293, end)
slot print_timing: id  0 | task 1321 | prompt processing, n_tokens =  13312, progress = 0.48, t =   3.00 s / 4433.41 tokens per second
slot   operator(): id  0 | task 1321 | cached n_tokens = 13317, memory_seq_rm [13317, end)
slot print_timing: id  0 | task 1321 | prompt processing, n_tokens =  14336, progress = 0.52, t =   3.31 s / 4337.20 tokens per second
slot   operator(): id  0 | task 1321 | cached n_tokens = 14341, memory_seq_rm [14341, end)
slot print_timing: id  0 | task 1321 | prompt processing, n_tokens =  15360, progress = 0.55, t =   3.62 s / 4241.52 tokens per second
slot   operator(): id  0 | task 1321 | cached n_tokens = 15365, memory_seq_rm [15365, end)
slot print_timing: id  0 | task 1321 | prompt processing, n_tokens =  16384, progress = 0.59, t =   3.95 s / 4152.33 tokens per second
slot   operator(): id  0 | task 1321 | cached n_tokens = 16389, memory_seq_rm [16389, end)
slot print_timing: id  0 | task 1321 | prompt processing, n_tokens =  17408, progress = 0.63, t =   4.29 s / 4058.82 tokens per second
slot   operator(): id  0 | task 1321 | cached n_tokens = 17413, memory_seq_rm [17413, end)
slot print_timing: id  0 | task 1321 | prompt processing, n_tokens =  18432, progress = 0.66, t =   4.64 s / 3970.70 tokens per second
slot   operator(): id  0 | task 1321 | cached n_tokens = 18437, memory_seq_rm [18437, end)
slot print_timing: id  0 | task 1321 | prompt processing, n_tokens =  19456, progress = 0.70, t =   5.00 s / 3889.84 tokens per second
slot   operator(): id  0 | task 1321 | cached n_tokens = 19461, memory_seq_rm [19461, end)
slot print_timing: id  0 | task 1321 | prompt processing, n_tokens =  20480, progress = 0.74, t =   5.37 s / 3814.66 tokens per second
slot   operator(): id  0 | task 1321 | cached n_tokens = 20485, memory_seq_rm [20485, end)
slot print_timing: id  0 | task 1321 | prompt processing, n_tokens =  21504, progress = 0.77, t =   5.75 s / 3738.00 tokens per second
slot   operator(): id  0 | task 1321 | cached n_tokens = 21509, memory_seq_rm [21509, end)
slot print_timing: id  0 | task 1321 | prompt processing, n_tokens =  22528, progress = 0.81, t =   6.15 s / 3664.95 tokens per second
slot   operator(): id  0 | task 1321 | cached n_tokens = 22533, memory_seq_rm [22533, end)
slot print_timing: id  0 | task 1321 | prompt processing, n_tokens =  23552, progress = 0.85, t =   6.55 s / 3594.35 tokens per second
slot   operator(): id  0 | task 1321 | cached n_tokens = 23557, memory_seq_rm [23557, end)
slot print_timing: id  0 | task 1321 | prompt processing, n_tokens =  24576, progress = 0.89, t =   6.96 s / 3528.63 tokens per second
slot   operator(): id  0 | task 1321 | cached n_tokens = 24581, memory_seq_rm [24581, end)
slot print_timing: id  0 | task 1321 | prompt processing, n_tokens =  25600, progress = 0.92, t =   7.40 s / 3460.01 tokens per second
slot   operator(): id  0 | task 1321 | cached n_tokens = 25605, memory_seq_rm [25605, end)
slot print_timing: id  0 | task 1321 | prompt processing, n_tokens =  26624, progress = 0.96, t =   7.84 s / 3395.29 tokens per second
slot   operator(): id  0 | task 1321 | cached n_tokens = 26629, memory_seq_rm [26629, end)
slot print_timing: id  0 | task 1321 | prompt processing, n_tokens =  27648, progress = 1.00, t =   8.29 s / 3336.69 tokens per second
slot   operator(): id  0 | task 1321 | cached n_tokens = 27653, memory_seq_rm [27653, end)
slot init_sampler: id  0 | task 1321 | init sampler, took 2.95 ms, tokens: text = 27764, total = 27764
slot print_timing: id  0 | task 1321 | prompt eval time =    8637.30 ms / 27759 tokens (    0.31 ms per token,  3213.85 tokens per second)
slot print_timing: id  0 | task 1321 |        eval time =    1043.81 ms /    63 tokens (   16.84 ms per token,    59.40 tokens per second)
slot print_timing: id  0 | task 1321 |       total time =    9681.11 ms / 27822 tokens
slot print_timing: id  0 | task 1321 |    graphs reused =       1353
slot      release: id  0 | task 1321 | stop processing: n_tokens = 27826, truncated = 0
srv  update_slots: all slots are idle
[GIN] 2026/08/24 - 14:12:37 | 200 | 10.282861405s |       127.0.0.1 | POST     "/api/generate"
[GIN] 2026/08/24 - 14:12:37 | 200 |      63.541µs |       127.0.0.1 | HEAD     "/"
[GIN] 2026/08/24 - 14:12:37 | 200 |    2.926508ms |       127.0.0.1 | POST     "/api/show"
[GIN] 2026/08/24 - 14:12:37 | 200 |   78.286424ms |       127.0.0.1 | POST     "/api/generate"
