atomic_id,location,exact_atomic_proposition,claim_class,importance,qualifiers_and_scope,warrant_pointer,independent_check,status,release_action
AC-001,Abstract; source lines 26-27,"When a learned system fails, adding model capacity or inference time is useful only if computation is the binding constraint.",interpretation,supporting,Interpretation must remain no stronger than the fixed-family outcomes and visible adverse evidence.,current manuscript evidence hierarchy,PENDING_REVIEWER_INFERENCE_CHECK,BOUNDED_INFERENCE,retain at current scope; revise or remove if independent check does not entail
AC-002,Abstract; source lines 26-27,Failure may instead arise because task-relevant information is absent or because an information-preserving representation is inaccessible to the chosen learner.,interpretation,supporting,Interpretation must remain no stronger than the fixed-family outcomes and visible adverse evidence.,current manuscript evidence hierarchy,PENDING_REVIEWER_INFERENCE_CHECK,BOUNDED_INFERENCE,retain at current scope; revise or remove if independent check does not entail
AC-003,Abstract; source lines 26-27,We evaluate a prospective diagnostic that distinguishes these three cases.,interpretation,supporting,Interpretation must remain no stronger than the fixed-family outcomes and visible adverse evidence.,current manuscript evidence hierarchy,PENDING_REVIEWER_INFERENCE_CHECK,BOUNDED_INFERENCE,retain at current scope; revise or remove if independent check does not entail
AC-004,Abstract; source lines 26-27,"For each task family, interventions add semantic information, repair accessibility without changing semantic content, or add computation.",interpretation,supporting,Interpretation must remain no stronger than the fixed-family outcomes and visible adverse evidence.,current manuscript evidence hierarchy,PENDING_REVIEWER_INFERENCE_CHECK,BOUNDED_INFERENCE,retain at current scope; revise or remove if independent check does not entail
AC-005,Abstract; source lines 26-27,The diagnostic selects the lowest registered-cost intervention that reaches a fixed quality threshold on a probe split,interpretation,supporting,Interpretation must remain no stronger than the fixed-family outcomes and visible adverse evidence.,current manuscript evidence hierarchy,PENDING_REVIEWER_INFERENCE_CHECK,BOUNDED_INFERENCE,retain at current scope; revise or remove if independent check does not entail
AC-006,Abstract; source lines 26-27,the causal disposition is recomputed on protected data.,interpretation,supporting,Interpretation must remain no stronger than the fixed-family outcomes and visible adverse evidence.,current manuscript evidence hierarchy,PENDING_REVIEWER_INFERENCE_CHECK,BOUNDED_INFERENCE,retain at current scope; revise or remove if independent check does not entail
AC-007,Abstract; source lines 26-27,"Across five families spanning handwritten-digit classification and exact executable tasks, the diagnostic identified the protected disposition in four families, versus one for a generic compute-escalation policy, and made no false compute escalations versus four.",interpretation,headline,Interpretation must remain no stronger than the fixed-family outcomes and visible adverse evidence.,current manuscript evidence hierarchy,PENDING_REVIEWER_INFERENCE_CHECK,BOUNDED_INFERENCE,retain at current scope; revise or remove if independent check does not entail
AC-008,Abstract; source lines 26-27,The remaining digit accessibility family was indeterminate because a probe-side threshold crossing did not transport to the protected split.,interpretation,supporting,Interpretation must remain no stronger than the fixed-family outcomes and visible adverse evidence.,current manuscript evidence hierarchy,PENDING_REVIEWER_INFERENCE_CHECK,BOUNDED_INFERENCE,retain at current scope; revise or remove if independent check does not entail
AC-009,Abstract; source lines 26-27,"The result survives a corrected vector-valued accounting of representation work, fitted state, model fitting, inference, and explicit computation, although the registered costs cannot be interpreted as a universal physical exchange rate.",interpretation,supporting,Interpretation must remain no stronger than the fixed-family outcomes and visible adverse evidence.,current manuscript evidence hierarchy,PENDING_REVIEWER_INFERENCE_CHECK,BOUNDED_INFERENCE,retain at current scope; revise or remove if independent check does not entail
AC-010,Abstract; source lines 26-27,Secondary studies preserve mixed evidence: information-equivalent access repair recovered linear accuracy on breast-cancer and digit data but produced a null on Wine,interpretation,supporting,Interpretation must remain no stronger than the fixed-family outcomes and visible adverse evidence.,current manuscript evidence hierarchy,PENDING_REVIEWER_INFERENCE_CHECK,BOUNDED_INFERENCE,retain at current scope; revise or remove if independent check does not entail
AC-011,Abstract; source lines 26-27,increasing Qwen2.5 model size did not yield the registered monotone benefit,interpretation,supporting,Interpretation must remain no stronger than the fixed-family outcomes and visible adverse evidence.,current manuscript evidence hierarchy,PENDING_REVIEWER_INFERENCE_CHECK,BOUNDED_INFERENCE,retain at current scope; revise or remove if independent check does not entail
AC-012,Abstract; source lines 26-27,and a semantics-preserving symbol remint invalidated an earlier serialization contrast.,interpretation,supporting,Interpretation must remain no stronger than the fixed-family outcomes and visible adverse evidence.,current manuscript evidence hierarchy,PENDING_REVIEWER_INFERENCE_CHECK,BOUNDED_INFERENCE,retain at current scope; revise or remove if independent check does not entail
AC-013,Abstract; source lines 26-27,"These results support a bounded procedure for locating failure before spending more compute, not a universal diagnostic, a universal representation advantage, or a general argument against scaling",interpretation,headline,Interpretation must remain no stronger than the fixed-family outcomes and visible adverse evidence.,current manuscript evidence hierarchy,PENDING_REVIEWER_INFERENCE_CHECK,BOUNDED_INFERENCE,retain at current scope; revise or remove if independent check does not entail
AC-014,Introduction; source lines 31-31,"Increasing test-time computation can improve language-model reasoning, and repeated sampling can raise the chance of finding a correct answer [cited source].",literature_fact,supporting,Search and metadata checks are current to 2026-08-28; no priority claim is made for component ideas.,references.bib plus LIVE_LITERATURE_ENTAILMENT_AUDIT_2026-08-28.md,PENDING_BLIND_COVERAGE,VERIFIED,retain at current scope; revise or remove if independent check does not entail
AC-015,Introduction; source lines 31-31,These gains make computation a natural response to poor performance.,interpretation,supporting,Interpretation must remain no stronger than the fixed-family outcomes and visible adverse evidence.,current manuscript evidence hierarchy,PENDING_REVIEWER_INFERENCE_CHECK,BOUNDED_INFERENCE,retain at current scope; revise or remove if independent check does not entail
AC-016,Introduction; source lines 31-31,They do not make it the right response to every failure.,interpretation,supporting,Interpretation must remain no stronger than the fixed-family outcomes and visible adverse evidence.,current manuscript evidence hierarchy,PENDING_REVIEWER_INFERENCE_CHECK,BOUNDED_INFERENCE,retain at current scope; revise or remove if independent check does not entail
AC-017,Introduction; source lines 31-31,"If a system never receives a decisive variable, no amount of downstream search can recover it.",interpretation,supporting,Interpretation must remain no stronger than the fixed-family outcomes and visible adverse evidence.,current manuscript evidence hierarchy,PENDING_REVIEWER_INFERENCE_CHECK,BOUNDED_INFERENCE,retain at current scope; revise or remove if independent check does not entail
AC-018,Introduction; source lines 31-31,"If the variable is present but encoded outside the effective access class of the learner, a representation repair may be more appropriate than a larger model.",interpretation,supporting,Interpretation must remain no stronger than the fixed-family outcomes and visible adverse evidence.,current manuscript evidence hierarchy,PENDING_REVIEWER_INFERENCE_CHECK,BOUNDED_INFERENCE,retain at current scope; revise or remove if independent check does not entail
AC-019,Introduction; source lines 31-31,Only after information and accessibility are adequate is additional computation a well-targeted intervention,interpretation,supporting,Interpretation must remain no stronger than the fixed-family outcomes and visible adverse evidence.,current manuscript evidence hierarchy,PENDING_REVIEWER_INFERENCE_CHECK,BOUNDED_INFERENCE,retain at current scope; revise or remove if independent check does not entail
AC-020,Introduction; source lines 33-33,This distinction connects several established research lines.,interpretation,supporting,Interpretation must remain no stronger than the fixed-family outcomes and visible adverse evidence.,current manuscript evidence hierarchy,PENDING_REVIEWER_INFERENCE_CHECK,BOUNDED_INFERENCE,retain at current scope; revise or remove if independent check does not entail
AC-021,Introduction; source lines 33-33,Algorithmic-reasoning benchmarks separate learned execution from exact procedures [cited source].,literature_fact,supporting,Search and metadata checks are current to 2026-08-28; no priority claim is made for component ideas.,references.bib plus LIVE_LITERATURE_ENTAILMENT_AUDIT_2026-08-28.md,PENDING_BLIND_COVERAGE,VERIFIED,retain at current scope; revise or remove if independent check does not entail
AC-022,Introduction; source lines 33-33,Graph and relational models show that organization can change what a learner can exploit [cited source].,literature_fact,supporting,Search and metadata checks are current to 2026-08-28; no priority claim is made for component ideas.,references.bib plus LIVE_LITERATURE_ENTAILMENT_AUDIT_2026-08-28.md,PENDING_BLIND_COVERAGE,VERIFIED,retain at current scope; revise or remove if independent check does not entail
AC-023,Introduction; source lines 33-33,Work on underspecified questions asks systems to acquire missing information rather than guess [cited source].,literature_fact,supporting,Search and metadata checks are current to 2026-08-28; no priority claim is made for component ideas.,references.bib plus LIVE_LITERATURE_ENTAILMENT_AUDIT_2026-08-28.md,PENDING_BLIND_COVERAGE,VERIFIED,retain at current scope; revise or remove if independent check does not entail
AC-024,Introduction; source lines 33-33,Recent analyses also isolate representational inconsistency from downstream reasoning failure and show that serialization alone can materially change performance [cited source].,literature_fact,supporting,Search and metadata checks are current to 2026-08-28; no priority claim is made for component ideas.,references.bib plus LIVE_LITERATURE_ENTAILMENT_AUDIT_2026-08-28.md,PENDING_BLIND_COVERAGE,VERIFIED,retain at current scope; revise or remove if independent check does not entail
AC-025,Introduction; source lines 33-33,"Our question is narrower: can fixed, single-coordinate interventions diagnose which resource is missing before a generic policy escalates compute?",interpretation,supporting,Interpretation must remain no stronger than the fixed-family outcomes and visible adverse evidence.,current manuscript evidence hierarchy,PENDING_REVIEWER_INFERENCE_CHECK,BOUNDED_INFERENCE,retain at current scope; revise or remove if independent check does not entail
AC-026,Introduction; source lines 35-35,We study three failure locations.,interpretation,supporting,Interpretation must remain no stronger than the fixed-family outcomes and visible adverse evidence.,current manuscript evidence hierarchy,PENDING_REVIEWER_INFERENCE_CHECK,BOUNDED_INFERENCE,retain at current scope; revise or remove if independent check does not entail
AC-027,Introduction; source lines 35-35,An information intervention supplies genuinely missing task information.,interpretation,supporting,Interpretation must remain no stronger than the fixed-family outcomes and visible adverse evidence.,current manuscript evidence hierarchy,PENDING_REVIEWER_INFERENCE_CHECK,BOUNDED_INFERENCE,retain at current scope; revise or remove if independent check does not entail
AC-028,Introduction; source lines 35-35,An accessibility intervention preserves semantic information but changes how it is exposed to a fixed access class.,interpretation,supporting,Interpretation must remain no stronger than the fixed-family outcomes and visible adverse evidence.,current manuscript evidence hierarchy,PENDING_REVIEWER_INFERENCE_CHECK,BOUNDED_INFERENCE,retain at current scope; revise or remove if independent check does not entail
AC-029,Introduction; source lines 35-35,A computation intervention preserves the information and interface while adding an inference procedure or a richer downstream computation.,interpretation,supporting,Interpretation must remain no stronger than the fixed-family outcomes and visible adverse evidence.,current manuscript evidence hierarchy,PENDING_REVIEWER_INFERENCE_CHECK,BOUNDED_INFERENCE,retain at current scope; revise or remove if independent check does not entail
AC-030,Introduction; source lines 35-35,"On a probe split, a frozen rule chooses the lowest registered-cost intervention that reaches a predeclared quality target.",interpretation,supporting,Interpretation must remain no stronger than the fixed-family outcomes and visible adverse evidence.,current manuscript evidence hierarchy,PENDING_REVIEWER_INFERENCE_CHECK,BOUNDED_INFERENCE,retain at current scope; revise or remove if independent check does not entail
AC-031,Introduction; source lines 35-35,"On a disjoint protected split, the same target and cost rule define the causal disposition independently.",interpretation,supporting,Interpretation must remain no stronger than the fixed-family outcomes and visible adverse evidence.,current manuscript evidence hierarchy,PENDING_REVIEWER_INFERENCE_CHECK,BOUNDED_INFERENCE,retain at current scope; revise or remove if independent check does not entail
AC-032,Introduction; source lines 35-35,A generic comparator escalates computation whenever the base system is below target,interpretation,supporting,Interpretation must remain no stronger than the fixed-family outcomes and visible adverse evidence.,current manuscript evidence hierarchy,PENDING_REVIEWER_INFERENCE_CHECK,BOUNDED_INFERENCE,retain at current scope; revise or remove if independent check does not entail
AC-033,Introduction; source lines 37-37,"The primary evaluation contains five fixed families, not a random sample from a declared population.",interpretation,supporting,Interpretation must remain no stronger than the fixed-family outcomes and visible adverse evidence.,current manuscript evidence hierarchy,PENDING_REVIEWER_INFERENCE_CHECK,BOUNDED_INFERENCE,retain at current scope; revise or remove if independent check does not entail
AC-034,Introduction; source lines 37-37,Two use handwritten digits,interpretation,supporting,Interpretation must remain no stronger than the fixed-family outcomes and visible adverse evidence.,current manuscript evidence hierarchy,PENDING_REVIEWER_INFERENCE_CHECK,BOUNDED_INFERENCE,retain at current scope; revise or remove if independent check does not entail
AC-035,Introduction; source lines 37-37,"three are exact executable discriminators for missing information, inaccessible encoding, and required composition.",interpretation,supporting,Interpretation must remain no stronger than the fixed-family outcomes and visible adverse evidence.,current manuscript evidence hierarchy,PENDING_REVIEWER_INFERENCE_CHECK,BOUNDED_INFERENCE,retain at current scope; revise or remove if independent check does not entail
AC-036,Introduction; source lines 37-37,"The diagnostic agrees with the protected disposition in four of five families, whereas generic compute escalation agrees in one.",interpretation,headline,Interpretation must remain no stronger than the fixed-family outcomes and visible adverse evidence.,current manuscript evidence hierarchy,PENDING_REVIEWER_INFERENCE_CHECK,BOUNDED_INFERENCE,retain at current scope; revise or remove if independent check does not entail
AC-037,Introduction; source lines 37-37,The diagnostic makes no false compute escalations,interpretation,headline,Interpretation must remain no stronger than the fixed-family outcomes and visible adverse evidence.,current manuscript evidence hierarchy,PENDING_REVIEWER_INFERENCE_CHECK,BOUNDED_INFERENCE,retain at current scope; revise or remove if independent check does not entail
AC-038,Introduction; source lines 37-37,the comparator makes four.,interpretation,supporting,Interpretation must remain no stronger than the fixed-family outcomes and visible adverse evidence.,current manuscript evidence hierarchy,PENDING_REVIEWER_INFERENCE_CHECK,BOUNDED_INFERENCE,retain at current scope; revise or remove if independent check does not entail
AC-039,Introduction; source lines 37-37,"The unmatched family is not retuned or discarded: an accessibility repair crosses the target on the probe split but not on protected data, so its protected disposition is indeterminate",interpretation,supporting,Interpretation must remain no stronger than the fixed-family outcomes and visible adverse evidence.,current manuscript evidence hierarchy,PENDING_REVIEWER_INFERENCE_CHECK,BOUNDED_INFERENCE,retain at current scope; revise or remove if independent check does not entail
AC-040,Introduction; source lines 39-39,Three secondary results delimit the claim.,interpretation,supporting,Interpretation must remain no stronger than the fixed-family outcomes and visible adverse evidence.,current manuscript evidence hierarchy,PENDING_REVIEWER_INFERENCE_CHECK,BOUNDED_INFERENCE,retain at current scope; revise or remove if independent check does not entail
AC-041,Introduction; source lines 39-39,"First, an information-preserving cubic transformation reduces linear-model accessibility on two of three real datasets, and an exact inverse repair restores it",interpretation,supporting,Interpretation must remain no stronger than the fixed-family outcomes and visible adverse evidence.,current manuscript evidence hierarchy,PENDING_REVIEWER_INFERENCE_CHECK,BOUNDED_INFERENCE,retain at current scope; revise or remove if independent check does not entail
AC-042,Introduction; source lines 39-39,Wine is a null.,interpretation,supporting,Interpretation must remain no stronger than the fixed-family outcomes and visible adverse evidence.,current manuscript evidence hierarchy,PENDING_REVIEWER_INFERENCE_CHECK,BOUNDED_INFERENCE,retain at current scope; revise or remove if independent check does not entail
AC-043,Introduction; source lines 39-39,"Second, a protected Qwen2.5 size ladder does not support the registered monotone scaling hypothesis.",interpretation,supporting,Interpretation must remain no stronger than the fixed-family outcomes and visible adverse evidence.,current manuscript evidence hierarchy,PENDING_REVIEWER_INFERENCE_CHECK,BOUNDED_INFERENCE,retain at current scope; revise or remove if independent check does not entail
AC-044,Introduction; source lines 39-39,"Third, a hostile symbol-reminting audit changes 32 of 128 predictions of an older same-information serialization comparator, withdrawing that contrast.",interpretation,supporting,Interpretation must remain no stronger than the fixed-family outcomes and visible adverse evidence.,current manuscript evidence hierarchy,PENDING_REVIEWER_INFERENCE_CHECK,BOUNDED_INFERENCE,retain at current scope; revise or remove if independent check does not entail
AC-045,Introduction; source lines 39-39,A later redraw-ensemble analysis reproduces the full-sample diagnostic decisions but fails its own half-sample stability condition.,interpretation,supporting,Interpretation must remain no stronger than the fixed-family outcomes and visible adverse evidence.,current manuscript evidence hierarchy,PENDING_REVIEWER_INFERENCE_CHECK,BOUNDED_INFERENCE,retain at current scope; revise or remove if independent check does not entail
AC-046,Introduction; source lines 39-39,We therefore retain the original four-of-five result,interpretation,headline,Interpretation must remain no stronger than the fixed-family outcomes and visible adverse evidence.,current manuscript evidence hierarchy,PENDING_REVIEWER_INFERENCE_CHECK,BOUNDED_INFERENCE,retain at current scope; revise or remove if independent check does not entail
AC-047,Introduction; source lines 41-41,The contribution is a study design and a bounded evidence object.,interpretation,supporting,Interpretation must remain no stronger than the fixed-family outcomes and visible adverse evidence.,current manuscript evidence hierarchy,PENDING_REVIEWER_INFERENCE_CHECK,BOUNDED_INFERENCE,retain at current scope; revise or remove if independent check does not entail
AC-048,Introduction; source lines 41-41,"We do not claim that the three resource classes exhaust all causes of failure, that the abstract registered costs are physical utility, that accessibility repair is generally cheaper than model scaling, or that the result transfers to deployed language-model agents",interpretation,supporting,Interpretation must remain no stronger than the fixed-family outcomes and visible adverse evidence.,current manuscript evidence hierarchy,PENDING_REVIEWER_INFERENCE_CHECK,BOUNDED_INFERENCE,retain at current scope; revise or remove if independent check does not entail
AC-049,Related work and claim boundary; source lines 45-46,Adaptive computation and metareasoning.,literature_fact,supporting,Search and metadata checks are current to 2026-08-28; no priority claim is made for component ideas.,references.bib plus LIVE_LITERATURE_ENTAILMENT_AUDIT_2026-08-28.md,PENDING_BLIND_COVERAGE,VERIFIED,retain at current scope; revise or remove if independent check does not entail
AC-050,Related work and claim boundary; source lines 45-46,The value-of-computation tradition treats deliberation as a decision under resource constraints [cited source].,literature_fact,supporting,Search and metadata checks are current to 2026-08-28; no priority claim is made for component ideas.,references.bib plus LIVE_LITERATURE_ENTAILMENT_AUDIT_2026-08-28.md,PENDING_BLIND_COVERAGE,VERIFIED,retain at current scope; revise or remove if independent check does not entail
AC-051,Related work and claim boundary; source lines 45-46,Contemporary test-time scaling work studies how inference budget and sampling policies affect language-model performance [cited source].,literature_fact,supporting,Search and metadata checks are current to 2026-08-28; no priority claim is made for component ideas.,references.bib plus LIVE_LITERATURE_ENTAILMENT_AUDIT_2026-08-28.md,PENDING_BLIND_COVERAGE,VERIFIED,retain at current scope; revise or remove if independent check does not entail
AC-052,Related work and claim boundary; source lines 45-46,"Our generic comparator is deliberately simpler than those optimized policies: it represents the failure heuristic ``uncertain, therefore compute more.'' We do not compare against every adaptive-compute algorithm and do not claim a new allocation optimum.",literature_fact,supporting,Search and metadata checks are current to 2026-08-28; no priority claim is made for component ideas.,references.bib plus LIVE_LITERATURE_ENTAILMENT_AUDIT_2026-08-28.md,PENDING_BLIND_COVERAGE,VERIFIED,retain at current scope; revise or remove if independent check does not entail
AC-053,Related work and claim boundary; source lines 45-46,The paper instead asks whether the premise for compute escalation is correct after information and accessibility interventions are made explicit,literature_fact,supporting,Search and metadata checks are current to 2026-08-28; no priority claim is made for component ideas.,references.bib plus LIVE_LITERATURE_ENTAILMENT_AUDIT_2026-08-28.md,PENDING_BLIND_COVERAGE,VERIFIED,retain at current scope; revise or remove if independent check does not entail
AC-054,Related work and claim boundary; source lines 48-49,"Structure, access, and algorithmic reasoning.",literature_fact,supporting,Search and metadata checks are current to 2026-08-28; no priority claim is made for component ideas.,references.bib plus LIVE_LITERATURE_ENTAILMENT_AUDIT_2026-08-28.md,PENDING_BLIND_COVERAGE,VERIFIED,retain at current scope; revise or remove if independent check does not entail
AC-055,Related work and claim boundary; source lines 48-49,Graphormer and GraphGPS establish that relational organization and structural encodings can alter the effective inductive bias of a learner [cited source].,literature_fact,supporting,Search and metadata checks are current to 2026-08-28; no priority claim is made for component ideas.,references.bib plus LIVE_LITERATURE_ENTAILMENT_AUDIT_2026-08-28.md,PENDING_BLIND_COVERAGE,VERIFIED,retain at current scope; revise or remove if independent check does not entail
AC-056,Related work and claim boundary; source lines 48-49,The CLRS benchmark and Transformer--neural algorithmic reasoners study learned execution and out-of-distribution algorithmic generalization [cited source].,literature_fact,supporting,Search and metadata checks are current to 2026-08-28; no priority claim is made for component ideas.,references.bib plus LIVE_LITERATURE_ENTAILMENT_AUDIT_2026-08-28.md,PENDING_BLIND_COVERAGE,VERIFIED,retain at current scope; revise or remove if independent check does not entail
AC-057,Related work and claim boundary; source lines 48-49,Serialization-friction results show that information-equivalent structured tasks can change difficulty when projected into a one-dimensional sequence [cited source].,literature_fact,supporting,Search and metadata checks are current to 2026-08-28; no priority claim is made for component ideas.,references.bib plus LIVE_LITERATURE_ENTAILMENT_AUDIT_2026-08-28.md,PENDING_BLIND_COVERAGE,VERIFIED,retain at current scope; revise or remove if independent check does not entail
AC-058,Related work and claim boundary; source lines 48-49,These works own the broad ideas that representation matters and that computation can be isolated.,literature_fact,supporting,Search and metadata checks are current to 2026-08-28; no priority claim is made for component ideas.,references.bib plus LIVE_LITERATURE_ENTAILMENT_AUDIT_2026-08-28.md,PENDING_BLIND_COVERAGE,VERIFIED,retain at current scope; revise or remove if independent check does not entail
AC-059,Related work and claim boundary; source lines 48-49,We contribute neither a graph architecture nor a universal representation theorem,literature_fact,supporting,Search and metadata checks are current to 2026-08-28; no priority claim is made for component ideas.,references.bib plus LIVE_LITERATURE_ENTAILMENT_AUDIT_2026-08-28.md,PENDING_BLIND_COVERAGE,VERIFIED,retain at current scope; revise or remove if independent check does not entail
AC-060,Related work and claim boundary; source lines 51-52,"Missing information, abstention, and diagnosis.",literature_fact,supporting,Search and metadata checks are current to 2026-08-28; no priority claim is made for component ideas.,references.bib plus LIVE_LITERATURE_ENTAILMENT_AUDIT_2026-08-28.md,PENDING_BLIND_COVERAGE,VERIFIED,retain at current scope; revise or remove if independent check does not entail
AC-061,Related work and claim boundary; source lines 51-52,QuestBench evaluates whether language models ask for information needed to answer underspecified questions [cited source].,literature_fact,supporting,Search and metadata checks are current to 2026-08-28; no priority claim is made for component ideas.,references.bib plus LIVE_LITERATURE_ENTAILMENT_AUDIT_2026-08-28.md,PENDING_BLIND_COVERAGE,VERIFIED,retain at current scope; revise or remove if independent check does not entail
AC-062,Related work and claim boundary; source lines 51-52,Temporal neuro-symbolic question answering has been used to separate representational inconsistency from reasoning failure [cited source].,literature_fact,supporting,Search and metadata checks are current to 2026-08-28; no priority claim is made for component ideas.,references.bib plus LIVE_LITERATURE_ENTAILMENT_AUDIT_2026-08-28.md,PENDING_BLIND_COVERAGE,VERIFIED,retain at current scope; revise or remove if independent check does not entail
AC-063,Related work and claim boundary; source lines 51-52,Selective classification supplies a broader statistical language for withholding a decision when confidence or coverage is inadequate [cited source].,literature_fact,supporting,Search and metadata checks are current to 2026-08-28; no priority claim is made for component ideas.,references.bib plus LIVE_LITERATURE_ENTAILMENT_AUDIT_2026-08-28.md,PENDING_BLIND_COVERAGE,VERIFIED,retain at current scope; revise or remove if independent check does not entail
AC-064,Related work and claim boundary; source lines 51-52,Our indeterminate outcome is related in spirit but is defined differently: it occurs when no registered intervention has transported across the fixed quality threshold.,literature_fact,supporting,Search and metadata checks are current to 2026-08-28; no priority claim is made for component ideas.,references.bib plus LIVE_LITERATURE_ENTAILMENT_AUDIT_2026-08-28.md,PENDING_BLIND_COVERAGE,VERIFIED,retain at current scope; revise or remove if independent check does not entail
AC-065,Related work and claim boundary; source lines 51-52,It is not a calibrated probability of error,literature_fact,supporting,Search and metadata checks are current to 2026-08-28; no priority claim is made for component ideas.,references.bib plus LIVE_LITERATURE_ENTAILMENT_AUDIT_2026-08-28.md,PENDING_BLIND_COVERAGE,VERIFIED,retain at current scope; revise or remove if independent check does not entail
AC-066,Related work and claim boundary; source lines 54-55,Scope of originality.,literature_fact,supporting,Search and metadata checks are current to 2026-08-28; no priority claim is made for component ideas.,references.bib plus LIVE_LITERATURE_ENTAILMENT_AUDIT_2026-08-28.md,PENDING_BLIND_COVERAGE,VERIFIED,retain at current scope; revise or remove if independent check does not entail
AC-067,Related work and claim boundary; source lines 54-55,"The original object here is the combined prospective comparison of three intervention classes, protected recomputation of the causal disposition, a generic compute-escalation foil, and vector-valued resource disclosure.",literature_fact,supporting,Search and metadata checks are current to 2026-08-28; no priority claim is made for component ideas.,references.bib plus LIVE_LITERATURE_ENTAILMENT_AUDIT_2026-08-28.md,PENDING_BLIND_COVERAGE,VERIFIED,retain at current scope; revise or remove if independent check does not entail
AC-068,Related work and claim boundary; source lines 54-55,"The paper does not claim priority for any intervention class alone, for exact collision ceilings, for structured learning, for abstention, or for test-time scaling",literature_fact,supporting,Search and metadata checks are current to 2026-08-28; no priority claim is made for component ideas.,references.bib plus LIVE_LITERATURE_ENTAILMENT_AUDIT_2026-08-28.md,PENDING_BLIND_COVERAGE,VERIFIED,retain at current scope; revise or remove if independent check does not entail
AC-069,Diagnostic design; source lines 59-59,Intervention classes,method,supporting,Method scope is limited to three registered intervention classes and five fixed families.,prospectively frozen diagnostic protocol and current reader-facing evidence table,PENDING_BLIND_COVERAGE,VERIFIED,retain at current scope; revise or remove if independent check does not entail
AC-070,Diagnostic design; source lines 61-67,"Let a task family have a base system, quality measure q, and target .",method,supporting,Method scope is limited to three registered intervention classes and five fixed families.,prospectively frozen diagnostic protocol and current reader-facing evidence table,PENDING_BLIND_COVERAGE,VERIFIED,retain at current scope; revise or remove if independent check does not entail
AC-071,Diagnostic design; source lines 61-67,We register three interventions: I_info and : add task-relevant semantic information,method,supporting,Method scope is limited to three registered intervention classes and five fixed families.,prospectively frozen diagnostic protocol and current reader-facing evidence table,PENDING_BLIND_COVERAGE,VERIFIED,retain at current scope; revise or remove if independent check does not entail
AC-072,Diagnostic design; source lines 61-67,I_access and : preserve semantic information and repair its interface,method,supporting,Method scope is limited to three registered intervention classes and five fixed families.,prospectively frozen diagnostic protocol and current reader-facing evidence table,PENDING_BLIND_COVERAGE,VERIFIED,retain at current scope; revise or remove if independent check does not entail
AC-073,Diagnostic design; source lines 61-67,I_compute and : preserve information and interface and add computation.,method,supporting,Method scope is limited to three registered intervention classes and five fixed families.,prospectively frozen diagnostic protocol and current reader-facing evidence table,PENDING_BLIND_COVERAGE,VERIFIED,retain at current scope; revise or remove if independent check does not entail
AC-074,Diagnostic design; source lines 61-67,The intervention meanings are fixed within each family.,method,supporting,Method scope is limited to three registered intervention classes and five fixed families.,prospectively frozen diagnostic protocol and current reader-facing evidence table,PENDING_BLIND_COVERAGE,VERIFIED,retain at current scope; revise or remove if independent check does not entail
AC-075,Diagnostic design; source lines 61-67,An accessibility intervention must be information-preserving by construction or round-trip verification.,method,supporting,Method scope is limited to three registered intervention classes and five fixed families.,prospectively frozen diagnostic protocol and current reader-facing evidence table,PENDING_BLIND_COVERAGE,VERIFIED,retain at current scope; revise or remove if independent check does not entail
AC-076,Diagnostic design; source lines 61-67,"A computation intervention may change the access algorithm or execute an explicit operation, but it may not add semantic inputs unavailable to the base system",method,supporting,Method scope is limited to three registered intervention classes and five fixed families.,prospectively frozen diagnostic protocol and current reader-facing evidence table,PENDING_BLIND_COVERAGE,VERIFIED,retain at current scope; revise or remove if independent check does not entail
AC-077,Diagnostic design; source lines 69-77,"For each split s and intervention j, let q_s,j be observed quality and c_j the registered selection cost.",method,supporting,Method scope is limited to three registered intervention classes and five fixed families.,prospectively frozen diagnostic protocol and current reader-facing evidence table,PENDING_BLIND_COVERAGE,VERIFIED,retain at current scope; revise or remove if independent check does not entail
AC-078,Diagnostic design; source lines 69-77,The split-level disposition is d_s = Ties are resolved by the frozen cost order.,method,supporting,Method scope is limited to three registered intervention classes and five fixed families.,prospectively frozen diagnostic protocol and current reader-facing evidence table,PENDING_BLIND_COVERAGE,VERIFIED,retain at current scope; revise or remove if independent check does not entail
AC-079,Diagnostic design; source lines 69-77,The diagnostic observes the probe split and predicts d_probe,method,supporting,Method scope is limited to three registered intervention classes and five fixed families.,prospectively frozen diagnostic protocol and current reader-facing evidence table,PENDING_BLIND_COVERAGE,VERIFIED,retain at current scope; revise or remove if independent check does not entail
AC-080,Diagnostic design; source lines 69-77,the protected disposition d_protected is computed separately.,method,supporting,Method scope is limited to three registered intervention classes and five fixed families.,prospectively frozen diagnostic protocol and current reader-facing evidence table,PENDING_BLIND_COVERAGE,VERIFIED,retain at current scope; revise or remove if independent check does not entail
AC-081,Diagnostic design; source lines 69-77,Diagnostic correctness is exact equality.,method,supporting,Method scope is limited to three registered intervention classes and five fixed families.,prospectively frozen diagnostic protocol and current reader-facing evidence table,PENDING_BLIND_COVERAGE,VERIFIED,retain at current scope; revise or remove if independent check does not entail
AC-082,Diagnostic design; source lines 69-77,The generic comparator predicts computation whenever the base system is below target,method,supporting,Method scope is limited to three registered intervention classes and five fixed families.,prospectively frozen diagnostic protocol and current reader-facing evidence table,PENDING_BLIND_COVERAGE,VERIFIED,retain at current scope; revise or remove if independent check does not entail
AC-083,Diagnostic design; source lines 79-79,Registered costs serve only as a prospective selector among threshold-reaching interventions.,method,supporting,Method scope is limited to three registered intervention classes and five fixed families.,prospectively frozen diagnostic protocol and current reader-facing evidence table,PENDING_BLIND_COVERAGE,VERIFIED,retain at current scope; revise or remove if independent check does not entail
AC-084,Diagnostic design; source lines 79-79,"They are not converted into money, energy, time, or a universal utility scale.",method,supporting,Method scope is limited to three registered intervention classes and five fixed families.,prospectively frozen diagnostic protocol and current reader-facing evidence table,PENDING_BLIND_COVERAGE,VERIFIED,retain at current scope; revise or remove if independent check does not entail
AC-085,Diagnostic design; source lines 79-79,Section referenced section reports the physical-operation coordinates separately,method,supporting,Method scope is limited to three registered intervention classes and five fixed families.,prospectively frozen diagnostic protocol and current reader-facing evidence table,PENDING_BLIND_COVERAGE,VERIFIED,retain at current scope; revise or remove if independent check does not entail
AC-086,Diagnostic design; source lines 81-81,Five primary task families,method,supporting,Method scope is limited to three registered intervention classes and five fixed families.,prospectively frozen diagnostic protocol and current reader-facing evidence table,PENDING_BLIND_COVERAGE,VERIFIED,retain at current scope; revise or remove if independent check does not entail
AC-087,Diagnostic design; source lines 83-84,Digits with an inaccessible interface.,method,supporting,Method scope is limited to three registered intervention classes and five fixed families.,prospectively frozen diagnostic protocol and current reader-facing evidence table,PENDING_BLIND_COVERAGE,VERIFIED,retain at current scope; revise or remove if independent check does not entail
AC-088,Diagnostic design; source lines 83-84,The base representation is a coordinate-wise cubic bijection of 64 standardized pixel values from the scikit-learn handwritten-digits data.,method,supporting,Method scope is limited to three registered intervention classes and five fixed families.,prospectively frozen diagnostic protocol and current reader-facing evidence table,PENDING_BLIND_COVERAGE,VERIFIED,retain at current scope; revise or remove if independent check does not entail
AC-089,Diagnostic design; source lines 83-84,A fixed multinomial logistic model is the access class.,method,supporting,Method scope is limited to three registered intervention classes and five fixed families.,prospectively frozen diagnostic protocol and current reader-facing evidence table,PENDING_BLIND_COVERAGE,VERIFIED,retain at current scope; revise or remove if independent check does not entail
AC-090,Diagnostic design; source lines 83-84,"The information intervention is a no-op, the accessibility intervention applies the exact cube-root inverse before the same logistic access class, and the computation intervention fits an RBF support-vector classifier to the cubic representation.",method,supporting,Method scope is limited to three registered intervention classes and five fixed families.,prospectively frozen diagnostic protocol and current reader-facing evidence table,PENDING_BLIND_COVERAGE,VERIFIED,retain at current scope; revise or remove if independent check does not entail
AC-091,Diagnostic design; source lines 83-84,The target accuracy is 0.965,method,supporting,Method scope is limited to three registered intervention classes and five fixed families.,prospectively frozen diagnostic protocol and current reader-facing evidence table,PENDING_BLIND_COVERAGE,VERIFIED,retain at current scope; revise or remove if independent check does not entail
AC-092,Diagnostic design; source lines 86-87,Digits with missing information.,method,supporting,Method scope is limited to three registered intervention classes and five fixed families.,prospectively frozen diagnostic protocol and current reader-facing evidence table,PENDING_BLIND_COVERAGE,VERIFIED,retain at current scope; revise or remove if independent check does not entail
AC-093,Diagnostic design; source lines 86-87,The base representation contains only total pixel intensity.,method,supporting,Method scope is limited to three registered intervention classes and five fixed families.,prospectively frozen diagnostic protocol and current reader-facing evidence table,PENDING_BLIND_COVERAGE,VERIFIED,retain at current scope; revise or remove if independent check does not entail
AC-094,Diagnostic design; source lines 86-87,"The information intervention restores the 64 standardized pixels to the logistic access class, the accessibility intervention monotonically rescales the single scalar, and the computation intervention applies an RBF support-vector classifier to that scalar.",method,supporting,Method scope is limited to three registered intervention classes and five fixed families.,prospectively frozen diagnostic protocol and current reader-facing evidence table,PENDING_BLIND_COVERAGE,VERIFIED,retain at current scope; revise or remove if independent check does not entail
AC-095,Diagnostic design; source lines 86-87,The target accuracy is 0.95,method,supporting,Method scope is limited to three registered intervention classes and five fixed families.,prospectively frozen diagnostic protocol and current reader-facing evidence table,PENDING_BLIND_COVERAGE,VERIFIED,retain at current scope; revise or remove if independent check does not entail
AC-096,Diagnostic design; source lines 89-89,"The digits data are divided deterministically into 1,078 training, 359 probe, and 360 protected examples, stratified over ten labels.",method,supporting,Method scope is limited to three registered intervention classes and five fixed families.,prospectively frozen diagnostic protocol and current reader-facing evidence table,PENDING_BLIND_COVERAGE,VERIFIED,retain at current scope; revise or remove if independent check does not entail
AC-097,Diagnostic design; source lines 89-89,Preprocessing is fitted on the training split only,method,supporting,Method scope is limited to three registered intervention classes and five fixed families.,prospectively frozen diagnostic protocol and current reader-facing evidence table,PENDING_BLIND_COVERAGE,VERIFIED,retain at current scope; revise or remove if independent check does not entail
AC-098,Diagnostic design; source lines 91-92,Hidden-bit parity.,method,supporting,Method scope is limited to three registered intervention classes and five fixed families.,prospectively frozen diagnostic protocol and current reader-facing evidence table,PENDING_BLIND_COVERAGE,VERIFIED,retain at current scope; revise or remove if independent check does not entail
AC-099,Diagnostic design; source lines 91-92,"The target is the parity of four bits, while the base exposes only three.",method,supporting,Method scope is limited to three registered intervention classes and five fixed families.,prospectively frozen diagnostic protocol and current reader-facing evidence table,PENDING_BLIND_COVERAGE,VERIFIED,retain at current scope; revise or remove if independent check does not entail
AC-100,Diagnostic design; source lines 91-92,The information intervention reveals the fourth bit,method,supporting,Method scope is limited to three registered intervention classes and five fixed families.,prospectively frozen diagnostic protocol and current reader-facing evidence table,PENDING_BLIND_COVERAGE,VERIFIED,retain at current scope; revise or remove if independent check does not entail
AC-101,Diagnostic design; source lines 91-92,the accessibility intervention bijectively remaps the visible bits,method,supporting,Method scope is limited to three registered intervention classes and five fixed families.,prospectively frozen diagnostic protocol and current reader-facing evidence table,PENDING_BLIND_COVERAGE,VERIFIED,retain at current scope; revise or remove if independent check does not entail
AC-102,Diagnostic design; source lines 91-92,and the computation intervention exhaustively processes only those visible bits.,method,supporting,Method scope is limited to three registered intervention classes and five fixed families.,prospectively frozen diagnostic protocol and current reader-facing evidence table,PENDING_BLIND_COVERAGE,VERIFIED,retain at current scope; revise or remove if independent check does not entail
AC-103,Diagnostic design; source lines 91-92,The target is exact accuracy 1.0,method,supporting,Method scope is limited to three registered intervention classes and five fixed families.,prospectively frozen diagnostic protocol and current reader-facing evidence table,PENDING_BLIND_COVERAGE,VERIFIED,retain at current scope; revise or remove if independent check does not entail
AC-104,Diagnostic design; source lines 94-95,Reversibly encoded Boolean state.,method,supporting,Method scope is limited to three registered intervention classes and five fixed families.,prospectively frozen diagnostic protocol and current reader-facing evidence table,PENDING_BLIND_COVERAGE,VERIFIED,retain at current scope; revise or remove if independent check does not entail
AC-105,Diagnostic design; source lines 94-95,"The base exposes (a,a b) while a frozen constant-or-signed-single-coordinate readout must recover b.",method,supporting,Method scope is limited to three registered intervention classes and five fixed families.,prospectively frozen diagnostic protocol and current reader-facing evidence table,PENDING_BLIND_COVERAGE,VERIFIED,retain at current scope; revise or remove if independent check does not entail
AC-106,Diagnostic design; source lines 94-95,The accessibility intervention applies the exact inverse transform and projects the recovered coordinate.,method,supporting,Method scope is limited to three registered intervention classes and five fixed families.,prospectively frozen diagnostic protocol and current reader-facing evidence table,PENDING_BLIND_COVERAGE,VERIFIED,retain at current scope; revise or remove if independent check does not entail
AC-107,Diagnostic design; source lines 94-95,The computation intervention evaluates XOR.,method,supporting,Method scope is limited to three registered intervention classes and five fixed families.,prospectively frozen diagnostic protocol and current reader-facing evidence table,PENDING_BLIND_COVERAGE,VERIFIED,retain at current scope; revise or remove if independent check does not entail
AC-108,Diagnostic design; source lines 94-95,Both can be correct,method,supporting,Method scope is limited to three registered intervention classes and five fixed families.,prospectively frozen diagnostic protocol and current reader-facing evidence table,PENDING_BLIND_COVERAGE,VERIFIED,retain at current scope; revise or remove if independent check does not entail
AC-109,Diagnostic design; source lines 94-95,the registered selector prefers the lower-cost accessibility repair.,method,supporting,Method scope is limited to three registered intervention classes and five fixed families.,prospectively frozen diagnostic protocol and current reader-facing evidence table,PENDING_BLIND_COVERAGE,VERIFIED,retain at current scope; revise or remove if independent check does not entail
AC-110,Diagnostic design; source lines 94-95,The target is exact accuracy 1.0,method,supporting,Method scope is limited to three registered intervention classes and five fixed families.,prospectively frozen diagnostic protocol and current reader-facing evidence table,PENDING_BLIND_COVERAGE,VERIFIED,retain at current scope; revise or remove if independent check does not entail
AC-111,Diagnostic design; source lines 97-98,Affine-map composition.,method,supporting,Method scope is limited to three registered intervention classes and five fixed families.,prospectively frozen diagnostic protocol and current reader-facing evidence table,PENDING_BLIND_COVERAGE,VERIFIED,retain at current scope; revise or remove if independent check does not entail
AC-112,Diagnostic design; source lines 97-98,The base exposes an input and a chain of three one-dimensional affine maps.,method,supporting,Method scope is limited to three registered intervention classes and five fixed families.,prospectively frozen diagnostic protocol and current reader-facing evidence table,PENDING_BLIND_COVERAGE,VERIFIED,retain at current scope; revise or remove if independent check does not entail
AC-113,Diagnostic design; source lines 97-98,Information and accessibility interventions preserve or reorder the local maps without composing them.,method,supporting,Method scope is limited to three registered intervention classes and five fixed families.,prospectively frozen diagnostic protocol and current reader-facing evidence table,PENDING_BLIND_COVERAGE,VERIFIED,retain at current scope; revise or remove if independent check does not entail
AC-114,Diagnostic design; source lines 97-98,The computation intervention composes the maps exactly and evaluates the result.,method,supporting,Method scope is limited to three registered intervention classes and five fixed families.,prospectively frozen diagnostic protocol and current reader-facing evidence table,PENDING_BLIND_COVERAGE,VERIFIED,retain at current scope; revise or remove if independent check does not entail
AC-115,Diagnostic design; source lines 97-98,The target is exact accuracy 1.0,method,supporting,Method scope is limited to three registered intervention classes and five fixed families.,prospectively frozen diagnostic protocol and current reader-facing evidence table,PENDING_BLIND_COVERAGE,VERIFIED,retain at current scope; revise or remove if independent check does not entail
AC-116,Diagnostic design; source lines 100-100,The three executable families use disjoint sets of 100 development and 100 protected generator seeds per family.,method,supporting,Method scope is limited to three registered intervention classes and five fixed families.,prospectively frozen diagnostic protocol and current reader-facing evidence table,PENDING_BLIND_COVERAGE,VERIFIED,retain at current scope; revise or remove if independent check does not entail
AC-117,Diagnostic design; source lines 100-100,The evaluator computes exact outputs.,method,supporting,Method scope is limited to three registered intervention classes and five fixed families.,prospectively frozen diagnostic protocol and current reader-facing evidence table,PENDING_BLIND_COVERAGE,VERIFIED,retain at current scope; revise or remove if independent check does not entail
AC-118,Diagnostic design; source lines 100-100,"They are transparent discriminators, not evidence about naturalistic task prevalence",method,supporting,Method scope is limited to three registered intervention classes and five fixed families.,prospectively frozen diagnostic protocol and current reader-facing evidence table,PENDING_BLIND_COVERAGE,VERIFIED,retain at current scope; revise or remove if independent check does not entail
AC-119,Diagnostic design; source lines 102-102,Endpoints and interpretation,method,supporting,Method scope is limited to three registered intervention classes and five fixed families.,prospectively frozen diagnostic protocol and current reader-facing evidence table,PENDING_BLIND_COVERAGE,VERIFIED,retain at current scope; revise or remove if independent check does not entail
AC-120,Diagnostic design; source lines 104-104,"Primary endpoints are the number of families diagnosed correctly, correct diagnoses within the three executable families, false compute escalations, target attainment after the predicted intervention when the protected disposition is actionable, and registered-cost regret relative to the protected disposition.",method,headline,Method scope is limited to three registered intervention classes and five fixed families.,prospectively frozen diagnostic protocol and current reader-facing evidence table,PENDING_BLIND_COVERAGE,VERIFIED,retain at current scope; revise or remove if independent check does not entail
AC-121,Diagnostic design; source lines 104-104,"Because the five families are fixed and heterogeneous, we report descriptive counts rather than a population-level significance test",method,supporting,Method scope is limited to three registered intervention classes and five fixed families.,prospectively frozen diagnostic protocol and current reader-facing evidence table,PENDING_BLIND_COVERAGE,VERIFIED,retain at current scope; revise or remove if independent check does not entail
AC-122,Diagnostic design; source lines 106-106,"A false compute escalation occurs when the generic policy selects computation but the protected disposition is information, accessibility, or indeterminate.",method,headline,Method scope is limited to three registered intervention classes and five fixed families.,prospectively frozen diagnostic protocol and current reader-facing evidence table,PENDING_BLIND_COVERAGE,VERIFIED,retain at current scope; revise or remove if independent check does not entail
AC-123,Diagnostic design; source lines 106-106,The last category is counted because the fixed evidence does not authorize computation as the remedy.,method,supporting,Method scope is limited to three registered intervention classes and five fixed families.,prospectively frozen diagnostic protocol and current reader-facing evidence table,PENDING_BLIND_COVERAGE,VERIFIED,retain at current scope; revise or remove if independent check does not entail
AC-124,Diagnostic design; source lines 106-106,An indeterminate protected cell is retained in the denominator,method,supporting,Method scope is limited to three registered intervention classes and five fixed families.,prospectively frozen diagnostic protocol and current reader-facing evidence table,PENDING_BLIND_COVERAGE,VERIFIED,retain at current scope; revise or remove if independent check does not entail
AC-125,Diagnostic design; source lines 108-108,Study chronology and secondary analyses,method,supporting,Method scope is limited to three registered intervention classes and five fixed families.,prospectively frozen diagnostic protocol and current reader-facing evidence table,PENDING_BLIND_COVERAGE,VERIFIED,retain at current scope; revise or remove if independent check does not entail
AC-126,Diagnostic design; source lines 110-110,"The intervention meanings, split rules, targets, registered costs, endpoints, and positive criterion were fixed before the primary protected outcomes.",method,supporting,Method scope is limited to three registered intervention classes and five fixed families.,prospectively frozen diagnostic protocol and current reader-facing evidence table,PENDING_BLIND_COVERAGE,VERIFIED,retain at current scope; revise or remove if independent check does not entail
AC-127,Diagnostic design; source lines 110-110,Two independent implementations reproduced the five decisions.,method,supporting,Method scope is limited to three registered intervention classes and five fixed families.,prospectively frozen diagnostic protocol and current reader-facing evidence table,PENDING_BLIND_COVERAGE,VERIFIED,retain at current scope; revise or remove if independent check does not entail
AC-128,Diagnostic design; source lines 110-110,"A later accounting audit corrected previously omitted preprocessing state, transformation work, base-readout touches, and inference work",method,supporting,Method scope is limited to three registered intervention classes and five fixed families.,prospectively frozen diagnostic protocol and current reader-facing evidence table,PENDING_BLIND_COVERAGE,VERIFIED,retain at current scope; revise or remove if independent check does not entail
AC-129,Diagnostic design; source lines 110-110,"it was not allowed to alter quality values, targets, costs, predictions, or protected dispositions",method,supporting,Method scope is limited to three registered intervention classes and five fixed families.,prospectively frozen diagnostic protocol and current reader-facing evidence table,PENDING_BLIND_COVERAGE,VERIFIED,retain at current scope; revise or remove if independent check does not entail
AC-130,Diagnostic design; source lines 112-112,Three secondary studies were defined separately.,method,supporting,Method scope is limited to three registered intervention classes and five fixed families.,prospectively frozen diagnostic protocol and current reader-facing evidence table,PENDING_BLIND_COVERAGE,VERIFIED,retain at current scope; revise or remove if independent check does not entail
AC-131,Diagnostic design; source lines 112-112,"A five-fold real-data study compared linear access to native standardized features, a coordinate-wise cubic bijection, and its exact inverse on breast-cancer, digits, and Wine datasets.",method,supporting,Method scope is limited to three registered intervention classes and five fixed families.,prospectively frozen diagnostic protocol and current reader-facing evidence table,PENDING_BLIND_COVERAGE,VERIFIED,retain at current scope; revise or remove if independent check does not entail
AC-132,Diagnostic design; source lines 112-112,"A protected model-size study compared the effect of typed state against a same-information interface for quantized Qwen2.5 models at 0.5B, 1.5B, and 3B parameters [cited source].",literature_fact,supporting,Search and metadata checks are current to 2026-08-28; no priority claim is made for component ideas.,references.bib plus LIVE_LITERATURE_ENTAILMENT_AUDIT_2026-08-28.md,PENDING_BLIND_COVERAGE,VERIFIED,retain at current scope; revise or remove if independent check does not entail
AC-133,Diagnostic design; source lines 112-112,A post-outcome hostile audit applied bijective remintings to an earlier held-out procedural comparison.,method,supporting,Method scope is limited to three registered intervention classes and five fixed families.,prospectively frozen diagnostic protocol and current reader-facing evidence table,PENDING_BLIND_COVERAGE,VERIFIED,retain at current scope; revise or remove if independent check does not entail
AC-134,Diagnostic design; source lines 112-112,These studies can bound the primary interpretation but cannot upgrade its five-family authority,method,supporting,Method scope is limited to three registered intervention classes and five fixed families.,prospectively frozen diagnostic protocol and current reader-facing evidence table,PENDING_BLIND_COVERAGE,VERIFIED,retain at current scope; revise or remove if independent check does not entail
AC-135,Diagnostic design; source lines 114-114,"After the primary digit threshold failed to transport, a prospectively specified redraw-ensemble follow-up averaged each arm across 24 stratified partitions.",method,supporting,Method scope is limited to three registered intervention classes and five fixed families.,prospectively frozen diagnostic protocol and current reader-facing evidence table,PENDING_BLIND_COVERAGE,VERIFIED,retain at current scope; revise or remove if independent check does not entail
AC-136,Diagnostic design; source lines 114-114,We report this successor analysis only as a stability check because it failed its own predeclared half-sample stability clause,method,supporting,Method scope is limited to three registered intervention classes and five fixed families.,prospectively frozen diagnostic protocol and current reader-facing evidence table,PENDING_BLIND_COVERAGE,VERIFIED,retain at current scope; revise or remove if independent check does not entail
AC-137,Results; source lines 118-118,Protected diagnostic outcome,interpretation,supporting,Interpretation must remain no stronger than the fixed-family outcomes and visible adverse evidence.,current manuscript evidence hierarchy,PENDING_REVIEWER_INFERENCE_CHECK,BOUNDED_INFERENCE,retain at current scope; revise or remove if independent check does not entail
AC-138,Results; source lines 120-120,Table referenced section reports all five families.,interpretation,supporting,Interpretation must remain no stronger than the fixed-family outcomes and visible adverse evidence.,current manuscript evidence hierarchy,PENDING_REVIEWER_INFERENCE_CHECK,BOUNDED_INFERENCE,retain at current scope; revise or remove if independent check does not entail
AC-139,Results; source lines 120-120,The diagnostic agrees with the protected disposition in four families.,empirical_result,supporting,Fixed-family descriptive evidence; no population prevalence or universal transfer claim.,"primary diagnostic receipt, independent reproduction, and reader-facing evidence table",PENDING_BLIND_COVERAGE,VERIFIED,retain at current scope; revise or remove if independent check does not entail
AC-140,Results; source lines 120-120,The generic compute-escalation policy agrees only for affine-map composition.,interpretation,supporting,Interpretation must remain no stronger than the fixed-family outcomes and visible adverse evidence.,current manuscript evidence hierarchy,PENDING_REVIEWER_INFERENCE_CHECK,BOUNDED_INFERENCE,retain at current scope; revise or remove if independent check does not entail
AC-141,Results; source lines 120-120,"All actionable diagnostic selections reach the protected target, and registered-cost regret on those cells is zero",empirical_result,supporting,Fixed-family descriptive evidence; no population prevalence or universal transfer claim.,"primary diagnostic receipt, independent reproduction, and reader-facing evidence table",PENDING_BLIND_COVERAGE,VERIFIED,retain at current scope; revise or remove if independent check does not entail
AC-142,Results; source lines 142-142,"The generic policy makes four false compute escalations, whereas the diagnostic makes none.",empirical_result,headline,Fixed-family descriptive evidence; no population prevalence or universal transfer claim.,"primary diagnostic receipt, independent reproduction, and reader-facing evidence table",PENDING_BLIND_COVERAGE,VERIFIED,retain at current scope; revise or remove if independent check does not entail
AC-143,Results; source lines 142-142,This difference is the central result: the diagnostic does not merely choose a lower-cost arm,interpretation,supporting,Interpretation must remain no stronger than the fixed-family outcomes and visible adverse evidence.,current manuscript evidence hierarchy,PENDING_REVIEWER_INFERENCE_CHECK,BOUNDED_INFERENCE,retain at current scope; revise or remove if independent check does not entail
AC-144,Results; source lines 142-142,it refuses computation when the evidence locates the constraint elsewhere or does not authorize a remedy.,interpretation,supporting,Interpretation must remain no stronger than the fixed-family outcomes and visible adverse evidence.,current manuscript evidence hierarchy,PENDING_REVIEWER_INFERENCE_CHECK,BOUNDED_INFERENCE,retain at current scope; revise or remove if independent check does not entail
AC-145,Results; source lines 142-142,The executable-domain diagnoses are exact in all three families.,interpretation,supporting,Interpretation must remain no stronger than the fixed-family outcomes and visible adverse evidence.,current manuscript evidence hierarchy,PENDING_REVIEWER_INFERENCE_CHECK,BOUNDED_INFERENCE,retain at current scope; revise or remove if independent check does not entail
AC-146,Results; source lines 142-142,"On the two real-digit families, one diagnosis transports and one does not",interpretation,supporting,Interpretation must remain no stronger than the fixed-family outcomes and visible adverse evidence.,current manuscript evidence hierarchy,PENDING_REVIEWER_INFERENCE_CHECK,BOUNDED_INFERENCE,retain at current scope; revise or remove if independent check does not entail
AC-147,Results; source lines 144-144,The failed digit transport is visible in the underlying levels.,interpretation,supporting,Interpretation must remain no stronger than the fixed-family outcomes and visible adverse evidence.,current manuscript evidence hierarchy,PENDING_REVIEWER_INFERENCE_CHECK,BOUNDED_INFERENCE,retain at current scope; revise or remove if independent check does not entail
AC-148,Results; source lines 144-144,"The accessibility repair scores 0.9721 on the probe split, above the 0.965 target, but 0.9556 on the protected split.",empirical_result,supporting,Fixed-family descriptive evidence; no population prevalence or universal transfer claim.,"primary diagnostic receipt, independent reproduction, and reader-facing evidence table",PENDING_BLIND_COVERAGE,VERIFIED,retain at current scope; revise or remove if independent check does not entail
AC-149,Results; source lines 144-144,"No protected intervention reaches the target, so the protected disposition is indeterminate.",empirical_result,supporting,Fixed-family descriptive evidence; no population prevalence or universal transfer claim.,"primary diagnostic receipt, independent reproduction, and reader-facing evidence table",PENDING_BLIND_COVERAGE,VERIFIED,retain at current scope; revise or remove if independent check does not entail
AC-150,Results; source lines 144-144,Retuning the target after observing this split would change the scientific question and was not done,interpretation,supporting,Interpretation must remain no stronger than the fixed-family outcomes and visible adverse evidence.,current manuscript evidence hierarchy,PENDING_REVIEWER_INFERENCE_CHECK,BOUNDED_INFERENCE,retain at current scope; revise or remove if independent check does not entail
AC-151,Results; source lines 146-147,Corrected resource accounting,interpretation,supporting,Interpretation must remain no stronger than the fixed-family outcomes and visible adverse evidence.,current manuscript evidence hierarchy,PENDING_REVIEWER_INFERENCE_CHECK,BOUNDED_INFERENCE,retain at current scope; revise or remove if independent check does not entail
AC-152,Results; source lines 149-153,"For each arm we record a vector (I_sem,A_dim,A_transform,M_state,C_fit,C_infer,C_explicit), covering semantic input dimension, exposed dimension, deterministic transformation work, fitted state, fitting work, inference work, and explicit operations.",interpretation,supporting,Interpretation must remain no stronger than the fixed-family outcomes and visible adverse evidence.,current manuscript evidence hierarchy,PENDING_REVIEWER_INFERENCE_CHECK,BOUNDED_INFERENCE,retain at current scope; revise or remove if independent check does not entail
AC-153,Results; source lines 149-153,The coordinates use task-specific counts and are not scalarized.,interpretation,supporting,Interpretation must remain no stronger than the fixed-family outcomes and visible adverse evidence.,current manuscript evidence hierarchy,PENDING_REVIEWER_INFERENCE_CHECK,BOUNDED_INFERENCE,retain at current scope; revise or remove if independent check does not entail
AC-154,Results; source lines 149-153,"Re-deriving every decision after charging fitted scaler state, accessibility transforms, base readout touches, and support-vector inference preserves all five primary dispositions, the four-of-five diagnostic count, and the zero-versus-four false-compute count",empirical_result,headline,Fixed-family descriptive evidence; no population prevalence or universal transfer claim.,"primary diagnostic receipt, independent reproduction, and reader-facing evidence table",PENDING_BLIND_COVERAGE,VERIFIED,retain at current scope; revise or remove if independent check does not entail
AC-155,Results; source lines 155-155,The audit also prevents a misleading cost story.,interpretation,supporting,Interpretation must remain no stronger than the fixed-family outcomes and visible adverse evidence.,current manuscript evidence hierarchy,PENDING_REVIEWER_INFERENCE_CHECK,BOUNDED_INFERENCE,retain at current scope; revise or remove if independent check does not entail
AC-156,Results; source lines 155-155,"In the missing-pixels digit family, restoring the full 64-pixel representation and refitting the linear model has 69,834 counted non-semantic operations, while the scalar support-vector arm has 3,230.",empirical_result,supporting,Fixed-family descriptive evidence; no population prevalence or universal transfer claim.,corrected seven-coordinate resource ledger and independent checker,PENDING_BLIND_COVERAGE,VERIFIED,retain at current scope; revise or remove if independent check does not entail
AC-157,Results; source lines 155-155,Thus the registered selector ranks the information intervention below computation even though this particular aggregate of physical counts ranks it above.,interpretation,supporting,Interpretation must remain no stronger than the fixed-family outcomes and visible adverse evidence.,current manuscript evidence hierarchy,PENDING_REVIEWER_INFERENCE_CHECK,BOUNDED_INFERENCE,retain at current scope; revise or remove if independent check does not entail
AC-158,Results; source lines 155-155,"The registered units are a frozen decision convention, not an empirical exchange rate.",interpretation,supporting,Interpretation must remain no stronger than the fixed-family outcomes and visible adverse evidence.,current manuscript evidence hierarchy,PENDING_REVIEWER_INFERENCE_CHECK,BOUNDED_INFERENCE,retain at current scope; revise or remove if independent check does not entail
AC-159,Results; source lines 155-155,"Conversely, in the cubic-interface family the generic support-vector escalation uses 206,720 counted operations versus 69,898 for accessibility repair while still failing the target.",empirical_result,supporting,Fixed-family descriptive evidence; no population prevalence or universal transfer claim.,corrected seven-coordinate resource ledger and independent checker,PENDING_BLIND_COVERAGE,VERIFIED,retain at current scope; revise or remove if independent check does not entail
AC-160,Results; source lines 155-155,These two directions are both reported,interpretation,supporting,Interpretation must remain no stronger than the fixed-family outcomes and visible adverse evidence.,current manuscript evidence hierarchy,PENDING_REVIEWER_INFERENCE_CHECK,BOUNDED_INFERENCE,retain at current scope; revise or remove if independent check does not entail
AC-161,Results; source lines 157-157,"Across the ten probe/protected vector comparisons, no target-reaching arm strictly dominates the selected arm on all seven coordinates.",interpretation,supporting,Interpretation must remain no stronger than the fixed-family outcomes and visible adverse evidence.,current manuscript evidence hierarchy,PENDING_REVIEWER_INFERENCE_CHECK,BOUNDED_INFERENCE,retain at current scope; revise or remove if independent check does not entail
AC-162,Results; source lines 157-157,"That statement is a finite audit of the registered families, not a general Pareto-optimality theorem",interpretation,supporting,Interpretation must remain no stronger than the fixed-family outcomes and visible adverse evidence.,current manuscript evidence hierarchy,PENDING_REVIEWER_INFERENCE_CHECK,BOUNDED_INFERENCE,retain at current scope; revise or remove if independent check does not entail
AC-163,Results; source lines 159-159,Real accessibility effects include a null,empirical_result,supporting,Fixed-family descriptive evidence; no population prevalence or universal transfer claim.,"primary diagnostic receipt, independent reproduction, and reader-facing evidence table",PENDING_BLIND_COVERAGE,VERIFIED,retain at current scope; revise or remove if independent check does not entail
AC-164,Results; source lines 161-161,The five-fold accessibility study holds semantic information fixed because the cubic transform is bijective and the inverse reconstructs the standardized features to floating-point roundoff.,interpretation,supporting,Interpretation must remain no stronger than the fixed-family outcomes and visible adverse evidence.,current manuscript evidence hierarchy,PENDING_REVIEWER_INFERENCE_CHECK,BOUNDED_INFERENCE,retain at current scope; revise or remove if independent check does not entail
AC-165,Results; source lines 161-161,"For breast-cancer data, mean linear accuracy is 0.98069 on the native representation and 0.94551 after the cubic transform, a gap of 0.03518",empirical_result,supporting,Fixed-family descriptive evidence; no population prevalence or universal transfer claim.,protected secondary-study receipts and execution ledger,PENDING_BLIND_COVERAGE,VERIFIED,retain at current scope; revise or remove if independent check does not entail
AC-166,Results; source lines 161-161,inverse repair returns to 0.98069.,empirical_result,supporting,Fixed-family descriptive evidence; no population prevalence or universal transfer claim.,protected secondary-study receipts and execution ledger,PENDING_BLIND_COVERAGE,VERIFIED,retain at current scope; revise or remove if independent check does not entail
AC-167,Results; source lines 161-161,"For digits, the corresponding values are 0.96995, 0.94602, and 0.96995, a gap of 0.02393.",empirical_result,supporting,Fixed-family descriptive evidence; no population prevalence or universal transfer claim.,"primary diagnostic receipt, independent reproduction, and reader-facing evidence table",PENDING_BLIND_COVERAGE,VERIFIED,retain at current scope; revise or remove if independent check does not entail
AC-168,Results; source lines 161-161,Wine is a null: the preregistered native-minus-cubic mean gap is -0.00016.,empirical_result,supporting,Fixed-family descriptive evidence; no population prevalence or universal transfer claim.,protected secondary-study receipts and execution ledger,PENDING_BLIND_COVERAGE,VERIFIED,retain at current scope; revise or remove if independent check does not entail
AC-169,Results; source lines 161-161,We therefore conclude only that an information-preserving interface can be load-bearing for a fixed access class on some datasets,interpretation,supporting,Interpretation must remain no stronger than the fixed-family outcomes and visible adverse evidence.,current manuscript evidence hierarchy,PENDING_REVIEWER_INFERENCE_CHECK,BOUNDED_INFERENCE,retain at current scope; revise or remove if independent check does not entail
AC-170,Results; source lines 163-163,Model-size and representation attacks are adverse,interpretation,supporting,Interpretation must remain no stronger than the fixed-family outcomes and visible adverse evidence.,current manuscript evidence hierarchy,PENDING_REVIEWER_INFERENCE_CHECK,BOUNDED_INFERENCE,retain at current scope; revise or remove if independent check does not entail
AC-171,Results; source lines 165-165,The protected Qwen2.5 size ladder does not support a monotone scaling benefit for the typed state relative to a same-information interface.,empirical_result,supporting,Fixed-family descriptive evidence; no population prevalence or universal transfer claim.,protected secondary-study receipts and execution ledger,PENDING_BLIND_COVERAGE,VERIFIED,retain at current scope; revise or remove if independent check does not entail
AC-172,Results; source lines 165-165,"At the primary budget, the measured differences are -0.140625 at 0.5B parameters and 0 at both 1.5B and 3B.",empirical_result,supporting,Fixed-family descriptive evidence; no population prevalence or universal transfer claim.,"primary diagnostic receipt, independent reproduction, and reader-facing evidence table",PENDING_BLIND_COVERAGE,VERIFIED,retain at current scope; revise or remove if independent check does not entail
AC-173,Results; source lines 165-165,A positive difference at every size and a positive largest-model bootstrap lower bound were both predeclared requirements,interpretation,supporting,Interpretation must remain no stronger than the fixed-family outcomes and visible adverse evidence.,current manuscript evidence hierarchy,PENDING_REVIEWER_INFERENCE_CHECK,BOUNDED_INFERENCE,retain at current scope; revise or remove if independent check does not entail
AC-174,Results; source lines 165-165,This result does not imply that scaling is generally ineffective.,interpretation,supporting,Interpretation must remain no stronger than the fixed-family outcomes and visible adverse evidence.,current manuscript evidence hierarchy,PENDING_REVIEWER_INFERENCE_CHECK,BOUNDED_INFERENCE,retain at current scope; revise or remove if independent check does not entail
AC-175,Results; source lines 165-165,"It excludes the registered monotone claim for these models, tasks, and budget",interpretation,supporting,Interpretation must remain no stronger than the fixed-family outcomes and visible adverse evidence.,current manuscript evidence hierarchy,PENDING_REVIEWER_INFERENCE_CHECK,BOUNDED_INFERENCE,retain at current scope; revise or remove if independent check does not entail
AC-176,Results; source lines 167-167,An older held-out procedural comparison used relational features and a same-information serialized bag.,interpretation,supporting,Interpretation must remain no stronger than the fixed-family outcomes and visible adverse evidence.,current manuscript evidence hierarchy,PENDING_REVIEWER_INFERENCE_CHECK,BOUNDED_INFERENCE,retain at current scope; revise or remove if independent check does not entail
AC-177,Results; source lines 167-167,"A bijection over 220 semantic atoms preserves all 512 labels and the information content of the serialized arm, yet changes 32 of its 128 protected predictions and moves accuracy from 0.75 to 0.50.",empirical_result,supporting,Fixed-family descriptive evidence; no population prevalence or universal transfer claim.,hostile representation audit and bound protected predictions,PENDING_BLIND_COVERAGE,VERIFIED,retain at current scope; revise or remove if independent check does not entail
AC-178,Results; source lines 167-167,The relational and untyped structural arms are invariant under the same transform.,interpretation,supporting,Interpretation must remain no stronger than the fixed-family outcomes and visible adverse evidence.,current manuscript evidence hierarchy,PENDING_REVIEWER_INFERENCE_CHECK,BOUNDED_INFERENCE,retain at current scope; revise or remove if independent check does not entail
AC-179,Results; source lines 167-167,The serialized margin is therefore withdrawn as a representation advantage: its value depends on the minted symbols.,interpretation,supporting,Interpretation must remain no stronger than the fixed-family outcomes and visible adverse evidence.,current manuscript evidence hierarchy,PENDING_REVIEWER_INFERENCE_CHECK,BOUNDED_INFERENCE,retain at current scope; revise or remove if independent check does not entail
AC-180,Results; source lines 167-167,This hostile result motivated the present emphasis on failure location rather than representation ranking,interpretation,supporting,Interpretation must remain no stronger than the fixed-family outcomes and visible adverse evidence.,current manuscript evidence hierarchy,PENDING_REVIEWER_INFERENCE_CHECK,BOUNDED_INFERENCE,retain at current scope; revise or remove if independent check does not entail
AC-181,Results; source lines 169-169,Follow-up transport does not replace the primary result,interpretation,supporting,Interpretation must remain no stronger than the fixed-family outcomes and visible adverse evidence.,current manuscript evidence hierarchy,PENDING_REVIEWER_INFERENCE_CHECK,BOUNDED_INFERENCE,retain at current scope; revise or remove if independent check does not entail
AC-182,Results; source lines 171-171,"The 24-redraw follow-up makes the full-sample probe and protected dispositions agree in all five families, including an indeterminate disposition for cubic-interface digits.",empirical_result,supporting,Fixed-family descriptive evidence; no population prevalence or universal transfer claim.,transport follow-up receipt and per-partition evidence,PENDING_BLIND_COVERAGE,VERIFIED,retain at current scope; revise or remove if independent check does not entail
AC-183,Results; source lines 171-171,"However, the two protected half-samples straddle the 0.965 target for that family, so the predeclared half-sample stability gate fails.",interpretation,supporting,Interpretation must remain no stronger than the fixed-family outcomes and visible adverse evidence.,current manuscript evidence hierarchy,PENDING_REVIEWER_INFERENCE_CHECK,BOUNDED_INFERENCE,retain at current scope; revise or remove if independent check does not entail
AC-184,Results; source lines 171-171,"The pooled repaired-arm level is approximately 0.964, only about 0.0006 below the target and small relative to its sampling uncertainty.",empirical_result,supporting,Fixed-family descriptive evidence; no population prevalence or universal transfer claim.,transport follow-up receipt and per-partition evidence,PENDING_BLIND_COVERAGE,VERIFIED,retain at current scope; revise or remove if independent check does not entail
AC-185,Results; source lines 171-171,We treat the cell as genuinely unresolved at this dataset size and retain the primary four-of-five headline,empirical_result,headline,Fixed-family descriptive evidence; no population prevalence or universal transfer claim.,"primary diagnostic receipt, independent reproduction, and reader-facing evidence table",PENDING_BLIND_COVERAGE,VERIFIED,retain at current scope; revise or remove if independent check does not entail
AC-186,Discussion; source lines 175-175,"The evidence supports a practical ordering: test for missing information, then test whether information-preserving access repair changes the outcome, and only then interpret additional computation as the targeted remedy.",interpretation,supporting,Interpretation must remain no stronger than the fixed-family outcomes and visible adverse evidence.,current manuscript evidence hierarchy,PENDING_REVIEWER_INFERENCE_CHECK,BOUNDED_INFERENCE,retain at current scope; revise or remove if independent check does not entail
AC-187,Discussion; source lines 175-175,"On the five registered families, this ordering avoids four compute escalations that the generic policy would make.",empirical_result,supporting,Fixed-family descriptive evidence; no population prevalence or universal transfer claim.,"primary diagnostic receipt, independent reproduction, and reader-facing evidence table",PENDING_BLIND_COVERAGE,VERIFIED,retain at current scope; revise or remove if independent check does not entail
AC-188,Discussion; source lines 175-175,The result is not that computation is unimportant,interpretation,supporting,Interpretation must remain no stronger than the fixed-family outcomes and visible adverse evidence.,current manuscript evidence hierarchy,PENDING_REVIEWER_INFERENCE_CHECK,BOUNDED_INFERENCE,retain at current scope; revise or remove if independent check does not entail
AC-189,Discussion; source lines 175-175,"the affine-composition family requires it, and the generic policy is correct there.",empirical_result,supporting,Fixed-family descriptive evidence; no population prevalence or universal transfer claim.,"primary diagnostic receipt, independent reproduction, and reader-facing evidence table",PENDING_BLIND_COVERAGE,VERIFIED,retain at current scope; revise or remove if independent check does not entail
AC-190,Discussion; source lines 175-175,"The result is that compute is one causal intervention among several, not a diagnosis by itself",interpretation,supporting,Interpretation must remain no stronger than the fixed-family outcomes and visible adverse evidence.,current manuscript evidence hierarchy,PENDING_REVIEWER_INFERENCE_CHECK,BOUNDED_INFERENCE,retain at current scope; revise or remove if independent check does not entail
AC-191,Discussion; source lines 177-177,The protected indeterminate cell is scientifically useful.,interpretation,supporting,Interpretation must remain no stronger than the fixed-family outcomes and visible adverse evidence.,current manuscript evidence hierarchy,PENDING_REVIEWER_INFERENCE_CHECK,BOUNDED_INFERENCE,retain at current scope; revise or remove if independent check does not entail
AC-192,Discussion; source lines 177-177,It shows why a causal intervention effect and a deployable decision threshold are different objects.,interpretation,supporting,Interpretation must remain no stronger than the fixed-family outcomes and visible adverse evidence.,current manuscript evidence hierarchy,PENDING_REVIEWER_INFERENCE_CHECK,BOUNDED_INFERENCE,retain at current scope; revise or remove if independent check does not entail
AC-193,Discussion; source lines 177-177,"The cube-root repair is exact, and it raises digit accuracy, but the fixed target does not transport reliably.",interpretation,supporting,Interpretation must remain no stronger than the fixed-family outcomes and visible adverse evidence.,current manuscript evidence hierarchy,PENDING_REVIEWER_INFERENCE_CHECK,BOUNDED_INFERENCE,retain at current scope; revise or remove if independent check does not entail
AC-194,Discussion; source lines 177-177,A method that always emits one of three causal labels would hide this distinction.,interpretation,supporting,Interpretation must remain no stronger than the fixed-family outcomes and visible adverse evidence.,current manuscript evidence hierarchy,PENDING_REVIEWER_INFERENCE_CHECK,BOUNDED_INFERENCE,retain at current scope; revise or remove if independent check does not entail
AC-195,Discussion; source lines 177-177,"Here, withholding a diagnosis preserves the predeclared evidence boundary",interpretation,supporting,Interpretation must remain no stronger than the fixed-family outcomes and visible adverse evidence.,current manuscript evidence hierarchy,PENDING_REVIEWER_INFERENCE_CHECK,BOUNDED_INFERENCE,retain at current scope; revise or remove if independent check does not entail
AC-196,Discussion; source lines 179-179,Vector accounting changes interpretation without changing the headline count.,interpretation,supporting,Interpretation must remain no stronger than the fixed-family outcomes and visible adverse evidence.,current manuscript evidence hierarchy,PENDING_REVIEWER_INFERENCE_CHECK,BOUNDED_INFERENCE,retain at current scope; revise or remove if independent check does not entail
AC-197,Discussion; source lines 179-179,"The finite audit shows that no selected intervention was coordinate-wise dominated, but it also shows that the registered cost order can disagree with measured work.",interpretation,supporting,Interpretation must remain no stronger than the fixed-family outcomes and visible adverse evidence.,current manuscript evidence hierarchy,PENDING_REVIEWER_INFERENCE_CHECK,BOUNDED_INFERENCE,retain at current scope; revise or remove if independent check does not entail
AC-198,Discussion; source lines 179-179,"Future use in deployment would require an application-specific utility model over latency, memory, fitting, inference, energy, and information acquisition.",interpretation,supporting,Interpretation must remain no stronger than the fixed-family outcomes and visible adverse evidence.,current manuscript evidence hierarchy,PENDING_REVIEWER_INFERENCE_CHECK,BOUNDED_INFERENCE,retain at current scope; revise or remove if independent check does not entail
AC-199,Discussion; source lines 179-179,We intentionally do not infer such a model from five heterogeneous families,interpretation,supporting,Interpretation must remain no stronger than the fixed-family outcomes and visible adverse evidence.,current manuscript evidence hierarchy,PENDING_REVIEWER_INFERENCE_CHECK,BOUNDED_INFERENCE,retain at current scope; revise or remove if independent check does not entail
AC-200,Discussion; source lines 181-181,The secondary evidence blocks three tempting generalizations.,interpretation,supporting,Interpretation must remain no stronger than the fixed-family outcomes and visible adverse evidence.,current manuscript evidence hierarchy,PENDING_REVIEWER_INFERENCE_CHECK,BOUNDED_INFERENCE,retain at current scope; revise or remove if independent check does not entail
AC-201,Discussion; source lines 181-181,The Wine null rules out a universal real-dataset accessibility effect.,empirical_result,supporting,Fixed-family descriptive evidence; no population prevalence or universal transfer claim.,protected secondary-study receipts and execution ledger,PENDING_BLIND_COVERAGE,VERIFIED,retain at current scope; revise or remove if independent check does not entail
AC-202,Discussion; source lines 181-181,The Qwen2.5 negative rules out the registered monotone model-size claim.,empirical_result,supporting,Fixed-family descriptive evidence; no population prevalence or universal transfer claim.,protected secondary-study receipts and execution ledger,PENDING_BLIND_COVERAGE,VERIFIED,retain at current scope; revise or remove if independent check does not entail
AC-203,Discussion; source lines 181-181,Symbol reminting invalidates the older same-information serialization margin.,interpretation,supporting,Interpretation must remain no stronger than the fixed-family outcomes and visible adverse evidence.,current manuscript evidence hierarchy,PENDING_REVIEWER_INFERENCE_CHECK,BOUNDED_INFERENCE,retain at current scope; revise or remove if independent check does not entail
AC-204,Discussion; source lines 181-181,These are not side notes: each removes a route by which a bounded diagnostic could otherwise be overstated,interpretation,supporting,Interpretation must remain no stronger than the fixed-family outcomes and visible adverse evidence.,current manuscript evidence hierarchy,PENDING_REVIEWER_INFERENCE_CHECK,BOUNDED_INFERENCE,retain at current scope; revise or remove if independent check does not entail
AC-205,Limitations; source lines 185-185,The primary denominator is five fixed families across one bundled real dataset and three exact executable constructions.,interpretation,supporting,Limitation or anti-generalization statement; release requires it to remain at least this strong.,current manuscript evidence hierarchy and adverse-result ledger,PENDING_REVIEWER_INFERENCE_CHECK,BOUNDED_INFERENCE,retain at current scope; revise or remove if independent check does not entail
AC-206,Limitations; source lines 185-185,"Families, not individual examples, are the comparison units, so four of five is not an estimate of prevalence.",interpretation,headline,Limitation or anti-generalization statement; release requires it to remain at least this strong.,current manuscript evidence hierarchy and adverse-result ledger,PENDING_REVIEWER_INFERENCE_CHECK,BOUNDED_INFERENCE,retain at current scope; revise or remove if independent check does not entail
AC-207,Limitations; source lines 185-185,The exact tasks were designed to make one failure location decisive,interpretation,supporting,Limitation or anti-generalization statement; release requires it to remain at least this strong.,current manuscript evidence hierarchy and adverse-result ledger,PENDING_REVIEWER_INFERENCE_CHECK,BOUNDED_INFERENCE,retain at current scope; revise or remove if independent check does not entail
AC-208,Limitations; source lines 185-185,"deployed systems may have interacting constraints, distribution shift, data acquisition cost, safety constraints, or failure classes outside information, accessibility, and computation",interpretation,supporting,Limitation or anti-generalization statement; release requires it to remain at least this strong.,current manuscript evidence hierarchy and adverse-result ledger,PENDING_REVIEWER_INFERENCE_CHECK,BOUNDED_INFERENCE,retain at current scope; revise or remove if independent check does not entail
AC-209,Limitations; source lines 187-187,The generic comparator is intentionally minimal.,interpretation,supporting,Limitation or anti-generalization statement; release requires it to remain at least this strong.,current manuscript evidence hierarchy and adverse-result ledger,PENDING_REVIEWER_INFERENCE_CHECK,BOUNDED_INFERENCE,retain at current scope; revise or remove if independent check does not entail
AC-210,Limitations; source lines 187-187,Strong adaptive-compute systems can allocate effort more intelligently than always escalating computation.,interpretation,supporting,Limitation or anti-generalization statement; release requires it to remain at least this strong.,current manuscript evidence hierarchy and adverse-result ledger,PENDING_REVIEWER_INFERENCE_CHECK,BOUNDED_INFERENCE,retain at current scope; revise or remove if independent check does not entail
AC-211,Limitations; source lines 187-187,Evaluating such policies would require matched access to the same information and intervention menu.,interpretation,supporting,Limitation or anti-generalization statement; release requires it to remain at least this strong.,current manuscript evidence hierarchy and adverse-result ledger,PENDING_REVIEWER_INFERENCE_CHECK,BOUNDED_INFERENCE,retain at current scope; revise or remove if independent check does not entail
AC-212,Limitations; source lines 187-187,"The present result shows that an unconditional compute heuristic can be causally misdirected, not that every modern test-time scaling method is inferior",interpretation,supporting,Limitation or anti-generalization statement; release requires it to remain at least this strong.,current manuscript evidence hierarchy and adverse-result ledger,PENDING_REVIEWER_INFERENCE_CHECK,BOUNDED_INFERENCE,retain at current scope; revise or remove if independent check does not entail
AC-213,Limitations; source lines 189-189,The real-data accessibility study uses three small bundled datasets and a fixed linear access class.,interpretation,supporting,Limitation or anti-generalization statement; release requires it to remain at least this strong.,current manuscript evidence hierarchy and adverse-result ledger,PENDING_REVIEWER_INFERENCE_CHECK,BOUNDED_INFERENCE,retain at current scope; revise or remove if independent check does not entail
AC-214,Limitations; source lines 189-189,"Its folds are technical repeats, not independent datasets.",interpretation,supporting,Limitation or anti-generalization statement; release requires it to remain at least this strong.,current manuscript evidence hierarchy and adverse-result ledger,PENDING_REVIEWER_INFERENCE_CHECK,BOUNDED_INFERENCE,retain at current scope; revise or remove if independent check does not entail
AC-215,Limitations; source lines 189-189,The Qwen2.5 study uses three quantized sizes under one frozen task and budget family.,interpretation,supporting,Limitation or anti-generalization statement; release requires it to remain at least this strong.,current manuscript evidence hierarchy and adverse-result ledger,PENDING_REVIEWER_INFERENCE_CHECK,BOUNDED_INFERENCE,retain at current scope; revise or remove if independent check does not entail
AC-216,Limitations; source lines 189-189,Neither supplies broad external transfer.,interpretation,supporting,Limitation or anti-generalization statement; release requires it to remain at least this strong.,current manuscript evidence hierarchy and adverse-result ledger,PENDING_REVIEWER_INFERENCE_CHECK,BOUNDED_INFERENCE,retain at current scope; revise or remove if independent check does not entail
AC-217,Limitations; source lines 189-189,The procedural reminting audit is post-outcome and withdraws a claim,interpretation,supporting,Limitation or anti-generalization statement; release requires it to remain at least this strong.,current manuscript evidence hierarchy and adverse-result ledger,PENDING_REVIEWER_INFERENCE_CHECK,BOUNDED_INFERENCE,retain at current scope; revise or remove if independent check does not entail
AC-218,Limitations; source lines 189-189,it does not create a new positive one,interpretation,supporting,Limitation or anti-generalization statement; release requires it to remain at least this strong.,current manuscript evidence hierarchy and adverse-result ledger,PENDING_REVIEWER_INFERENCE_CHECK,BOUNDED_INFERENCE,retain at current scope; revise or remove if independent check does not entail
AC-219,Limitations; source lines 191-191,"Finally, the resource coordinates mix dimensions and operation counts.",interpretation,supporting,Limitation or anti-generalization statement; release requires it to remain at least this strong.,current manuscript evidence hierarchy and adverse-result ledger,PENDING_REVIEWER_INFERENCE_CHECK,BOUNDED_INFERENCE,retain at current scope; revise or remove if independent check does not entail
AC-220,Limitations; source lines 191-191,They improve disclosure but do not define an exchange rate.,interpretation,supporting,Limitation or anti-generalization statement; release requires it to remain at least this strong.,current manuscript evidence hierarchy and adverse-result ledger,PENDING_REVIEWER_INFERENCE_CHECK,BOUNDED_INFERENCE,retain at current scope; revise or remove if independent check does not entail
AC-221,Limitations; source lines 191-191,Registered selection costs are part of the prospective rule and should not be interpreted as measured physical costs,interpretation,supporting,Limitation or anti-generalization statement; release requires it to remain at least this strong.,current manuscript evidence hierarchy and adverse-result ledger,PENDING_REVIEWER_INFERENCE_CHECK,BOUNDED_INFERENCE,retain at current scope; revise or remove if independent check does not entail
AC-222,Reproducibility and availability; source lines 195-195,"The anonymous review materials include a reader-facing table for every primary family, the corrected resource vectors used in the matched comparison, the secondary positive, null, negative, and indeterminate outcomes, and a standard-library verifier.",availability_or_compliance,supporting,Anonymous-review availability only; public archive deposition remains a human publication action.,journal_package/wave1_current plus deterministic package verifier,PENDING_BLIND_COVERAGE,VERIFIED,retain at current scope; revise or remove if independent check does not entail
AC-223,Reproducibility and availability; source lines 195-195,"The verifier recomputes the aggregate diagnostic counts, false compute escalations, target attainment, resource-accounting survival checks, and adverse-result presence from those tables.",availability_or_compliance,headline,Anonymous-review availability only; public archive deposition remains a human publication action.,journal_package/wave1_current plus deterministic package verifier,PENDING_BLIND_COVERAGE,VERIFIED,retain at current scope; revise or remove if independent check does not entail
AC-224,Reproducibility and availability; source lines 195-195,It does not depend on the code that generated the original experiments,availability_or_compliance,supporting,Anonymous-review availability only; public archive deposition remains a human publication action.,journal_package/wave1_current plus deterministic package verifier,PENDING_BLIND_COVERAGE,VERIFIED,retain at current scope; revise or remove if independent check does not entail
AC-225,Reproducibility and availability; source lines 197-197,"The source archive accompanying the submission contains the complete anonymous manuscript source, bibliography, and journal style.",availability_or_compliance,supporting,Anonymous-review availability only; public archive deposition remains a human publication action.,journal_package/wave1_current plus deterministic package verifier,PENDING_BLIND_COVERAGE,VERIFIED,retain at current scope; revise or remove if independent check does not entail
AC-226,Reproducibility and availability; source lines 197-197,The review materials contain no private development history or author-identifying metadata.,availability_or_compliance,supporting,Anonymous-review availability only; public archive deposition remains a human publication action.,journal_package/wave1_current plus deterministic package verifier,PENDING_BLIND_COVERAGE,VERIFIED,retain at current scope; revise or remove if independent check does not entail
AC-227,Reproducibility and availability; source lines 197-197,The original protected records and full execution provenance will be deposited with the public research artifact after peer review,availability_or_compliance,supporting,Anonymous-review availability only; public archive deposition remains a human publication action.,journal_package/wave1_current plus deterministic package verifier,PENDING_BLIND_COVERAGE,VERIFIED,retain at current scope; revise or remove if independent check does not entail
AC-228,Reproducibility and availability; source lines 197-197,the anonymous package is sufficient to inspect every number and disposition reported here,availability_or_compliance,supporting,Anonymous-review availability only; public archive deposition remains a human publication action.,journal_package/wave1_current plus deterministic package verifier,PENDING_BLIND_COVERAGE,VERIFIED,retain at current scope; revise or remove if independent check does not entail
AC-229,Conclusion; source lines 201-201,Poor performance is not a causal diagnosis.,interpretation,supporting,Interpretation must remain no stronger than the fixed-family outcomes and visible adverse evidence.,current manuscript evidence hierarchy,PENDING_REVIEWER_INFERENCE_CHECK,BOUNDED_INFERENCE,retain at current scope; revise or remove if independent check does not entail
AC-230,Conclusion; source lines 201-201,"Across five fixed learning and executable task families, a prospective information--accessibility--computation diagnostic agrees with four protected dispositions, versus one for generic compute escalation, while avoiding four false compute escalations.",empirical_result,headline,Fixed-family descriptive evidence; no population prevalence or universal transfer claim.,"primary diagnostic receipt, independent reproduction, and reader-facing evidence table",PENDING_BLIND_COVERAGE,VERIFIED,retain at current scope; revise or remove if independent check does not entail
AC-231,Conclusion; source lines 201-201,The fifth family remains indeterminate because its accessibility threshold does not transport.,interpretation,supporting,Interpretation must remain no stronger than the fixed-family outcomes and visible adverse evidence.,current manuscript evidence hierarchy,PENDING_REVIEWER_INFERENCE_CHECK,BOUNDED_INFERENCE,retain at current scope; revise or remove if independent check does not entail
AC-232,Conclusion; source lines 201-201,Corrected resource accounting preserves the result but rejects a universal cost interpretation.,interpretation,supporting,Interpretation must remain no stronger than the fixed-family outcomes and visible adverse evidence.,current manuscript evidence hierarchy,PENDING_REVIEWER_INFERENCE_CHECK,BOUNDED_INFERENCE,retain at current scope; revise or remove if independent check does not entail
AC-233,Conclusion; source lines 201-201,"A real-data null, a protected model-scaling negative, a hostile serialization failure, and an unstable follow-up gate remain visible.",empirical_result,supporting,Fixed-family descriptive evidence; no population prevalence or universal transfer claim.,"primary diagnostic receipt, independent reproduction, and reader-facing evidence table",PENDING_BLIND_COVERAGE,VERIFIED,retain at current scope; revise or remove if independent check does not entail
AC-234,Conclusion; source lines 201-201,"The defensible conclusion is therefore bounded: locate the missing resource before spending more compute, and withhold the diagnosis when the registered discriminator does not transport",interpretation,supporting,Interpretation must remain no stronger than the fixed-family outcomes and visible adverse evidence.,current manuscript evidence hierarchy,PENDING_REVIEWER_INFERENCE_CHECK,BOUNDED_INFERENCE,retain at current scope; revise or remove if independent check does not entail
AC-235,Table 1,Digits with a cubic interface: probe accessibility; protected no qualifying intervention; generic computation; diagnostic incorrect.,figure_or_table,headline,Fixed-family descriptive result.,reader-facing evidence table and primary independent receipt,PENDING_BLIND_COVERAGE,VERIFIED,retain at current scope
AC-236,Table 1,Digits with missing pixels: probe information; protected information; generic computation; diagnostic correct.,figure_or_table,headline,Fixed-family descriptive result.,reader-facing evidence table and primary independent receipt,PENDING_BLIND_COVERAGE,VERIFIED,retain at current scope
AC-237,Table 1,Hidden-bit parity: probe information; protected information; generic computation; diagnostic correct.,figure_or_table,headline,Fixed-family descriptive result.,reader-facing evidence table and primary independent receipt,PENDING_BLIND_COVERAGE,VERIFIED,retain at current scope
AC-238,Table 1,Reversibly encoded Boolean state: probe accessibility; protected accessibility; generic computation; diagnostic correct.,figure_or_table,headline,Fixed-family descriptive result.,reader-facing evidence table and primary independent receipt,PENDING_BLIND_COVERAGE,VERIFIED,retain at current scope
AC-239,Table 1,Affine-map composition: probe computation; protected computation; generic computation; diagnostic correct.,figure_or_table,headline,Fixed-family descriptive result.,reader-facing evidence table and primary independent receipt,PENDING_BLIND_COVERAGE,VERIFIED,retain at current scope
AC-240,Table 1,The table total is four correct diagnostic dispositions among five fixed families.,figure_or_table,headline,Fixed-family descriptive result.,reader-facing evidence table and primary independent receipt,PENDING_BLIND_COVERAGE,VERIFIED,retain at current scope
